사고번호,사고일시,요일,시군구,사고내용,사망자수,중상자수,경상자수,부상신고자수,사고유형,법규위반,노면상태,기상상태,도로형태,가해운전자 차종,가해운전자 성별,가해운전자 연령,가해운전자 상해정도,피해운전자 차종,피해운전자 성별,피해운전자 연령,피해운전자 상해정도
2016012100100523,2016년 1월 21일 22시,목요일,광주광역시 광산구 하남동,경상사고,0,0,2,0,차대차 - 정면충돌,안전거리미확보,적설,흐림,교차로 - 교차로부근,승용,남,53세,상해없음,승용,남,61세,경상
2016012100100544,2016년 1월 21일 23시,목요일,광주광역시 광산구 신가동,경상사고,0,0,1,0,차대차 - 측면직각충돌,안전운전불이행,건조,맑음,단일로 - 기타,승용,남,35세,상해없음,승용,여,50세,경상
2016012200100015,2016년 1월 22일 00시,금요일,광주광역시 남구 월산동,경상사고,0,0,2,0,차대차 - 추돌,안전운전불이행,건조,맑음,단일로 - 기타,승용,남,34세,상해없음,승용,남,44세,경상
2016012200100030,2016년 1월 22일 01시,금요일,광주광역시 서구 금호동,경상사고,0,0,1,0,차대차 - 정면충돌,안전운전불이행,결빙,맑음,교차로 - 교차로부근,승용,남,44세,상해없음,승용,남,18세,상해없음
2016012200100031,2016년 1월 22일 01시,금요일,광주광역시 서구 금호동,경상사고,0,0,1,0,차대사람 - 차도통행중,안전운전불이행,결빙,맑음,단일로 - 기타,승용,남,44세,상해없음,보행자,남,50세,경상
2016012200100054,2016년 1월 22일 04시,금요일,광주광역시 서구 유촌동,경상사고,0,0,1,0,차대차 - 추돌,안전운전불이행,건조,맑음,단일로 - 기타,승용,남,37세,경상,화물,남,64세,기타불명
2016012200100084,2016년 1월 22일 06시,금요일,광주광역시 동구 산수동,중상사고,0,1,0,0,차대차 - 기타,안전운전불이행,건조,맑음,교차로 - 교차로안,승합,남,42세,상해없음,자전거,남,66세,중상
2016012200100143,2016년 1월 22일 08시,금요일,광주광역시 광산구 안청동,경상사고,0,0,1,0,차대차 - 추돌,교차로운행방법위반,건조,맑음,교차로 - 교차로안,승용,남,78세,상해없음,화물,남,41세,경상
2016012200100203,2016년 1월 22일 10시,금요일,광주광역시 북구 북동,경상사고,0,0,1,0,차대사람 - 횡단중,안전운전불이행,결빙,흐림,교차로 - 교차로부근,승용,남,61세,상해없음,보행자,여,40세,경상
2016012200100255,2016년 1월 22일 12시,금요일,광주광역시 북구 누문동,중상사고,0,1,0,0,차대사람 - 기타,안전운전불이행,건조,맑음,단일로 - 기타,승합,남,55세,상해없음,보행자,여,65세,중상
2016012200100316,2016년 1월 22일 14시,금요일,광주광역시 서구 금호동,경상사고,0,0,1,0,차대사람 - 기타,기타,건조,맑음,단일로 - 기타,승용,여,50세,상해없음,보행자,여,8세,경상
2016012200100317,2016년 1월 22일 14시,금요일,광주광역시 북구 용봉동,경상사고,0,0,1,0,차대차 - 측면직각충돌,교차로운행방법위반,결빙,눈,교차로 - 교차로안,화물,남,64세,상해없음,승용,여,52세,상해없음
2016012200100405,2016년 1월 22일 17시,금요일,광주광역시 서구 농성동,경상사고,0,0,1,0,차대사람 - 횡단중,기타,건조,기타,단일로 - 기타,이륜,남,45세,상해없음,보행자,남,69세,경상
2016012200100406,2016년 1월 22일 17시,금요일,광주광역시 광산구 수완동,경상사고,0,0,2,0,차대차 - 측면직각충돌,안전거리미확보,건조,맑음,단일로 - 기타,승용,여,48세,경상,승용,남,55세,경상
2016012200100461,2016년 1월 22일 18시,금요일,광주광역시 서구 마륵동,경상사고,0,0,2,0,차대차 - 측면직각충돌,신호위반,건조,맑음,교차로 - 교차로부근,승용,남,61세,경상,승용,남,52세,경상
2016012200100499,2016년 1월 22일 19시,금요일,광주광역시 북구 양산동,경상사고,0,0,1,0,차대사람 - 횡단중,보행자보호의무위반,건조,맑음,단일로 - 횡단보도상,화물,남,55세,상해없음,보행자,남,54세,경상
2016012200100522,2016년 1월 22일 20시,금요일,광주광역시 서구 치평동,경상사고,0,0,2,0,차대차 - 정면충돌,안전운전불이행,결빙,기타,단일로 - 기타,승용,남,23세,상해없음,승용,남,36세,경상
2016012200100523,2016년 1월 22일 20시,금요일,광주광역시 광산구 쌍암동,경상사고,0,0,2,0,차대차 - 정면충돌,신호위반,건조,맑음,교차로 - 교차로안,이륜,남,32세,경상,승용,남,48세,경상
2016012200100584,2016년 1월 22일 22시,금요일,광주광역시 서구 화정동,부상신고사고,0,0,0,1,차대사람 - 기타,안전운전불이행,결빙,맑음,단일로 - 기타,기타불명,기타불명,기타불명,기타불명,보행자,여,30세,부상신고
2016012200100585,2016년 1월 22일 22시,금요일,광주광역시 서구 유촌동,경상사고,0,0,1,0,차대사람 - 기타,안전운전불이행,건조,맑음,단일로 - 기타,승용,남,33세,상해없음,보행자,남,38세,경상
2016012200100586,2016년 1월 22일 22시,금요일,광주광역시 남구 진월동,경상사고,0,0,1,0,차대사람 - 차도통행중,중앙선침범,습기,흐림,단일로 - 기타,승용,여,43세,상해없음,보행자,남,22세,경상
2016012300100070,2016년 1월 23일 03시,토요일,광주광역시 북구 운암동,중상사고,0,3,3,0,차대차 - 정면충돌,중앙선침범,건조,맑음,미분류 - 미분류,승용,남,29세,기타불명,승용,여,50세,경상
2016012300100119,2016년 1월 23일 08시,토요일,광주광역시 북구 우산동,경상사고,0,0,1,0,차대사람 - 기타,안전운전불이행,건조,맑음,단일로 - 기타,승합,남,57세,상해없음,보행자,남,41세,경상
2016012300100134,2016년 1월 23일 09시,토요일,광주광역시 광산구 월곡동,경상사고,0,0,1,0,차대차 - 측면충돌,신호위반,건조,맑음,교차로 - 교차로부근,원동기,남,28세,경상,승용,남,54세,상해없음
2016012300100161,2016년 1월 23일 10시,토요일,광주광역시 북구 유동,경상사고,0,0,1,0,차대차 - 측면직각충돌,교차로운행방법위반,결빙,눈,교차로 - 교차로안,승용,남,21세,상해없음,승합,여,55세,경상
2016012300100301,2016년 1월 23일 15시,토요일,광주광역시 북구 일곡동,경상사고,0,0,2,0,차대차 - 측면직각충돌,교차로운행방법위반,건조,맑음,교차로 - 교차로안,화물,남,60세,상해없음,승용,남,36세,경상
2016012300100322,2016년 1월 23일 16시,토요일,광주광역시 광산구 신가동,경상사고,0,0,1,0,차대차 - 측면충돌,안전운전불이행,결빙,눈,단일로 - 기타,화물,남,45세,상해없음,승용,여,52세,경상
2016012300100346,2016년 1월 23일 17시,토요일,광주광역시 남구 양림동,경상사고,0,0,1,0,차대사람 - 보도통행중,안전운전불이행,결빙,눈,교차로 - 교차로부근,기타불명,기타불명,기타불명,기타불명,보행자,남,81세,경상
2016012300100347,2016년 1월 23일 17시,토요일,광주광역시 북구 두암동,경상사고,0,0,1,0,차대차 - 측면충돌,안전거리미확보,습기,눈,단일로 - 기타,승용,남,44세,상해없음,승용,남,34세,경상
2016012300100417,2016년 1월 23일 19시,토요일,광주광역시 동구 금남로4가,중상사고,0,1,0,0,차대사람 - 기타,안전운전불이행,적설,흐림,기타 - 기타,승용,남,71세,상해없음,보행자,여,62세,중상
2016012300100441,2016년 1월 23일 20시,토요일,광주광역시 북구 두암동,경상사고,0,0,1,0,차대차 - 기타,안전운전불이행,적설,눈,단일로 - 기타,승합,남,57세,상해없음,이륜,남,19세,경상
2016012300100442,2016년 1월 23일 20시,토요일,광주광역시 광산구 신가동,경상사고,0,0,4,0,차대차 - 추돌,안전운전불이행,적설,눈,교차로 - 교차로부근,승용,남,47세,상해없음,승용,남,48세,경상
2016012300100466,2016년 1월 23일 21시,토요일,광주광역시 동구 학동,중상사고,0,1,0,1,차대차 - 측면충돌,신호위반,적설,눈,교차로 - 교차로안,승용,남,60세,부상신고,승용,여,59세,중상
2016012300100467,2016년 1월 23일 21시,토요일,광주광역시 광산구 서봉동,경상사고,0,0,1,0,차량단독 - 공작물충돌,안전운전불이행,건조,맑음,단일로 - 기타,승용,남,68세,상해없음,,,,
2016012300100487,2016년 1월 23일 22시,토요일,광주광역시 남구 월산동,경상사고,0,0,1,0,차대차 - 추돌,불법유턴,결빙,눈,단일로 - 기타,승용,남,45세,상해없음,승용,남,56세,경상
2016012300100488,2016년 1월 23일 22시,토요일,광주광역시 남구 송하동,경상사고,0,0,1,0,차대차 - 측면직각충돌,안전운전불이행,적설,눈,단일로 - 기타,승용,남,26세,상해없음,승용,남,28세,경상
2016012300100489,2016년 1월 23일 22시,토요일,광주광역시 광산구 신창동,경상사고,0,0,1,0,차대차 - 추돌,안전운전불이행,적설,눈,단일로 - 기타,승용,남,22세,상해없음,승용,여,42세,경상
2016012300100509,2016년 1월 23일 23시,토요일,광주광역시 서구 풍암동,경상사고,0,0,2,0,차대차 - 추돌,안전운전불이행,결빙,눈,단일로 - 기타,화물,남,63세,상해없음,승용,남,38세,경상
2016012400100022,2016년 1월 24일 00시,일요일,광주광역시 동구 불로동,경상사고,0,0,2,0,차대차 - 측면직각충돌,신호위반,결빙,눈,교차로 - 교차로안,승용,남,23세,상해없음,승용,남,53세,경상
2016012400100023,2016년 1월 24일 00시,일요일,광주광역시 북구 임동,경상사고,0,0,1,0,차대차 - 기타,직진우회전진행방해,적설,눈,교차로 - 교차로안,승용,남,61세,상해없음,이륜,남,17세,경상
2016012400100057,2016년 1월 24일 03시,일요일,광주광역시 북구 용봉동,경상사고,0,0,1,0,차대차 - 측면직각충돌,안전거리미확보,결빙,눈,단일로 - 기타,승용,남,56세,상해없음,승용,남,65세,경상
2016012400100066,2016년 1월 24일 04시,일요일,광주광역시 서구 쌍촌동,경상사고,0,0,1,0,차대차 - 정면충돌,교차로운행방법위반,결빙,눈,교차로 - 교차로안,승용,남,26세,상해없음,승용,여,33세,경상
2016012400100091,2016년 1월 24일 07시,일요일,광주광역시 서구 쌍촌동,중상사고,0,1,0,0,차량단독 - 기타,안전운전불이행,결빙,눈,교차로 - 교차로부근,승용,남,26세,상해없음,,,,
2016012400100120,2016년 1월 24일 10시,일요일,광주광역시 북구 운암동,경상사고,0,0,1,0,차대차 - 정면충돌,안전운전불이행,적설,눈,단일로 - 기타,승용,남,54세,상해없음,승용,남,53세,경상
2016012400100160,2016년 1월 24일 12시,일요일,광주광역시 서구 치평동,경상사고,0,0,1,0,차대차 - 추돌,안전운전불이행,결빙,눈,교차로 - 교차로부근,화물,남,69세,상해없음,승용,남,50세,상해없음
2016012400100161,2016년 1월 24일 12시,일요일,광주광역시 광산구 산월동,경상사고,0,0,2,0,차대차 - 측면직각충돌,안전운전불이행,적설,눈,단일로 - 기타,승용,남,48세,상해없음,승용,남,32세,경상
2016012400100236,2016년 1월 24일 15시,일요일,광주광역시 서구 유촌동,경상사고,0,0,2,0,차대차 - 추돌,안전운전불이행,결빙,눈,교차로 - 교차로부근,승용,남,32세,상해없음,승용,남,43세,경상
2016012400100311,2016년 1월 24일 18시,일요일,광주광역시 북구 동림동,경상사고,0,0,4,0,차량단독 - 전도전복,안전운전불이행,결빙,눈,단일로 - 기타,승용,남,58세,상해없음,,,,
2016012500100008,2016년 1월 25일 00시,월요일,광주광역시 광산구 수완동,중상사고,0,1,0,0,차량단독 - 공작물충돌,안전운전불이행,적설,눈,단일로 - 기타,승용,남,54세,상해없음,,,,
2016012500100137,2016년 1월 25일 09시,월요일,광주광역시 동구 장동,경상사고,0,0,3,0,차대차 - 측면충돌,신호위반,결빙,눈,교차로 - 교차로안,승용,남,77세,상해없음,승용,남,46세,경상
2016012500100163,2016년 1월 25일 10시,월요일,광주광역시 광산구 신가동,경상사고,0,0,2,0,차대차 - 측면직각충돌,신호위반,적설,맑음,교차로 - 교차로안,승용,남,56세,상해없음,승합,남,47세,상해없음
2016012500100251,2016년 1월 25일 13시,월요일,광주광역시 서구 광천동,경상사고,0,0,1,0,차대차 - 기타,교차로운행방법위반,결빙,맑음,교차로 - 교차로안,화물,남,54세,상해없음,승용,남,47세,경상
2016012500100252,2016년 1월 25일 13시,월요일,광주광역시 북구 두암동,경상사고,0,0,2,0,차대차 - 추돌,안전운전불이행,습기,맑음,교차로 - 교차로부근,승용,남,35세,상해없음,승합,남,45세,상해없음
2016012500100288,2016년 1월 25일 14시,월요일,광주광역시 북구 양산동,중상사고,0,1,2,0,차대차 - 정면충돌,안전운전불이행,습기,맑음,단일로 - 기타,승용,남,37세,중상,승용,남,40세,경상
2016012500100318,2016년 1월 25일 15시,월요일,광주광역시 광산구 운수동,경상사고,0,0,1,0,차대차 - 추돌,안전운전불이행,습기,맑음,단일로 - 기타,승용,남,61세,상해없음,승용,남,45세,경상
2016012500100377,2016년 1월 25일 17시,월요일,광주광역시 남구 임암동,경상사고,0,0,3,0,차대차 - 추돌,안전운전불이행,건조,맑음,단일로 - 기타,화물,남,27세,기타불명,승용,여,20세,경상
2016012500100378,2016년 1월 25일 17시,월요일,광주광역시 광산구 장덕동,경상사고,0,0,1,0,차대사람 - 횡단중,안전운전불이행,결빙,눈,단일로 - 기타,화물,남,31세,상해없음,보행자,남,7세,경상
2016012500100467,2016년 1월 25일 19시,월요일,광주광역시 북구 용봉동,경상사고,0,0,1,0,차대사람 - 횡단중,안전운전불이행,적설,맑음,교차로 - 교차로부근,승용,남,58세,기타불명,보행자,남,36세,경상
2016012500100468,2016년 1월 25일 19시,월요일,광주광역시 광산구 우산동,경상사고,0,0,1,0,차대차 - 추돌,안전운전불이행,적설,흐림,단일로 - 기타,원동기,남,30세,경상,승용,남,38세,상해없음
2016012500100500,2016년 1월 25일 20시,월요일,광주광역시 남구 백운동,경상사고,0,0,9,0,차대차 - 측면직각충돌,신호위반,결빙,흐림,교차로 - 교차로안,승용,남,58세,상해없음,승용,남,46세,경상
2016012600100012,2016년 1월 26일 00시,화요일,광주광역시 남구 주월동,경상사고,0,0,2,0,차대차 - 정면충돌,중앙선침범,결빙,눈,단일로 - 기타,화물,남,25세,상해없음,승용,남,53세,경상
2016012600100142,2016년 1월 26일 09시,화요일,광주광역시 서구 덕흥동,경상사고,0,0,1,0,차대차 - 추돌,안전거리미확보,적설,맑음,단일로 - 기타,특수,남,25세,상해없음,승용,여,31세,경상
2016012600100199,2016년 1월 26일 11시,화요일,광주광역시 서구 금호동,경상사고,0,0,1,0,차대차 - 추돌,안전운전불이행,적설,눈,단일로 - 기타,승용,남,48세,상해없음,화물,남,63세,경상
2016012600100226,2016년 1월 26일 12시,화요일,광주광역시 남구 주월동,경상사고,0,0,1,0,차대차 - 측면직각충돌,교차로운행방법위반,습기,흐림,교차로 - 교차로안,화물,남,40세,상해없음,이륜,남,50세,경상
2016012600100249,2016년 1월 26일 13시,화요일,광주광역시 북구 용봉동,경상사고,0,0,1,0,차대사람 - 횡단중,안전운전불이행,습기,흐림,단일로 - 기타,승용,남,32세,상해없음,보행자,남,73세,경상
2016012600100287,2016년 1월 26일 14시,화요일,광주광역시 남구 송하동,경상사고,0,0,1,0,차대차 - 기타,교차로운행방법위반,건조,흐림,교차로 - 교차로안,건설기계,남,27세,기타불명,화물,남,52세,경상
2016012600100288,2016년 1월 26일 14시,화요일,광주광역시 북구 두암동,중상사고,0,1,0,0,차대사람 - 횡단중,안전운전불이행,건조,맑음,교차로 - 교차로안,승용,남,57세,상해없음,보행자,여,53세,중상
2016012600100318,2016년 1월 26일 15시,화요일,광주광역시 북구 용봉동,경상사고,0,0,1,0,차대사람 - 횡단중,안전운전불이행,결빙,눈,단일로 - 기타,승용,남,32세,상해없음,보행자,여,17세,경상
2016012600100319,2016년 1월 26일 15시,화요일,광주광역시 광산구 하산동,경상사고,0,0,2,0,차대차 - 측면충돌,안전운전불이행,결빙,맑음,단일로 - 기타,승용,남,39세,기타불명,승용,여,31세,경상
2016012600100373,2016년 1월 26일 17시,화요일,광주광역시 광산구 수완동,경상사고,0,0,1,0,차대차 - 측면직각충돌,안전운전불이행,건조,맑음,단일로 - 기타,승용,남,67세,상해없음,승용,여,39세,경상
2016012600100429,2016년 1월 26일 18시,화요일,광주광역시 서구 화정동,경상사고,0,0,1,0,차대사람 - 길가장자리구역통행중,안전운전불이행,건조,맑음,단일로 - 기타,승용,남,57세,상해없음,보행자,여,56세,경상
2016012600100430,2016년 1월 26일 18시,화요일,광주광역시 남구 봉선동,경상사고,0,0,1,0,차대사람 - 차도통행중,안전운전불이행,습기,맑음,기타 - 기타,승합,남,39세,상해없음,보행자,남,32세,경상
2016012600100431,2016년 1월 26일 18시,화요일,광주광역시 북구 운암동,경상사고,0,0,1,0,차대차 - 측면충돌,안전운전불이행,적설,맑음,단일로 - 기타,승용,남,26세,상해없음,승용,남,47세,기타불명
2016012600100474,2016년 1월 26일 19시,화요일,광주광역시 서구 쌍촌동,경상사고,0,0,1,0,차대차 - 추돌,안전운전불이행,건조,맑음,단일로 - 기타,승용,남,59세,상해없음,승용,남,45세,상해없음
2016012600100532,2016년 1월 26일 21시,화요일,광주광역시 광산구 서봉동,중상사고,0,1,1,0,차량단독 - 공작물충돌,안전운전불이행,결빙,눈,단일로 - 기타,승용,남,59세,중상,,,,
2016012600100533,2016년 1월 26일 21시,화요일,광주광역시 광산구 우산동,경상사고,0,0,1,0,차대사람 - 횡단중,안전운전불이행,습기,비,단일로 - 기타,승용,남,28세,상해없음,보행자,남,45세,경상
2016012600100565,2016년 1월 26일 22시,화요일,광주광역시 광산구 월계동,경상사고,0,0,2,0,차대차 - 추돌,안전운전불이행,결빙,맑음,단일로 - 기타,승용,남,49세,상해없음,승용,남,66세,경상
2016012600100591,2016년 1월 26일 23시,화요일,광주광역시 북구 운암동,경상사고,0,0,1,0,차대사람 - 횡단중,안전운전불이행,습기,맑음,교차로 - 교차로부근,승용,여,56세,상해없음,보행자,여,55세,경상
2016012700100034,2016년 1월 27일 01시,수요일,광주광역시 동구 금남로5가,경상사고,0,0,3,0,차대차 - 측면충돌,기타,건조,맑음,단일로 - 기타,승용,남,47세,상해없음,승용,남,55세,경상
2016012700100109,2016년 1월 27일 07시,수요일,광주광역시 북구 두암동,경상사고,0,0,1,0,차대차 - 정면충돌,중앙선침범,건조,맑음,단일로 - 기타,승용,남,35세,상해없음,승용,남,53세,경상
2016012700100110,2016년 1월 27일 07시,수요일,광주광역시 북구 일곡동,중상사고,0,2,0,0,차대차 - 정면충돌,안전운전불이행,결빙,맑음,단일로 - 기타,승용,남,22세,중상,승용,여,26세,중상
2016012700100148,2016년 1월 27일 08시,수요일,광주광역시 서구 농성동,경상사고,0,0,2,0,차대차 - 기타,안전운전불이행,결빙,맑음,교차로 - 교차로부근,화물,남,74세,상해없음,승용,남,56세,경상
2016012700100149,2016년 1월 27일 08시,수요일,광주광역시 서구 덕흥동,경상사고,0,0,1,0,차대차 - 기타,안전운전불이행,결빙,맑음,단일로 - 기타,승용,남,33세,상해없음,화물,남,55세,상해없음
2016012700100150,2016년 1월 27일 08시,수요일,광주광역시 서구 덕흥동,경상사고,0,0,1,0,차대차 - 측면직각충돌,안전운전불이행,적설,맑음,단일로 - 기타,승용,남,33세,상해없음,화물,남,55세,상해없음
2016012700100151,2016년 1월 27일 08시,수요일,광주광역시 북구 연제동,경상사고,0,0,1,0,차대차 - 측면충돌,신호위반,적설,흐림,교차로 - 교차로안,자전거,남,46세,경상,승용,여,42세,상해없음
2016012700100152,2016년 1월 27일 08시,수요일,광주광역시 북구 월출동,경상사고,0,0,2,0,차대차 - 측면직각충돌,교차로운행방법위반,건조,맑음,교차로 - 교차로안,승용,남,26세,경상,승용,남,49세,경상
2016012700100182,2016년 1월 27일 09시,수요일,광주광역시 서구 내방동,경상사고,0,0,2,0,차대차 - 측면충돌,안전운전불이행,습기,흐림,교차로 - 교차로부근,화물,남,58세,상해없음,화물,남,49세,경상
2016012700100183,2016년 1월 27일 09시,수요일,광주광역시 북구 삼각동,경상사고,0,0,2,0,차대차 - 추돌,안전운전불이행,결빙,흐림,교차로 - 교차로부근,승용,여,28세,상해없음,승용,여,18세,경상
2016012700100184,2016년 1월 27일 09시,수요일,광주광역시 광산구 신창동,경상사고,0,0,2,0,차대차 - 추돌,안전거리미확보,건조,맑음,교차로 - 교차로부근,승용,남,38세,상해없음,승용,남,29세,경상
2016012700100224,2016년 1월 27일 11시,수요일,광주광역시 서구 화정동,경상사고,0,0,1,0,차대차 - 추돌,안전운전불이행,건조,맑음,교차로 - 교차로부근,승용,남,59세,상해없음,승합,남,43세,경상
2016012700100251,2016년 1월 27일 12시,수요일,광주광역시 서구 치평동,경상사고,0,0,1,0,차대차 - 측면직각충돌,안전운전불이행,건조,맑음,단일로 - 기타,화물,남,56세,상해없음,이륜,남,21세,경상
2016012700100252,2016년 1월 27일 12시,수요일,광주광역시 광산구 운남동,경상사고,0,0,1,0,차대차 - 추돌,안전거리미확보,습기,맑음,단일로 - 기타,원동기,남,35세,경상,승용,남,38세,상해없음
2016012700100296,2016년 1월 27일 14시,수요일,광주광역시 광산구 도천동,경상사고,0,0,2,0,차대차 - 추돌,안전거리미확보,건조,맑음,교차로 - 교차로부근,건설기계,남,51세,상해없음,승용,여,36세,경상
2016012700100371,2016년 1월 27일 16시,수요일,광주광역시 북구 우산동,경상사고,0,0,3,0,차대차 - 정면충돌,안전운전불이행,습기,흐림,단일로 - 기타,화물,남,37세,경상,승용,남,65세,경상
2016012700100461,2016년 1월 27일 18시,수요일,광주광역시 북구 용봉동,중상사고,0,1,0,0,차대사람 - 횡단중,보행자보호의무위반,건조,맑음,단일로 - 횡단보도상,승용,남,73세,상해없음,보행자,남,44세,중상
2016012700100503,2016년 1월 27일 19시,수요일,광주광역시 광산구 월곡동,경상사고,0,0,1,0,차대차 - 기타,불법유턴,습기,흐림,교차로 - 교차로안,승용,남,50세,상해없음,승용,남,70세,경상
2016012700100539,2016년 1월 27일 20시,수요일,광주광역시 동구 황금동,경상사고,0,0,1,0,차대사람 - 기타,안전운전불이행,적설,흐림,교차로 - 교차로부근,화물,남,54세,상해없음,보행자,여,22세,경상
2016012700100540,2016년 1월 27일 20시,수요일,광주광역시 북구 양산동,경상사고,0,0,1,0,차대차 - 측면충돌,안전운전불이행,건조,맑음,단일로 - 기타,승용,남,28세,기타불명,이륜,남,45세,경상
2016012700100600,2016년 1월 27일 22시,수요일,광주광역시 서구 광천동,중상사고,0,1,0,0,차대사람 - 횡단중,안전운전불이행,건조,맑음,교차로 - 교차로부근,승용,남,69세,상해없음,보행자,남,69세,중상
2016012700100631,2016년 1월 27일 23시,수요일,광주광역시 북구 신안동,경상사고,0,0,1,0,차대사람 - 횡단중,안전운전불이행,건조,맑음,교차로 - 교차로부근,승용,남,22세,상해없음,보행자,남,33세,경상
2016012700100632,2016년 1월 27일 23시,수요일,광주광역시 광산구 장덕동,경상사고,0,0,6,0,차대차 - 정면충돌,신호위반,건조,맑음,교차로 - 교차로안,승용,남,32세,상해없음,승용,여,36세,경상
2016012800100054,2016년 1월 28일 02시,목요일,광주광역시 남구 양림동,중상사고,0,1,1,0,차대차 - 측면충돌,신호위반,건조,맑음,교차로 - 교차로안,승용,남,68세,경상,승용,남,24세,중상
2016012800100105,2016년 1월 28일 06시,목요일,광주광역시 서구 쌍촌동,경상사고,0,0,7,0,차대차 - 측면충돌,안전운전불이행,건조,맑음,단일로 - 기타,승용,남,59세,상해없음,승합,남,68세,상해없음
2016012800100106,2016년 1월 28일 06시,목요일,광주광역시 남구 양림동,경상사고,0,0,2,0,차대차 - 측면직각충돌,교차로운행방법위반,건조,맑음,교차로 - 교차로안,승용,남,47세,기타불명,승용,남,51세,경상
2016012800100178,2016년 1월 28일 08시,목요일,광주광역시 광산구 비아동,경상사고,0,0,1,0,차대차 - 추돌,안전거리미확보,건조,맑음,교차로 - 교차로부근,승용,여,44세,상해없음,승용,남,36세,경상
2016012800100202,2016년 1월 28일 09시,목요일,광주광역시 북구 풍향동,경상사고,0,0,1,0,차대차 - 측면직각충돌,안전거리미확보,건조,맑음,단일로 - 기타,화물,남,68세,상해없음,승용,여,44세,경상
2016012800100278,2016년 1월 28일 12시,목요일,광주광역시 동구 불로동,경상사고,0,0,1,0,차대사람 - 횡단중,안전운전불이행,건조,맑음,단일로 - 기타,승용,남,64세,상해없음,보행자,여,20세,경상
2016012800100305,2016년 1월 28일 13시,목요일,광주광역시 북구 신안동,경상사고,0,0,2,0,차대차 - 측면충돌,안전운전불이행,건조,맑음,단일로 - 기타,승용,여,44세,상해없음,승용,남,43세,경상
2016012800100398,2016년 1월 28일 16시,목요일,광주광역시 동구 소태동,경상사고,0,0,1,0,차대차 - 기타,안전운전불이행,건조,맑음,단일로 - 기타,승용,남,26세,상해없음,승용,남,55세,경상
2016012800100399,2016년 1월 28일 16시,목요일,광주광역시 서구 화정동,경상사고,0,0,1,0,차대차 - 측면직각충돌,안전운전불이행,습기,흐림,단일로 - 기타,승용,남,59세,상해없음,승용,여,44세,경상
2016012800100477,2016년 1월 28일 18시,목요일,광주광역시 동구 대인동,경상사고,0,0,1,0,차대차 - 기타,안전거리미확보,습기,비,단일로 - 기타,승용,여,47세,상해없음,승용,남,27세,상해없음
2016012800100478,2016년 1월 28일 18시,목요일,광주광역시 남구 월산동,경상사고,0,0,1,0,차대사람 - 횡단중,보행자보호의무위반,습기,비,단일로 - 횡단보도상,기타불명,기타불명,기타불명,기타불명,보행자,여,69세,경상
2016012800100479,2016년 1월 28일 18시,목요일,광주광역시 서구 쌍촌동,경상사고,0,0,1,0,차대차 - 측면직각충돌,안전운전불이행,습기,비,단일로 - 기타,이륜,남,37세,경상,승용,여,46세,기타불명
2016012800100480,2016년 1월 28일 18시,목요일,광주광역시 북구 운암동,경상사고,0,0,1,0,차대사람 - 횡단중,보행자보호의무위반,습기,비,단일로 - 기타,화물,남,60세,상해없음,보행자,남,17세,경상
2016012800100563,2016년 1월 28일 20시,목요일,광주광역시 북구 용봉동,경상사고,0,0,1,0,차대사람 - 횡단중,보행자보호의무위반,습기,비,단일로 - 횡단보도상,승용,남,27세,상해없음,보행자,여,22세,경상
2016012800100564,2016년 1월 28일 20시,목요일,광주광역시 광산구 산월동,경상사고,0,0,1,0,차량단독 - 전도전복,안전운전불이행,습기,비,교차로 - 교차로부근,원동기,남,27세,경상,,,,
2016012800100604,2016년 1월 28일 21시,목요일,광주광역시 광산구 월계동,경상사고,0,0,1,0,차대차 - 추돌,안전운전불이행,습기,비,단일로 - 기타,승용,남,35세,상해없음,승용,남,34세,경상
2016012800100641,2016년 1월 28일 22시,목요일,광주광역시 북구 오치동,경상사고,0,0,3,0,차대차 - 기타,안전거리미확보,습기,흐림,단일로 - 기타,승용,남,22세,경상,승용,남,46세,경상
2016012800100674,2016년 1월 28일 23시,목요일,광주광역시 북구 오룡동,경상사고,0,0,1,0,차대사람 - 횡단중,기타,습기,비,단일로 - 기타,승용,남,27세,상해없음,보행자,남,35세,경상
2016012800100675,2016년 1월 28일 23시,목요일,광주광역시 북구 동림동,경상사고,0,0,1,0,차대차 - 기타,안전운전불이행,습기,비,교차로 - 교차로부근,승용,남,30세,상해없음,승용,남,47세,경상
2016012800100676,2016년 1월 28일 23시,목요일,광주광역시 북구 중흥동,경상사고,0,0,3,0,차대차 - 측면충돌,교차로운행방법위반,습기,흐림,교차로 - 교차로부근,승용,남,17세,상해없음,승합,남,45세,경상
2016012800100677,2016년 1월 28일 23시,목요일,광주광역시 북구 용봉동,중상사고,0,1,0,0,차대사람 - 횡단중,안전운전불이행,습기,비,단일로 - 기타,이륜,남,61세,상해없음,보행자,남,49세,중상
2016012900100027,2016년 1월 29일 00시,금요일,광주광역시 서구 치평동,경상사고,0,0,3,0,차대차 - 추돌,안전운전불이행,건조,맑음,교차로 - 교차로부근,승용,남,29세,상해없음,승용,남,32세,경상