사고번호,사고일시,요일,시군구,사고내용,사망자수,중상자수,경상자수,부상신고자수,사고유형,법규위반,노면상태,기상상태,도로형태,가해운전자 차종,가해운전자 성별,가해운전자 연령,가해운전자 상해정도,피해운전자 차종,피해운전자 성별,피해운전자 연령,피해운전자 상해정도
2016012900100028,2016년 1월 29일 00시,금요일,광주광역시 광산구 송정동,경상사고,0,0,2,0,차대차 - 추돌,안전운전불이행,습기,흐림,교차로 - 교차로부근,승용,남,19세,상해없음,승용,남,51세,경상
2016012900100050,2016년 1월 29일 01시,금요일,광주광역시 동구 광산동,경상사고,0,0,1,0,차대사람 - 차도통행중,안전운전불이행,습기,비,교차로 - 교차로부근,승용,남,65세,상해없음,보행자,남,33세,경상
2016012900100092,2016년 1월 29일 04시,금요일,광주광역시 북구 용두동,중상사고,0,1,0,0,차대차 - 측면충돌,안전운전불이행,습기,비,단일로 - 기타,승용,여,28세,상해없음,원동기,남,51세,중상
2016012900100101,2016년 1월 29일 05시,금요일,광주광역시 서구 광천동,중상사고,0,1,0,0,차대사람 - 횡단중,신호위반,습기,비,단일로 - 횡단보도상,승용,남,66세,상해없음,보행자,여,78세,중상
2016012900100153,2016년 1월 29일 07시,금요일,광주광역시 북구 두암동,중상사고,0,1,0,0,차대사람 - 횡단중,신호위반,건조,흐림,교차로 - 교차로부근,화물,남,56세,상해없음,보행자,여,58세,중상
2016012900100184,2016년 1월 29일 08시,금요일,광주광역시 북구 운암동,경상사고,0,0,1,0,차대차 - 기타,안전운전불이행,습기,비,단일로 - 기타,승용,남,33세,기타불명,승용,남,35세,경상
2016012900100185,2016년 1월 29일 08시,금요일,광주광역시 북구 중흥동,경상사고,0,0,1,0,차대사람 - 기타,안전운전불이행,건조,맑음,단일로 - 기타,승합,남,55세,기타불명,보행자,여,24세,경상
2016012900100238,2016년 1월 29일 10시,금요일,광주광역시 북구 임동,경상사고,0,0,2,0,차대차 - 측면직각충돌,신호위반,습기,비,교차로 - 교차로안,화물,남,58세,상해없음,승용,남,49세,경상
2016012900100255,2016년 1월 29일 11시,금요일,광주광역시 남구 백운동,경상사고,0,0,1,0,차대사람 - 횡단중,안전운전불이행,건조,맑음,단일로 - 기타,화물,남,51세,상해없음,보행자,여,78세,경상
2016012900100310,2016년 1월 29일 13시,금요일,광주광역시 북구 오룡동,경상사고,0,0,1,0,차대차 - 측면충돌,신호위반,건조,맑음,교차로 - 교차로안,승용,남,53세,상해없음,화물,남,46세,경상
2016012900100332,2016년 1월 29일 14시,금요일,광주광역시 서구 치평동,경상사고,0,0,2,0,차대차 - 측면직각충돌,안전거리미확보,건조,맑음,교차로 - 교차로부근,화물,남,29세,상해없음,승용,여,49세,경상
2016012900100333,2016년 1월 29일 14시,금요일,광주광역시 북구 월출동,경상사고,0,0,3,0,차대차 - 측면충돌,안전운전불이행,습기,비,교차로 - 교차로안,승용,남,63세,기타불명,승용,남,32세,경상
2016012900100360,2016년 1월 29일 15시,금요일,광주광역시 북구 운암동,경상사고,0,0,1,0,차대차 - 추돌,안전운전불이행,습기,비,단일로 - 기타,승용,남,62세,상해없음,승용,남,54세,경상
2016012900100384,2016년 1월 29일 16시,금요일,광주광역시 북구 용봉동,경상사고,0,0,1,0,차대차 - 측면직각충돌,교차로운행방법위반,습기,비,교차로 - 교차로안,화물,남,25세,상해없음,승용,남,44세,경상
2016012900100423,2016년 1월 29일 17시,금요일,광주광역시 서구 내방동,중상사고,0,1,0,0,차대사람 - 횡단중,보행자보호의무위반,습기,비,교차로 - 교차로부근,화물,남,45세,상해없음,보행자,남,10세,중상
2016012900100475,2016년 1월 29일 18시,금요일,광주광역시 북구 일곡동,경상사고,0,0,4,0,차대차 - 측면직각충돌,신호위반,건조,맑음,교차로 - 교차로안,승용,남,55세,상해없음,승용,여,33세,경상
2016012900100476,2016년 1월 29일 18시,금요일,광주광역시 북구 중흥동,경상사고,0,0,1,0,차대차 - 측면직각충돌,신호위반,습기,비,교차로 - 교차로안,승용,남,73세,상해없음,승용,남,28세,경상
2016012900100477,2016년 1월 29일 18시,금요일,광주광역시 북구 유동,경상사고,0,0,1,0,차대차 - 측면직각충돌,안전운전불이행,습기,비,교차로 - 교차로부근,화물,남,53세,상해없음,승용,여,62세,경상
2016012900100592,2016년 1월 29일 20시,금요일,광주광역시 광산구 신가동,경상사고,0,0,1,0,차대차 - 추돌,안전거리미확보,건조,맑음,단일로 - 기타,승용,남,59세,상해없음,승용,여,51세,경상
2016012900100622,2016년 1월 29일 21시,금요일,광주광역시 남구 진월동,경상사고,0,0,2,0,차대차 - 측면직각충돌,안전운전불이행,습기,비,단일로 - 기타,화물,여,51세,경상,승용,남,63세,경상
2016012900100657,2016년 1월 29일 22시,금요일,광주광역시 북구 신용동,중상사고,0,1,5,0,차대차 - 추돌,안전운전불이행,건조,맑음,교차로 - 교차로부근,승용,남,38세,상해없음,승용,남,54세,중상
2016012900100658,2016년 1월 29일 22시,금요일,광주광역시 광산구 수완동,경상사고,0,0,1,0,차대차 - 정면충돌,중앙선침범,습기,흐림,교차로 - 교차로부근,승용,남,38세,상해없음,승용,남,31세,경상
2016013000100034,2016년 1월 30일 00시,토요일,광주광역시 동구 동명동,경상사고,0,0,1,0,차대차 - 추돌,안전운전불이행,습기,흐림,단일로 - 기타,승용,여,52세,상해없음,승용,남,47세,경상
2016013000100068,2016년 1월 30일 01시,토요일,광주광역시 북구 동림동,경상사고,0,0,1,0,차대차 - 측면충돌,안전운전불이행,건조,맑음,단일로 - 기타,승용,남,32세,상해없음,승용,남,44세,상해없음
2016013000100101,2016년 1월 30일 03시,토요일,광주광역시 북구 오치동,경상사고,0,0,1,0,차대차 - 추돌,안전운전불이행,건조,맑음,교차로 - 교차로부근,승용,여,51세,기타불명,승용,남,47세,경상
2016013000100102,2016년 1월 30일 03시,토요일,광주광역시 북구 용봉동,경상사고,0,0,1,0,차대사람 - 차도통행중,안전운전불이행,습기,비,단일로 - 기타,승용,남,37세,상해없음,보행자,남,19세,경상
2016013000100103,2016년 1월 30일 03시,토요일,광주광역시 광산구 산정동,경상사고,0,0,3,0,차대차 - 측면충돌,안전거리미확보,건조,맑음,교차로 - 교차로부근,승용,여,22세,경상,승용,남,51세,경상
2016013000100119,2016년 1월 30일 04시,토요일,광주광역시 서구 화정동,경상사고,0,0,1,0,차대차 - 측면직각충돌,차로위반,건조,맑음,단일로 - 기타,승용,남,40세,경상,승용,여,29세,상해없음
2016013000100179,2016년 1월 30일 07시,토요일,광주광역시 광산구 지평동,중상사고,0,2,1,0,차량단독 - 전도전복,기타,결빙,흐림,단일로 - 기타,승용,남,33세,경상,,,,
2016013000100219,2016년 1월 30일 08시,토요일,광주광역시 광산구 안청동,중상사고,0,3,4,0,차대차 - 추돌,안전운전불이행,결빙,맑음,교차로 - 교차로부근,승용,여,44세,중상,승용,남,44세,상해없음
2016013000100268,2016년 1월 30일 10시,토요일,광주광역시 서구 쌍촌동,중상사고,0,1,1,0,차대차 - 정면충돌,안전거리미확보,건조,맑음,단일로 - 기타,승용,남,53세,상해없음,승합,남,58세,경상
2016013000100298,2016년 1월 30일 11시,토요일,광주광역시 남구 주월동,경상사고,0,0,1,0,차대사람 - 횡단중,안전운전불이행,건조,맑음,단일로 - 기타,승용,여,54세,상해없음,보행자,남,76세,경상
2016013000100353,2016년 1월 30일 13시,토요일,광주광역시 서구 동천동,중상사고,0,1,0,0,차대사람 - 횡단중,안전운전불이행,건조,맑음,교차로 - 교차로안,이륜,남,69세,상해없음,보행자,여,16세,중상
2016013000100354,2016년 1월 30일 13시,토요일,광주광역시 북구 중흥동,경상사고,0,0,1,0,차대차 - 기타,중앙선침범,건조,맑음,단일로 - 기타,이륜,남,73세,경상,승용,남,50세,상해없음
2016013000100511,2016년 1월 30일 18시,토요일,광주광역시 북구 두암동,경상사고,0,0,1,0,차대사람 - 횡단중,안전운전불이행,건조,맑음,단일로 - 기타,승용,남,56세,기타불명,보행자,여,16세,경상
2016013000100550,2016년 1월 30일 19시,토요일,광주광역시 서구 화정동,중상사고,0,1,0,0,차대사람 - 횡단중,보행자보호의무위반,건조,맑음,단일로 - 횡단보도상,승용,남,58세,상해없음,보행자,여,64세,중상
2016013000100616,2016년 1월 30일 21시,토요일,광주광역시 북구 각화동,경상사고,0,0,4,0,차대차 - 추돌,안전운전불이행,건조,맑음,단일로 - 기타,화물,남,65세,상해없음,승용,남,42세,경상
2016013000100665,2016년 1월 30일 23시,토요일,광주광역시 서구 농성동,경상사고,0,0,1,0,차대차 - 측면직각충돌,교차로운행방법위반,건조,맑음,교차로 - 교차로안,승용,여,21세,상해없음,승용,남,37세,경상
2016013100100029,2016년 1월 31일 00시,일요일,광주광역시 광산구 신가동,경상사고,0,0,1,0,차대차 - 추돌,안전운전불이행,습기,비,교차로 - 교차로부근,승합,남,47세,상해없음,승용,남,48세,경상
2016013100100051,2016년 1월 31일 01시,일요일,광주광역시 서구 치평동,경상사고,0,0,1,0,차대차 - 측면충돌,신호위반,건조,맑음,교차로 - 교차로안,승용,남,53세,상해없음,승용,남,27세,경상
2016013100100090,2016년 1월 31일 03시,일요일,광주광역시 광산구 월계동,경상사고,0,0,3,0,차대차 - 측면직각충돌,안전거리미확보,건조,맑음,교차로 - 교차로부근,승용,남,25세,상해없음,승용,남,38세,상해없음
2016013100100179,2016년 1월 31일 10시,일요일,광주광역시 북구 오치동,중상사고,0,1,0,0,차대차 - 측면충돌,안전운전불이행,건조,맑음,단일로 - 기타,승용,남,37세,상해없음,이륜,남,29세,중상
2016013100100194,2016년 1월 31일 11시,일요일,광주광역시 북구 두암동,경상사고,0,0,1,1,차대사람 - 횡단중,안전운전불이행,건조,맑음,교차로 - 교차로부근,이륜,남,24세,부상신고,보행자,남,54세,경상
2016013100100229,2016년 1월 31일 13시,일요일,광주광역시 광산구 산정동,중상사고,0,1,0,0,차대차 - 측면충돌,안전거리미확보,건조,흐림,단일로 - 기타,승용,여,41세,상해없음,원동기,남,40세,중상
2016013100100286,2016년 1월 31일 15시,일요일,광주광역시 광산구 신촌동,부상신고사고,0,0,0,1,차대차 - 측면직각충돌,안전거리미확보,건조,맑음,단일로 - 기타,승용,남,41세,부상신고,화물,남,43세,상해없음
2016013100100312,2016년 1월 31일 16시,일요일,광주광역시 광산구 하산동,중상사고,0,2,2,0,차대차 - 정면충돌,차로위반,건조,맑음,교차로 - 교차로부근,승용,남,73세,경상,승용,남,63세,중상
2016013100100333,2016년 1월 31일 17시,일요일,광주광역시 북구 매곡동,경상사고,0,0,2,0,차량단독 - 전도전복,안전운전불이행,건조,맑음,단일로 - 기타,승용,남,58세,경상,,,,
2016013100100361,2016년 1월 31일 18시,일요일,광주광역시 동구 동명동,경상사고,0,0,1,1,차대차 - 측면충돌,안전거리미확보,건조,맑음,단일로 - 기타,이륜,남,59세,부상신고,승용,남,41세,경상
2016013100100362,2016년 1월 31일 18시,일요일,광주광역시 서구 양동,경상사고,0,0,1,0,차대사람 - 횡단중,안전운전불이행,건조,맑음,단일로 - 기타,승용,남,56세,상해없음,보행자,여,42세,경상
2016013100100363,2016년 1월 31일 18시,일요일,광주광역시 광산구 송촌동,경상사고,0,0,1,0,차대차 - 측면충돌,신호위반,건조,맑음,교차로 - 교차로안,화물,남,60세,상해없음,승용,남,34세,경상
2016013100100395,2016년 1월 31일 19시,일요일,광주광역시 북구 중흥동,부상신고사고,0,0,0,1,차대차 - 측면충돌,중앙선침범,건조,맑음,단일로 - 기타,이륜,남,60세,상해없음,이륜,남,21세,부상신고
2016013100100396,2016년 1월 31일 19시,일요일,광주광역시 북구 오치동,경상사고,0,0,3,0,차대차 - 추돌,안전거리미확보,건조,맑음,교차로 - 교차로부근,원동기,남,59세,상해없음,승용,남,57세,경상
2016013100100419,2016년 1월 31일 20시,일요일,광주광역시 광산구 월계동,경상사고,0,0,4,0,차대차 - 측면직각충돌,신호위반,건조,맑음,교차로 - 교차로안,승용,남,48세,상해없음,승용,여,39세,경상
2016013100100420,2016년 1월 31일 20시,일요일,광주광역시 광산구 우산동,경상사고,0,0,4,0,차대차 - 추돌,안전운전불이행,건조,흐림,단일로 - 기타,승용,남,30세,상해없음,승합,남,49세,경상
2016013100100443,2016년 1월 31일 21시,일요일,광주광역시 서구 화정동,경상사고,0,0,5,0,차대차 - 측면직각충돌,안전거리미확보,건조,맑음,단일로 - 기타,승용,남,61세,상해없음,승용,남,26세,경상
2016013100100444,2016년 1월 31일 21시,일요일,광주광역시 남구 백운동,경상사고,0,0,2,0,차대차 - 추돌,안전거리미확보,건조,맑음,단일로 - 기타,화물,남,58세,상해없음,승용,여,64세,경상
2016013100100445,2016년 1월 31일 21시,일요일,광주광역시 남구 봉선동,중상사고,0,1,0,0,차대사람 - 기타,안전운전불이행,건조,맑음,단일로 - 기타,승용,여,46세,상해없음,보행자,남,44세,중상
2016013100100446,2016년 1월 31일 21시,일요일,광주광역시 남구 월산동,경상사고,0,0,1,0,차대차 - 추돌,안전운전불이행,건조,맑음,단일로 - 기타,승용,남,38세,상해없음,승용,여,26세,경상
2016013100100472,2016년 1월 31일 23시,일요일,광주광역시 남구 주월동,경상사고,0,0,1,0,차대사람 - 길가장자리구역통행중,안전운전불이행,건조,맑음,단일로 - 기타,승용,남,51세,상해없음,보행자,남,40세,경상
2016013100100473,2016년 1월 31일 23시,일요일,광주광역시 북구 운암동,경상사고,0,0,1,0,차대차 - 추돌,안전운전불이행,건조,맑음,단일로 - 기타,승용,여,30세,상해없음,승용,남,46세,경상
2016020100100123,2016년 2월 1일 08시,월요일,광주광역시 광산구 흑석동,경상사고,0,0,1,0,차대차 - 추돌,안전운전불이행,건조,맑음,단일로 - 기타,승용,여,36세,상해없음,승용,남,41세,경상
2016020100100149,2016년 2월 1일 09시,월요일,광주광역시 광산구 옥동,중상사고,0,2,2,0,차대차 - 측면충돌,교차로운행방법위반,건조,맑음,교차로 - 교차로안,특수,남,41세,경상,승합,남,35세,상해없음
2016020100100206,2016년 2월 1일 11시,월요일,광주광역시 서구 쌍촌동,경상사고,0,0,2,0,차대차 - 측면직각충돌,직진우회전진행방해,건조,맑음,교차로 - 교차로안,승용,남,76세,기타불명,승용,남,45세,경상
2016020100100207,2016년 2월 1일 11시,월요일,광주광역시 서구 쌍촌동,경상사고,0,0,2,0,차대차 - 측면직각충돌,신호위반,건조,맑음,교차로 - 교차로안,승용,남,53세,상해없음,승용,남,47세,경상
2016020100100291,2016년 2월 1일 14시,월요일,광주광역시 광산구 신가동,경상사고,0,0,1,0,차대차 - 추돌,안전운전불이행,건조,맑음,단일로 - 기타,승용,남,50세,상해없음,승용,남,33세,경상
2016020100100328,2016년 2월 1일 15시,월요일,광주광역시 남구 사동,경상사고,0,0,4,0,차대차 - 기타,교차로운행방법위반,건조,맑음,교차로 - 교차로안,승용,여,28세,경상,승용,남,63세,경상
2016020100100358,2016년 2월 1일 16시,월요일,광주광역시 남구 양림동,중상사고,0,1,0,0,차대사람 - 횡단중,안전운전불이행,건조,맑음,단일로 - 기타,승합,남,40세,상해없음,보행자,남,56세,중상
2016020100100359,2016년 2월 1일 16시,월요일,광주광역시 광산구 월곡동,경상사고,0,0,1,0,차대사람 - 횡단중,안전운전불이행,건조,맑음,교차로 - 교차로부근,화물,남,34세,상해없음,보행자,여,36세,경상
2016020100100395,2016년 2월 1일 17시,월요일,광주광역시 남구 주월동,경상사고,0,0,3,0,차대차 - 정면충돌,교차로운행방법위반,건조,맑음,교차로 - 교차로안,승용,여,58세,경상,승용,남,76세,경상
2016020100100430,2016년 2월 1일 18시,월요일,광주광역시 북구 신안동,경상사고,0,0,3,0,차대차 - 추돌,안전운전불이행,건조,맑음,단일로 - 기타,승용,남,39세,기타불명,승용,남,50세,경상
2016020100100471,2016년 2월 1일 19시,월요일,광주광역시 서구 농성동,경상사고,0,0,3,0,차대차 - 정면충돌,신호위반,건조,맑음,교차로 - 교차로안,승용,남,48세,경상,승용,남,33세,경상
2016020100100472,2016년 2월 1일 19시,월요일,광주광역시 남구 월산동,경상사고,0,0,1,0,차대사람 - 횡단중,안전운전불이행,건조,맑음,단일로 - 기타,화물,남,23세,기타불명,보행자,남,52세,경상
2016020100100473,2016년 2월 1일 19시,월요일,광주광역시 북구 각화동,경상사고,0,0,1,0,차대차 - 정면충돌,안전거리미확보,건조,맑음,단일로 - 기타,승용,여,55세,상해없음,승용,여,49세,경상
2016020100100474,2016년 2월 1일 19시,월요일,광주광역시 광산구 장덕동,경상사고,0,0,1,0,차대차 - 측면충돌,중앙선침범,건조,맑음,단일로 - 기타,승용,남,55세,경상,승용,남,62세,상해없음
2016020100100557,2016년 2월 1일 22시,월요일,광주광역시 광산구 우산동,경상사고,0,0,1,0,차대차 - 정면충돌,안전거리미확보,건조,맑음,단일로 - 기타,승용,남,45세,기타불명,승용,여,32세,경상
2016020100100583,2016년 2월 1일 23시,월요일,광주광역시 동구 계림동,경상사고,0,0,1,0,차대차 - 추돌,안전운전불이행,건조,맑음,교차로 - 교차로부근,승용,남,37세,상해없음,승용,여,32세,경상
2016020200100092,2016년 2월 2일 07시,화요일,광주광역시 서구 유촌동,경상사고,0,0,1,0,차대차 - 정면충돌,중앙선침범,건조,맑음,단일로 - 기타,승용,여,55세,상해없음,승용,여,48세,경상
2016020200100133,2016년 2월 2일 08시,화요일,광주광역시 남구 양림동,경상사고,0,0,1,0,차대사람 - 기타,안전운전불이행,건조,맑음,기타 - 기타,승용,남,47세,상해없음,보행자,남,80세,경상
2016020200100134,2016년 2월 2일 08시,화요일,광주광역시 광산구 우산동,경상사고,0,0,1,0,차대차 - 추돌,안전운전불이행,건조,맑음,교차로 - 교차로부근,기타불명,기타불명,기타불명,기타불명,자전거,남,22세,경상
2016020200100169,2016년 2월 2일 09시,화요일,광주광역시 서구 쌍촌동,경상사고,0,0,1,0,차대차 - 정면충돌,안전거리미확보,건조,맑음,단일로 - 기타,승용,남,53세,상해없음,승용,여,33세,경상
2016020200100170,2016년 2월 2일 09시,화요일,광주광역시 북구 우산동,경상사고,0,0,1,0,차대사람 - 횡단중,안전운전불이행,건조,맑음,단일로 - 기타,승용,기타불명,25세,기타불명,보행자,여,23세,경상
2016020200100171,2016년 2월 2일 09시,화요일,광주광역시 북구 중흥동,경상사고,0,0,1,0,차대차 - 측면충돌,기타,건조,맑음,교차로 - 교차로안,승용,남,30세,상해없음,자전거,여,54세,경상
2016020200100229,2016년 2월 2일 11시,화요일,광주광역시 서구 금호동,경상사고,0,0,2,0,차대차 - 추돌,안전운전불이행,건조,맑음,단일로 - 기타,승용,여,37세,상해없음,승용,여,41세,경상
2016020200100230,2016년 2월 2일 11시,화요일,광주광역시 서구 치평동,경상사고,0,0,1,0,차대차 - 측면충돌,안전운전불이행,건조,맑음,단일로 - 기타,승용,여,46세,상해없음,승용,여,49세,경상
2016020200100278,2016년 2월 2일 13시,화요일,광주광역시 남구 백운동,경상사고,0,0,2,0,차대차 - 측면직각충돌,안전운전불이행,건조,맑음,단일로 - 기타,화물,여,50세,경상,승용,여,53세,경상
2016020200100343,2016년 2월 2일 15시,화요일,광주광역시 북구 일곡동,중상사고,0,1,0,0,차대사람 - 횡단중,안전운전불이행,건조,맑음,교차로 - 교차로부근,승용,남,52세,상해없음,보행자,남,83세,중상
2016020200100411,2016년 2월 2일 17시,화요일,광주광역시 광산구 지평동,경상사고,0,0,1,0,차대차 - 추돌,차로위반,건조,맑음,단일로 - 기타,화물,남,42세,상해없음,승용,남,63세,경상
2016020200100575,2016년 2월 2일 22시,화요일,광주광역시 서구 쌍촌동,중상사고,0,1,0,0,차대사람 - 길가장자리구역통행중,교차로운행방법위반,건조,맑음,교차로 - 교차로안,승용,남,51세,상해없음,보행자,남,22세,중상
2016020200100576,2016년 2월 2일 22시,화요일,광주광역시 광산구 운남동,경상사고,0,0,1,0,차대차 - 추돌,안전운전불이행,건조,맑음,단일로 - 기타,승용,남,24세,상해없음,승용,남,41세,경상
2016020200100577,2016년 2월 2일 22시,화요일,광주광역시 광산구 장덕동,경상사고,0,0,1,0,차대차 - 기타,차로위반,건조,맑음,단일로 - 기타,승용,남,37세,상해없음,이륜,남,26세,경상
2016020200100603,2016년 2월 2일 23시,화요일,광주광역시 동구 계림동,중상사고,0,1,0,0,차대차 - 추돌,안전거리미확보,건조,맑음,단일로 - 기타,승용,남,64세,상해없음,이륜,남,43세,중상
2016020300100065,2016년 2월 3일 04시,수요일,광주광역시 북구 운암동,경상사고,0,0,3,0,차대차 - 측면충돌,중앙선침범,건조,맑음,단일로 - 기타,승용,남,35세,경상,승용,여,54세,경상
2016020300100066,2016년 2월 3일 04시,수요일,광주광역시 광산구 우산동,사망사고,1,0,0,0,차대사람 - 횡단중,안전운전불이행,건조,맑음,단일로 - 기타,승용,남,67세,상해없음,보행자,남,35세,사망
2016020300100089,2016년 2월 3일 06시,수요일,광주광역시 북구 용봉동,중상사고,0,1,0,0,차대사람 - 횡단중,안전운전불이행,건조,흐림,단일로 - 기타,승용,남,60세,상해없음,보행자,여,34세,중상
2016020300100109,2016년 2월 3일 07시,수요일,광주광역시 광산구 장덕동,경상사고,0,0,1,0,차대차 - 정면충돌,교차로운행방법위반,건조,맑음,단일로 - 기타,승용,여,39세,상해없음,승용,남,33세,경상
2016020300100154,2016년 2월 3일 08시,수요일,광주광역시 광산구 신가동,경상사고,0,0,1,0,차량단독 - 전도전복,안전운전불이행,건조,맑음,교차로 - 교차로부근,화물,남,53세,경상,,,,
2016020300100207,2016년 2월 3일 10시,수요일,광주광역시 서구 농성동,경상사고,0,0,1,0,차대차 - 측면직각충돌,신호위반,건조,맑음,교차로 - 교차로안,승용,여,58세,상해없음,승용,남,32세,경상
2016020300100208,2016년 2월 3일 10시,수요일,광주광역시 북구 중흥동,중상사고,0,1,3,0,차대차 - 측면직각충돌,신호위반,건조,맑음,교차로 - 교차로안,승용,남,63세,상해없음,승용,남,60세,경상
2016020300100345,2016년 2월 3일 14시,수요일,광주광역시 북구 월출동,경상사고,0,0,1,0,차대차 - 측면충돌,중앙선침범,건조,맑음,교차로 - 교차로부근,이륜,남,64세,경상,화물,남,44세,상해없음
2016020300100346,2016년 2월 3일 14시,수요일,광주광역시 북구 각화동,경상사고,0,0,1,0,차대차 - 추돌,안전운전불이행,건조,맑음,단일로 - 기타,승용,남,54세,상해없음,승용,남,48세,경상
2016020300100347,2016년 2월 3일 14시,수요일,광주광역시 광산구 산정동,경상사고,0,0,2,0,차대차 - 추돌,안전운전불이행,건조,맑음,단일로 - 기타,화물,남,41세,상해없음,이륜,남,23세,경상
2016020300100388,2016년 2월 3일 15시,수요일,광주광역시 광산구 신가동,경상사고,0,0,1,0,차대차 - 측면직각충돌,차로위반,건조,맑음,교차로 - 교차로부근,승용,남,58세,상해없음,이륜,남,17세,경상
2016020300100438,2016년 2월 3일 16시,수요일,광주광역시 동구 대인동,중상사고,0,1,0,0,차대차 - 기타,안전거리미확보,건조,맑음,단일로 - 기타,화물,여,62세,기타불명,승합,남,54세,상해없음
2016020300100518,2016년 2월 3일 18시,수요일,광주광역시 광산구 우산동,경상사고,0,0,1,0,차대차 - 추돌,차로위반,건조,맑음,단일로 - 기타,특수,남,50세,기타불명,승용,여,46세,경상
2016020300100561,2016년 2월 3일 19시,수요일,광주광역시 동구 대인동,경상사고,0,0,1,0,차대차 - 측면충돌,안전거리미확보,건조,맑음,단일로 - 기타,승용,남,55세,상해없음,승용,여,39세,경상
2016020300100634,2016년 2월 3일 21시,수요일,광주광역시 남구 월산동,경상사고,0,0,1,0,차대차 - 추돌,안전거리미확보,건조,맑음,단일로 - 기타,승용,남,43세,상해없음,승용,남,56세,경상
2016020300100673,2016년 2월 3일 22시,수요일,광주광역시 북구 중흥동,경상사고,0,0,5,0,차대차 - 측면충돌,안전운전불이행,건조,맑음,단일로 - 기타,승용,남,54세,상해없음,승합,남,47세,기타불명
2016020300100674,2016년 2월 3일 22시,수요일,광주광역시 광산구 수완동,중상사고,0,1,10,0,차대차 - 추돌,안전운전불이행,건조,맑음,단일로 - 기타,승용,남,37세,상해없음,승용,여,46세,경상
2016020300100698,2016년 2월 3일 23시,수요일,광주광역시 북구 신안동,경상사고,0,0,1,0,차대차 - 측면직각충돌,차로위반,건조,맑음,단일로 - 기타,승용,남,29세,상해없음,승용,남,30세,경상
2016020400100056,2016년 2월 4일 03시,목요일,광주광역시 북구 용봉동,경상사고,0,0,1,0,차대차 - 추돌,안전거리미확보,건조,맑음,교차로 - 교차로부근,승용,남,45세,상해없음,승용,남,55세,경상
2016020400100121,2016년 2월 4일 07시,목요일,광주광역시 북구 두암동,중상사고,0,1,0,0,차대사람 - 횡단중,안전운전불이행,습기,흐림,교차로 - 교차로부근,승용,여,38세,상해없음,보행자,남,84세,중상
2016020400100174,2016년 2월 4일 08시,목요일,광주광역시 광산구 진곡동,경상사고,0,0,2,0,차대차 - 정면충돌,신호위반,건조,맑음,교차로 - 교차로안,승용,남,26세,상해없음,화물,남,44세,경상
2016020400100239,2016년 2월 4일 10시,목요일,광주광역시 서구 쌍촌동,경상사고,0,0,1,0,차대사람 - 횡단중,보행자보호의무위반,건조,맑음,교차로 - 교차로부근,승용,여,46세,상해없음,보행자,여,53세,경상
2016020400100266,2016년 2월 4일 11시,목요일,광주광역시 광산구 월곡동,중상사고,0,1,0,0,차대차 - 측면직각충돌,신호위반,건조,맑음,교차로 - 교차로안,승합,남,59세,상해없음,원동기,남,69세,중상
2016020400100326,2016년 2월 4일 13시,목요일,광주광역시 북구 양산동,경상사고,0,0,1,0,차대사람 - 횡단중,안전운전불이행,건조,맑음,단일로 - 기타,승용,여,37세,상해없음,보행자,남,16세,경상
2016020400100362,2016년 2월 4일 14시,목요일,광주광역시 동구 동명동,경상사고,0,0,1,0,차대차 - 측면충돌,중앙선침범,건조,맑음,단일로 - 기타,승용,남,53세,상해없음,승용,남,55세,경상
2016020400100363,2016년 2월 4일 14시,목요일,광주광역시 서구 쌍촌동,경상사고,0,0,1,0,차대차 - 정면충돌,안전운전불이행,건조,맑음,단일로 - 기타,자전거,남,16세,경상,승용,남,28세,상해없음
2016020400100364,2016년 2월 4일 14시,목요일,광주광역시 서구 동천동,경상사고,0,0,1,0,차대차 - 측면직각충돌,안전거리미확보,건조,맑음,교차로 - 교차로부근,승용,남,71세,상해없음,승용,여,47세,상해없음
2016020400100365,2016년 2월 4일 14시,목요일,광주광역시 남구 진월동,중상사고,0,1,0,0,차대사람 - 보도통행중,기타,건조,맑음,단일로 - 기타,승용,여,60세,상해없음,보행자,남,4세,중상
2016020400100366,2016년 2월 4일 14시,목요일,광주광역시 북구 동림동,중상사고,0,1,0,0,차대사람 - 횡단중,안전운전불이행,건조,맑음,단일로 - 기타,승용,남,67세,상해없음,보행자,여,38세,중상
2016020400100416,2016년 2월 4일 15시,목요일,광주광역시 광산구 운수동,경상사고,0,0,1,0,차대차 - 측면직각충돌,교차로운행방법위반,건조,맑음,교차로 - 교차로안,승용,남,51세,상해없음,승용,남,29세,상해없음
2016020400100523,2016년 2월 4일 18시,목요일,광주광역시 광산구 산월동,경상사고,0,0,1,0,차대차 - 추돌,안전운전불이행,건조,맑음,단일로 - 기타,승용,남,56세,상해없음,승용,여,54세,경상
2016020400100539,2016년 2월 4일 18시,목요일,광주광역시 동구 대인동,경상사고,0,0,1,0,차대차 - 기타,안전운전불이행,건조,맑음,기타 - 기타,이륜,남,67세,상해없음,승용,남,55세,상해없음
2016020400100540,2016년 2월 4일 18시,목요일,광주광역시 광산구 산정동,경상사고,0,0,4,0,차대차 - 추돌,교차로운행방법위반,건조,맑음,교차로 - 교차로안,승용,여,21세,경상,승용,남,68세,경상