사고번호,사고일시,요일,시군구,사고내용,사망자수,중상자수,경상자수,부상신고자수,사고유형,법규위반,노면상태,기상상태,도로형태,가해운전자 차종,가해운전자 성별,가해운전자 연령,가해운전자 상해정도,피해운전자 차종,피해운전자 성별,피해운전자 연령,피해운전자 상해정도
2016020400100573,2016년 2월 4일 19시,목요일,광주광역시 서구 치평동,중상사고,0,1,0,0,차대사람 - 기타,안전운전불이행,건조,맑음,단일로 - 기타,승용,남,53세,상해없음,보행자,남,20세,중상
2016020400100574,2016년 2월 4일 19시,목요일,광주광역시 북구 동림동,경상사고,0,0,1,0,차대차 - 기타,안전운전불이행,건조,맑음,단일로 - 기타,승용,남,52세,상해없음,이륜,남,69세,경상
2016020400100575,2016년 2월 4일 19시,목요일,광주광역시 광산구 선암동,중상사고,0,1,0,0,차대차 - 추돌,안전운전불이행,건조,맑음,교차로 - 교차로부근,승용,남,36세,기타불명,승용,여,35세,중상
2016020400100633,2016년 2월 4일 21시,목요일,광주광역시 북구 중흥동,경상사고,0,0,3,0,차대차 - 추돌,안전운전불이행,건조,맑음,교차로 - 교차로부근,화물,남,34세,기타불명,승용,남,48세,경상
2016020400100634,2016년 2월 4일 21시,목요일,광주광역시 북구 문흥동,경상사고,0,0,2,0,차대차 - 추돌,안전운전불이행,건조,맑음,단일로 - 기타,승용,남,41세,상해없음,승용,남,60세,경상
2016020400100635,2016년 2월 4일 21시,목요일,광주광역시 광산구 소촌동,경상사고,0,0,2,0,차대차 - 추돌,안전거리미확보,건조,맑음,단일로 - 기타,승용,남,50세,상해없음,승용,여,43세,경상
2016020400100653,2016년 2월 4일 22시,목요일,광주광역시 남구 주월동,경상사고,0,0,2,0,차대차 - 정면충돌,신호위반,건조,맑음,교차로 - 교차로안,승용,여,36세,상해없음,승용,남,36세,경상
2016020400100654,2016년 2월 4일 22시,목요일,광주광역시 북구 각화동,중상사고,0,2,0,0,차대차 - 정면충돌,신호위반,건조,맑음,교차로 - 교차로안,승용,여,42세,중상,화물,남,44세,중상
2016020400100679,2016년 2월 4일 23시,목요일,광주광역시 광산구 신창동,중상사고,0,3,3,0,차대차 - 정면충돌,안전운전불이행,건조,맑음,단일로 - 기타,승용,여,46세,중상,승용,남,44세,경상
2016020500100020,2016년 2월 5일 00시,금요일,광주광역시 남구 주월동,경상사고,0,0,3,0,차대차 - 측면충돌,안전운전불이행,건조,맑음,단일로 - 기타,승용,남,32세,상해없음,승용,남,29세,경상
2016020500100046,2016년 2월 5일 02시,금요일,광주광역시 북구 신안동,경상사고,0,0,1,0,차대차 - 측면충돌,안전운전불이행,건조,맑음,단일로 - 기타,승용,남,33세,상해없음,승용,남,58세,상해없음
2016020500100050,2016년 2월 5일 03시,금요일,광주광역시 서구 마륵동,중상사고,0,1,0,0,차량단독 - 전도전복,안전운전불이행,건조,맑음,단일로 - 기타,승용,남,23세,상해없음,,,,
2016020500100051,2016년 2월 5일 03시,금요일,광주광역시 서구 치평동,경상사고,0,0,1,0,차대사람 - 횡단중,안전운전불이행,건조,맑음,단일로 - 기타,승용,남,49세,상해없음,보행자,여,19세,경상
2016020500100109,2016년 2월 5일 07시,금요일,광주광역시 광산구 산정동,경상사고,0,0,1,0,차대차 - 측면직각충돌,안전거리미확보,건조,맑음,단일로 - 기타,화물,남,59세,상해없음,승용,여,52세,경상
2016020500100158,2016년 2월 5일 08시,금요일,광주광역시 서구 풍암동,경상사고,0,0,1,0,차대차 - 기타,안전운전불이행,기타,기타,단일로 - 기타,승용,남,55세,상해없음,자전거,남,85세,경상
2016020500100159,2016년 2월 5일 08시,금요일,광주광역시 서구 서창동,경상사고,0,0,1,0,차대차 - 측면직각충돌,차로위반,건조,맑음,단일로 - 기타,승용,남,64세,상해없음,승용,남,35세,경상
2016020500100192,2016년 2월 5일 09시,금요일,광주광역시 서구 농성동,경상사고,0,0,3,0,차대차 - 측면직각충돌,안전운전불이행,건조,맑음,단일로 - 기타,승용,여,28세,경상,승용,여,37세,경상
2016020500100316,2016년 2월 5일 13시,금요일,광주광역시 서구 풍암동,경상사고,0,0,3,0,차대차 - 측면충돌,신호위반,건조,맑음,교차로 - 교차로부근,승용,여,39세,상해없음,승용,남,64세,경상
2016020500100317,2016년 2월 5일 13시,금요일,광주광역시 남구 진월동,경상사고,0,0,1,0,차대차 - 측면충돌,차로위반,건조,맑음,단일로 - 기타,승용,남,66세,상해없음,승용,남,40세,상해없음
2016020500100350,2016년 2월 5일 14시,금요일,광주광역시 북구 삼각동,경상사고,0,0,2,0,차대차 - 측면충돌,안전거리미확보,건조,맑음,단일로 - 기타,승용,남,67세,상해없음,승용,여,39세,경상
2016020500100403,2016년 2월 5일 15시,금요일,광주광역시 서구 광천동,경상사고,0,0,1,0,차대차 - 측면직각충돌,차로위반,건조,맑음,단일로 - 기타,자전거,남,73세,경상,승용,남,51세,상해없음
2016020500100404,2016년 2월 5일 15시,금요일,광주광역시 광산구 월곡동,경상사고,0,0,1,0,차량단독 - 전도전복,안전운전불이행,건조,맑음,단일로 - 기타,원동기,남,30세,경상,,,,
2016020500100474,2016년 2월 5일 17시,금요일,광주광역시 서구 풍암동,중상사고,0,1,0,0,차대사람 - 횡단중,보행자보호의무위반,건조,맑음,교차로 - 교차로부근,화물,남,53세,상해없음,보행자,여,60세,중상
2016020500100556,2016년 2월 5일 19시,금요일,광주광역시 서구 유촌동,경상사고,0,0,4,0,차대차 - 측면직각충돌,중앙선침범,건조,맑음,교차로 - 교차로부근,승용,남,31세,상해없음,승용,남,28세,경상
2016020500100557,2016년 2월 5일 19시,금요일,광주광역시 광산구 소촌동,경상사고,0,0,1,0,차대차 - 측면충돌,중앙선침범,건조,맑음,단일로 - 기타,승용,남,30세,상해없음,원동기,남,52세,경상
2016020500100683,2016년 2월 5일 23시,금요일,광주광역시 서구 쌍촌동,경상사고,0,0,2,0,차대차 - 정면충돌,안전운전불이행,건조,맑음,교차로 - 교차로부근,승용,남,52세,상해없음,승용,남,31세,경상
2016020500100684,2016년 2월 5일 23시,금요일,광주광역시 서구 서창동,경상사고,0,0,2,0,차대차 - 측면직각충돌,안전운전불이행,건조,맑음,교차로 - 교차로부근,승용,남,27세,상해없음,승용,남,58세,경상
2016020600100027,2016년 2월 6일 00시,토요일,광주광역시 북구 매곡동,경상사고,0,0,1,0,차대차 - 측면직각충돌,안전운전불이행,건조,맑음,단일로 - 기타,승용,남,35세,기타불명,승용,남,59세,경상
2016020600100028,2016년 2월 6일 00시,토요일,광주광역시 광산구 월곡동,경상사고,0,0,1,0,차대사람 - 기타,안전운전불이행,건조,맑음,교차로 - 교차로부근,승용,남,48세,상해없음,보행자,여,38세,경상
2016020600100054,2016년 2월 6일 01시,토요일,광주광역시 광산구 우산동,경상사고,0,0,3,0,차대차 - 측면충돌,신호위반,건조,맑음,교차로 - 교차로부근,승용,남,43세,경상,승용,여,58세,경상
2016020600100068,2016년 2월 6일 02시,토요일,광주광역시 서구 금호동,사망사고,1,1,0,0,차대사람 - 횡단중,과속,건조,맑음,교차로 - 교차로안,승용,남,30세,상해없음,보행자,남,22세,사망
2016020600100091,2016년 2월 6일 04시,토요일,광주광역시 남구 사동,경상사고,0,0,1,0,차대차 - 측면직각충돌,교차로운행방법위반,건조,맑음,교차로 - 교차로안,승용,남,62세,상해없음,승용,남,25세,경상
2016020600100092,2016년 2월 6일 04시,토요일,광주광역시 북구 용봉동,중상사고,0,2,2,0,차대차 - 정면충돌,중앙선침범,건조,맑음,교차로 - 교차로부근,이륜,남,23세,중상,승용,남,48세,상해없음
2016020600100107,2016년 2월 6일 05시,토요일,광주광역시 서구 치평동,경상사고,0,0,2,0,차대차 - 정면충돌,직진우회전진행방해,건조,맑음,교차로 - 교차로안,승용,남,53세,상해없음,승용,남,23세,경상
2016020600100169,2016년 2월 6일 09시,토요일,광주광역시 광산구 옥동,경상사고,0,0,1,0,차대차 - 측면충돌,안전거리미확보,건조,맑음,단일로 - 기타,화물,남,29세,상해없음,승용,남,41세,경상
2016020600100219,2016년 2월 6일 11시,토요일,광주광역시 광산구 신가동,경상사고,0,0,1,0,차대사람 - 기타,안전운전불이행,건조,맑음,단일로 - 기타,승용,남,35세,상해없음,보행자,남,17세,경상
2016020600100249,2016년 2월 6일 12시,토요일,광주광역시 북구 두암동,경상사고,0,0,1,0,차대차 - 기타,교차로운행방법위반,건조,맑음,교차로 - 교차로안,승용,남,35세,상해없음,원동기,남,19세,경상
2016020600100250,2016년 2월 6일 12시,토요일,광주광역시 광산구 월곡동,경상사고,0,0,3,0,차대차 - 측면충돌,안전거리미확보,건조,맑음,단일로 - 기타,승용,여,33세,경상,승용,남,40세,경상
2016020600100319,2016년 2월 6일 14시,토요일,광주광역시 서구 금호동,경상사고,0,0,1,0,차대차 - 측면직각충돌,차로위반,건조,맑음,단일로 - 기타,승용,여,38세,상해없음,승용,여,54세,경상
2016020600100347,2016년 2월 6일 15시,토요일,광주광역시 서구 쌍촌동,부상신고사고,0,0,0,1,차대사람 - 횡단중,안전운전불이행,건조,맑음,교차로 - 교차로안,기타불명,기타불명,기타불명,기타불명,보행자,여,65세,부상신고
2016020600100348,2016년 2월 6일 15시,토요일,광주광역시 북구 양산동,중상사고,0,1,2,0,차대차 - 측면직각충돌,신호위반,건조,맑음,교차로 - 교차로안,승용,남,68세,상해없음,승용,남,52세,경상
2016020600100349,2016년 2월 6일 15시,토요일,광주광역시 광산구 월계동,경상사고,0,0,1,0,차대차 - 추돌,안전운전불이행,건조,맑음,단일로 - 기타,승용,남,42세,상해없음,승용,여,53세,경상
2016020600100416,2016년 2월 6일 17시,토요일,광주광역시 북구 운암동,경상사고,0,0,1,0,차대차 - 측면충돌,교차로운행방법위반,건조,맑음,교차로 - 교차로안,승용,여,32세,상해없음,이륜,남,21세,경상
2016020600100451,2016년 2월 6일 18시,토요일,광주광역시 서구 화정동,경상사고,0,0,1,0,차대차 - 추돌,안전운전불이행,건조,맑음,교차로 - 교차로부근,승용,남,65세,상해없음,이륜,남,39세,경상
2016020600100452,2016년 2월 6일 18시,토요일,광주광역시 남구 주월동,중상사고,0,1,0,0,차대사람 - 횡단중,신호위반,건조,맑음,단일로 - 횡단보도상,승용,남,57세,상해없음,보행자,여,70세,중상
2016020600100538,2016년 2월 6일 21시,토요일,광주광역시 서구 풍암동,중상사고,0,1,0,0,차대사람 - 횡단중,안전운전불이행,건조,맑음,교차로 - 교차로부근,승용,여,52세,상해없음,보행자,여,41세,중상
2016020600100551,2016년 2월 6일 22시,토요일,광주광역시 남구 방림동,부상신고사고,0,0,0,1,차대차 - 기타,교차로운행방법위반,건조,맑음,교차로 - 교차로안,승용,남,30세,상해없음,원동기,남,17세,부상신고
2016020600100552,2016년 2월 6일 22시,토요일,광주광역시 광산구 쌍암동,경상사고,0,0,3,0,차대차 - 추돌,안전운전불이행,건조,맑음,교차로 - 교차로안,승용,남,48세,상해없음,승용,남,27세,경상
2016020700100034,2016년 2월 7일 01시,일요일,광주광역시 서구 치평동,경상사고,0,0,1,0,차대차 - 정면충돌,안전운전불이행,건조,맑음,교차로 - 교차로안,승용,남,33세,상해없음,승용,남,53세,경상
2016020700100059,2016년 2월 7일 03시,일요일,광주광역시 서구 치평동,경상사고,0,0,1,0,차대사람 - 횡단중,안전운전불이행,건조,맑음,교차로 - 교차로안,승용,남,60세,상해없음,보행자,남,45세,경상
2016020700100060,2016년 2월 7일 03시,일요일,광주광역시 서구 치평동,경상사고,0,0,3,0,차대차 - 측면직각충돌,교차로운행방법위반,건조,맑음,교차로 - 교차로안,승용,남,24세,상해없음,승용,남,56세,상해없음
2016020700100061,2016년 2월 7일 03시,일요일,광주광역시 북구 신안동,부상신고사고,0,0,0,1,차량단독 - 전도전복,기타,건조,맑음,교차로 - 교차로안,원동기,남,31세,부상신고,,,,
2016020700100117,2016년 2월 7일 08시,일요일,광주광역시 서구 쌍촌동,경상사고,0,0,1,0,차대사람 - 횡단중,신호위반,건조,맑음,교차로 - 교차로부근,승용,남,30세,상해없음,보행자,여,8세,경상
2016020700100162,2016년 2월 7일 10시,일요일,광주광역시 북구 일곡동,경상사고,0,0,1,0,차대차 - 측면충돌,신호위반,건조,맑음,교차로 - 교차로안,자전거,남,88세,경상,승용,여,38세,상해없음
2016020700100187,2016년 2월 7일 11시,일요일,광주광역시 서구 치평동,경상사고,0,0,1,0,차대차 - 추돌,안전운전불이행,건조,맑음,단일로 - 기타,승용,남,23세,상해없음,승용,남,52세,경상
2016020700100188,2016년 2월 7일 11시,일요일,광주광역시 광산구 월계동,경상사고,0,0,1,0,차대차 - 측면직각충돌,안전운전불이행,건조,맑음,교차로 - 교차로부근,승용,남,56세,상해없음,승용,남,61세,상해없음
2016020700100283,2016년 2월 7일 15시,일요일,광주광역시 서구 화정동,경상사고,0,0,2,0,차대차 - 측면직각충돌,교차로운행방법위반,건조,맑음,교차로 - 교차로안,승용,여,55세,상해없음,승용,여,63세,경상
2016020700100334,2016년 2월 7일 18시,일요일,광주광역시 남구 지석동,경상사고,0,0,2,0,차대차 - 측면충돌,신호위반,건조,흐림,교차로 - 교차로안,승용,여,49세,경상,승용,남,30세,경상
2016020700100356,2016년 2월 7일 19시,일요일,광주광역시 서구 풍암동,중상사고,0,1,2,0,차대차 - 정면충돌,교차로운행방법위반,건조,맑음,교차로 - 교차로안,승용,남,26세,상해없음,승용,남,57세,경상
2016020700100417,2016년 2월 7일 23시,일요일,광주광역시 광산구 도산동,중상사고,0,1,0,0,차대사람 - 횡단중,안전운전불이행,건조,맑음,단일로 - 기타,승용,남,50세,상해없음,보행자,남,54세,중상
2016020800100023,2016년 2월 8일 01시,월요일,광주광역시 광산구 안청동,중상사고,0,1,0,0,차량단독 - 기타,안전운전불이행,건조,맑음,단일로 - 기타,이륜,남,25세,중상,,,,
2016020800100095,2016년 2월 8일 10시,월요일,광주광역시 남구 송하동,경상사고,0,0,6,0,차대차 - 추돌,안전거리미확보,건조,맑음,단일로 - 기타,승용,남,54세,상해없음,승용,여,44세,경상
2016020800100096,2016년 2월 8일 10시,월요일,광주광역시 남구 송하동,경상사고,0,0,2,0,차대차 - 추돌,안전거리미확보,건조,맑음,단일로 - 기타,승용,남,70세,기타불명,승용,여,52세,경상
2016020800100097,2016년 2월 8일 10시,월요일,광주광역시 광산구 우산동,중상사고,0,1,2,2,차대차 - 추돌,중앙선침범,건조,맑음,교차로 - 교차로부근,승용,여,18세,상해없음,승용,남,52세,경상
2016020800100119,2016년 2월 8일 11시,월요일,광주광역시 서구 매월동,경상사고,0,0,4,0,차대차 - 측면직각충돌,신호위반,건조,맑음,교차로 - 교차로안,승용,남,26세,상해없음,승용,남,48세,경상
2016020800100142,2016년 2월 8일 12시,월요일,광주광역시 북구 운암동,중상사고,0,1,1,0,차대차 - 추돌,안전거리미확보,건조,맑음,교차로 - 교차로부근,승용,남,48세,상해없음,승용,남,58세,경상
2016020800100160,2016년 2월 8일 13시,월요일,광주광역시 광산구 운수동,경상사고,0,0,4,0,차대차 - 추돌,안전운전불이행,건조,맑음,단일로 - 기타,승용,남,41세,상해없음,승용,남,44세,경상
2016020800100180,2016년 2월 8일 14시,월요일,광주광역시 서구 쌍촌동,경상사고,0,0,1,0,차대차 - 측면충돌,안전거리미확보,건조,맑음,단일로 - 기타,승용,남,44세,경상,승용,남,41세,상해없음
2016020800100181,2016년 2월 8일 14시,월요일,광주광역시 남구 구동,경상사고,0,0,1,0,차대차 - 측면충돌,안전운전불이행,건조,맑음,단일로 - 기타,승용,남,67세,상해없음,원동기,남,61세,경상
2016020800100182,2016년 2월 8일 14시,월요일,광주광역시 남구 백운동,경상사고,0,0,1,0,차대차 - 측면충돌,안전거리미확보,건조,맑음,단일로 - 기타,화물,남,73세,상해없음,승용,남,47세,상해없음
2016020800100280,2016년 2월 8일 18시,월요일,광주광역시 서구 쌍촌동,경상사고,0,0,1,0,차대차 - 측면직각충돌,안전운전불이행,건조,맑음,단일로 - 기타,승용,남,50세,상해없음,승용,남,25세,경상
2016020800100281,2016년 2월 8일 18시,월요일,광주광역시 북구 신안동,경상사고,0,0,1,0,차대사람 - 길가장자리구역통행중,안전운전불이행,건조,맑음,단일로 - 기타,승용,남,33세,상해없음,보행자,여,60세,경상
2016020800100282,2016년 2월 8일 18시,월요일,광주광역시 광산구 하남동,중상사고,0,1,0,0,차대사람 - 횡단중,안전운전불이행,습기,흐림,단일로 - 기타,승용,남,41세,상해없음,보행자,여,74세,중상
2016020800100324,2016년 2월 8일 20시,월요일,광주광역시 동구 충장로4가,부상신고사고,0,0,0,1,차대차 - 추돌,안전거리미확보,건조,맑음,단일로 - 기타,승용,남,39세,상해없음,승용,남,55세,부상신고
2016020800100325,2016년 2월 8일 20시,월요일,광주광역시 남구 방림동,경상사고,0,0,1,0,차대차 - 측면직각충돌,교차로운행방법위반,건조,맑음,교차로 - 교차로안,승용,여,50세,상해없음,승용,남,28세,경상
2016020800100326,2016년 2월 8일 20시,월요일,광주광역시 광산구 운수동,경상사고,0,0,6,0,차대차 - 추돌,안전운전불이행,건조,맑음,교차로 - 교차로부근,승용,여,44세,상해없음,승용,여,37세,경상
2016020800100348,2016년 2월 8일 21시,월요일,광주광역시 서구 화정동,경상사고,0,0,4,0,차대차 - 추돌,안전운전불이행,건조,맑음,단일로 - 기타,승용,남,38세,기타불명,승용,여,49세,경상
2016020800100366,2016년 2월 8일 22시,월요일,광주광역시 서구 금호동,경상사고,0,0,5,0,차대차 - 추돌,안전거리미확보,건조,흐림,단일로 - 기타,승용,남,22세,기타불명,승용,여,38세,경상
2016020800100367,2016년 2월 8일 22시,월요일,광주광역시 북구 운암동,경상사고,0,0,6,0,차대차 - 추돌,안전거리미확보,건조,맑음,단일로 - 기타,승용,남,36세,상해없음,승용,남,50세,상해없음
2016020800100381,2016년 2월 8일 23시,월요일,광주광역시 광산구 월전동,경상사고,0,0,1,0,차대차 - 측면충돌,신호위반,건조,맑음,교차로 - 교차로안,승용,남,25세,상해없음,승용,남,56세,경상
2016020900100013,2016년 2월 9일 00시,화요일,광주광역시 광산구 운수동,경상사고,0,0,2,2,차대차 - 측면충돌,안전운전불이행,습기,맑음,단일로 - 횡단보도부근,승용,남,52세,상해없음,승용,남,36세,경상
2016020900100024,2016년 2월 9일 01시,화요일,광주광역시 서구 치평동,경상사고,0,0,2,0,차대차 - 추돌,안전운전불이행,건조,맑음,교차로 - 교차로부근,승용,여,42세,상해없음,승용,여,31세,경상
2016020900100042,2016년 2월 9일 03시,화요일,광주광역시 동구 금동,경상사고,0,0,1,0,차대사람 - 차도통행중,안전운전불이행,건조,흐림,단일로 - 기타,기타불명,기타불명,기타불명,기타불명,보행자,남,24세,경상
2016020900100043,2016년 2월 9일 03시,화요일,광주광역시 동구 계림동,경상사고,0,0,2,0,차대차 - 추돌,안전운전불이행,건조,맑음,교차로 - 교차로부근,승용,남,23세,상해없음,승용,남,46세,경상
2016020900100044,2016년 2월 9일 03시,화요일,광주광역시 북구 충효동,경상사고,0,0,1,0,차량단독 - 전도전복,안전운전불이행,건조,맑음,단일로 - 기타,승용,남,21세,경상,,,,
2016020900100076,2016년 2월 9일 07시,화요일,광주광역시 서구 광천동,경상사고,0,0,1,0,차대차 - 측면직각충돌,교차로운행방법위반,건조,맑음,교차로 - 교차로부근,기타불명,기타불명,기타불명,기타불명,승합,남,55세,경상
2016020900100125,2016년 2월 9일 11시,화요일,광주광역시 북구 신용동,경상사고,0,0,1,0,차대차 - 측면직각충돌,불법유턴,건조,맑음,단일로 - 기타,승용,여,52세,상해없음,승용,남,43세,상해없음
2016020900100166,2016년 2월 9일 13시,화요일,광주광역시 서구 농성동,경상사고,0,0,2,0,차대차 - 측면직각충돌,안전거리미확보,건조,맑음,교차로 - 교차로부근,승용,여,62세,경상,승용,남,28세,경상
2016020900100186,2016년 2월 9일 14시,화요일,광주광역시 서구 광천동,경상사고,0,0,3,0,차대차 - 측면직각충돌,안전거리미확보,건조,맑음,단일로 - 기타,승용,남,63세,상해없음,승용,남,49세,경상
2016020900100237,2016년 2월 9일 16시,화요일,광주광역시 서구 유촌동,경상사고,0,0,3,0,차대차 - 측면직각충돌,안전운전불이행,건조,맑음,교차로 - 교차로안,승용,남,30세,상해없음,승용,남,34세,경상
2016020900100284,2016년 2월 9일 18시,화요일,광주광역시 서구 치평동,중상사고,0,1,0,0,차대사람 - 횡단중,안전운전불이행,건조,맑음,단일로 - 기타,승용,남,24세,상해없음,보행자,여,66세,중상
2016020900100310,2016년 2월 9일 19시,화요일,광주광역시 서구 치평동,경상사고,0,0,3,0,차대차 - 측면직각충돌,안전운전불이행,건조,맑음,단일로 - 기타,승용,여,43세,상해없음,승용,남,44세,경상
2016020900100311,2016년 2월 9일 19시,화요일,광주광역시 남구 백운동,경상사고,0,0,2,0,차대차 - 정면충돌,중앙선침범,건조,맑음,단일로 - 기타,승용,남,53세,상해없음,승용,여,33세,경상
2016020900100312,2016년 2월 9일 19시,화요일,광주광역시 북구 운암동,경상사고,0,0,2,0,차대차 - 추돌,안전운전불이행,건조,맑음,단일로 - 기타,승용,남,69세,상해없음,승용,남,67세,경상
2016020900100313,2016년 2월 9일 19시,화요일,광주광역시 북구 운암동,경상사고,0,0,1,0,차대차 - 측면충돌,안전운전불이행,건조,맑음,교차로 - 교차로안,승용,여,54세,상해없음,원동기,남,17세,경상
2016020900100393,2016년 2월 9일 23시,화요일,광주광역시 북구 운암동,경상사고,0,0,1,0,차대차 - 측면직각충돌,교차로운행방법위반,건조,맑음,교차로 - 교차로안,승용,남,36세,상해없음,승용,남,24세,경상
2016020900100394,2016년 2월 9일 23시,화요일,광주광역시 광산구 월계동,경상사고,0,0,1,0,차대사람 - 횡단중,안전운전불이행,건조,맑음,단일로 - 기타,기타불명,기타불명,기타불명,기타불명,보행자,남,56세,경상
2016021000100055,2016년 2월 10일 04시,수요일,광주광역시 광산구 도산동,사망사고,1,0,0,0,차대사람 - 기타,안전운전불이행,건조,맑음,기타 - 기타,승합,남,57세,상해없음,보행자,남,66세,사망
2016021000100075,2016년 2월 10일 07시,수요일,광주광역시 북구 운암동,경상사고,0,0,1,0,차대차 - 측면충돌,안전운전불이행,건조,맑음,교차로 - 교차로안,승용,기타불명,38세,기타불명,승용,남,65세,경상
2016021000100091,2016년 2월 10일 09시,수요일,광주광역시 광산구 송치동,중상사고,0,1,0,0,차량단독 - 전도전복,안전운전불이행,건조,맑음,교차로 - 교차로부근,승용,남,76세,상해없음,,,,
2016021000100181,2016년 2월 10일 13시,수요일,광주광역시 광산구 안청동,경상사고,0,0,2,0,차대차 - 측면직각충돌,신호위반,건조,맑음,교차로 - 교차로안,승용,남,42세,경상,화물,여,44세,경상
2016021000100204,2016년 2월 10일 14시,수요일,광주광역시 북구 풍향동,경상사고,0,0,2,0,차대차 - 측면직각충돌,신호위반,건조,맑음,교차로 - 교차로안,승용,남,42세,상해없음,승용,남,33세,경상
2016021000100238,2016년 2월 10일 15시,수요일,광주광역시 서구 치평동,경상사고,0,0,1,0,차대사람 - 기타,안전운전불이행,건조,맑음,단일로 - 기타,승용,여,61세,기타불명,보행자,여,14세,경상
2016021000100267,2016년 2월 10일 16시,수요일,광주광역시 서구 광천동,경상사고,0,0,1,0,차대차 - 측면직각충돌,안전운전불이행,건조,맑음,교차로 - 교차로안,승용,남,62세,상해없음,승용,남,69세,상해없음
2016021000100288,2016년 2월 10일 17시,수요일,광주광역시 광산구 신가동,경상사고,0,0,5,0,차대차 - 측면충돌,중앙선침범,건조,맑음,단일로 - 기타,승합,남,65세,상해없음,화물,남,42세,상해없음
2016021000100318,2016년 2월 10일 18시,수요일,광주광역시 서구 화정동,경상사고,0,0,4,0,차대차 - 추돌,안전거리미확보,건조,맑음,단일로 - 기타,승용,여,62세,경상,승용,남,54세,경상
2016021000100319,2016년 2월 10일 18시,수요일,광주광역시 남구 월산동,경상사고,0,0,2,0,차대차 - 정면충돌,교차로운행방법위반,건조,맑음,교차로 - 교차로안,이륜,남,79세,경상,승용,남,27세,경상
2016021000100320,2016년 2월 10일 18시,수요일,광주광역시 광산구 우산동,경상사고,0,0,1,0,차대차 - 정면충돌,교차로운행방법위반,건조,맑음,교차로 - 교차로안,승용,남,27세,상해없음,승용,여,54세,경상
2016021000100351,2016년 2월 10일 19시,수요일,광주광역시 서구 쌍촌동,경상사고,0,0,3,1,차대차 - 정면충돌,불법유턴,건조,맑음,단일로 - 기타,승용,여,41세,상해없음,승용,남,33세,경상
2016021000100371,2016년 2월 10일 20시,수요일,광주광역시 서구 화정동,경상사고,0,0,1,0,차대차 - 측면충돌,안전운전불이행,건조,맑음,단일로 - 기타,승용,여,27세,상해없음,이륜,남,18세,경상
2016021000100397,2016년 2월 10일 21시,수요일,광주광역시 동구 지산동,중상사고,0,1,1,0,차대차 - 측면충돌,불법유턴,건조,맑음,교차로 - 교차로부근,승용,여,27세,상해없음,승용,남,60세,경상
2016021000100418,2016년 2월 10일 22시,수요일,광주광역시 북구 월출동,중상사고,0,1,0,0,차대사람 - 횡단중,안전운전불이행,건조,맑음,교차로 - 교차로안,화물,남,40세,상해없음,보행자,남,44세,중상
2016021100100015,2016년 2월 11일 00시,목요일,광주광역시 서구 광천동,경상사고,0,0,2,0,차대차 - 기타,교차로운행방법위반,건조,맑음,교차로 - 교차로안,승용,남,55세,상해없음,승용,남,28세,경상
2016021100100028,2016년 2월 11일 02시,목요일,광주광역시 서구 치평동,경상사고,0,0,4,0,차대차 - 추돌,안전거리미확보,건조,맑음,단일로 - 기타,승용,여,27세,상해없음,승용,남,21세,경상
2016021100100033,2016년 2월 11일 03시,목요일,광주광역시 광산구 신가동,경상사고,0,0,2,0,차대차 - 추돌,안전운전불이행,건조,맑음,단일로 - 기타,승용,남,37세,상해없음,화물,남,49세,경상
2016021100100058,2016년 2월 11일 06시,목요일,광주광역시 서구 유촌동,경상사고,0,0,3,0,차대차 - 정면충돌,신호위반,건조,맑음,교차로 - 교차로안,승용,남,24세,상해없음,승합,남,46세,상해없음
2016021100100097,2016년 2월 11일 08시,목요일,광주광역시 북구 문흥동,경상사고,0,0,1,0,차대차 - 측면충돌,안전운전불이행,건조,맑음,교차로 - 교차로안,승용,남,40세,기타불명,승용,남,43세,경상
2016021100100127,2016년 2월 11일 10시,목요일,광주광역시 북구 두암동,경상사고,0,0,1,0,차대차 - 측면직각충돌,차로위반,건조,맑음,단일로 - 기타,화물,남,77세,기타불명,이륜,남,47세,경상
2016021100100147,2016년 2월 11일 11시,목요일,광주광역시 동구 지산동,경상사고,0,0,3,1,차대차 - 측면직각충돌,직진우회전진행방해,건조,맑음,교차로 - 교차로안,승용,여,52세,부상신고,승합,남,33세,경상
2016021100100148,2016년 2월 11일 11시,목요일,광주광역시 남구 송하동,중상사고,0,1,0,0,차대사람 - 차도통행중,안전운전불이행,건조,맑음,단일로 - 기타,승용,여,28세,상해없음,보행자,남,47세,중상
2016021100100170,2016년 2월 11일 12시,목요일,광주광역시 서구 쌍촌동,경상사고,0,0,1,0,차대사람 - 횡단중,안전운전불이행,건조,맑음,교차로 - 교차로부근,승용,남,53세,상해없음,보행자,여,62세,경상
2016021100100171,2016년 2월 11일 12시,목요일,광주광역시 광산구 신창동,중상사고,0,1,4,0,차대차 - 추돌,안전운전불이행,건조,맑음,단일로 - 기타,승용,남,75세,경상,승용,남,43세,경상
2016021100100215,2016년 2월 11일 14시,목요일,광주광역시 서구 광천동,경상사고,0,0,1,0,차대차 - 측면직각충돌,안전운전불이행,건조,맑음,교차로 - 교차로부근,승용,남,49세,상해없음,승용,남,51세,상해없음