사고번호,사고일시,요일,시군구,사고내용,사망자수,중상자수,경상자수,부상신고자수,사고유형,법규위반,노면상태,기상상태,도로형태,가해운전자 차종,가해운전자 성별,가해운전자 연령,가해운전자 상해정도,피해운전자 차종,피해운전자 성별,피해운전자 연령,피해운전자 상해정도
2016030600100247,2016년 3월 6일 14시,일요일,광주광역시 서구 풍암동,중상사고,0,1,0,1,차대사람 - 횡단중,보행자보호의무위반,건조,맑음,교차로 - 교차로안,승용,여,26세,상해없음,보행자,남,17세,중상
2016030600100248,2016년 3월 6일 14시,일요일,광주광역시 북구 두암동,부상신고사고,0,0,0,1,차대사람 - 횡단중,신호위반,건조,맑음,단일로 - 기타,승용,남,62세,상해없음,보행자,남,18세,부상신고
2016030600100277,2016년 3월 6일 15시,일요일,광주광역시 광산구 월곡동,경상사고,0,0,2,0,차대차 - 측면충돌,교차로운행방법위반,건조,맑음,교차로 - 교차로안,승용,남,61세,경상,승용,남,34세,경상
2016030600100296,2016년 3월 6일 16시,일요일,광주광역시 광산구 수완동,경상사고,0,0,3,0,차대차 - 측면직각충돌,교차로운행방법위반,건조,맑음,교차로 - 교차로안,승용,여,65세,기타불명,승용,여,50세,경상
2016030600100330,2016년 3월 6일 17시,일요일,광주광역시 서구 쌍촌동,경상사고,0,0,2,0,차대차 - 정면충돌,안전운전불이행,건조,맑음,교차로 - 교차로안,승용,남,63세,상해없음,승용,남,26세,경상
2016030600100331,2016년 3월 6일 17시,일요일,광주광역시 서구 화정동,경상사고,0,0,1,0,차대차 - 측면직각충돌,안전운전불이행,건조,맑음,교차로 - 교차로안,승용,남,54세,상해없음,승용,여,25세,경상
2016030600100332,2016년 3월 6일 17시,일요일,광주광역시 서구 양동,경상사고,0,0,2,0,차대차 - 추돌,기타,건조,맑음,단일로 - 기타,승합,남,55세,경상,승용,남,33세,경상
2016030600100365,2016년 3월 6일 18시,일요일,광주광역시 북구 운암동,경상사고,0,0,1,0,차대차 - 측면충돌,차로위반,건조,맑음,단일로 - 기타,기타불명,기타불명,45세,기타불명,승용,남,58세,상해없음
2016030600100407,2016년 3월 6일 19시,일요일,광주광역시 북구 양산동,경상사고,0,0,1,0,차대차 - 측면충돌,안전거리미확보,건조,맑음,단일로 - 기타,승용,남,52세,상해없음,이륜,남,20세,경상
2016030600100431,2016년 3월 6일 20시,일요일,광주광역시 서구 유촌동,경상사고,0,0,1,0,차대차 - 추돌,안전운전불이행,건조,맑음,기타 - 기타,승용,여,55세,상해없음,승용,남,52세,경상
2016030600100432,2016년 3월 6일 20시,일요일,광주광역시 북구 일곡동,경상사고,0,0,1,0,차대차 - 정면충돌,직진우회전진행방해,건조,맑음,교차로 - 교차로안,승용,남,55세,상해없음,이륜,남,51세,경상
2016030600100433,2016년 3월 6일 20시,일요일,광주광역시 광산구 장덕동,중상사고,0,1,1,0,차대차 - 정면충돌,안전운전불이행,건조,맑음,교차로 - 교차로안,승용,여,49세,경상,승용,남,44세,중상
2016030600100434,2016년 3월 6일 20시,일요일,광주광역시 광산구 월계동,중상사고,0,1,0,0,차대사람 - 횡단중,신호위반,건조,맑음,단일로 - 횡단보도상,승용,여,44세,상해없음,보행자,남,15세,중상
2016030600100467,2016년 3월 6일 21시,일요일,광주광역시 광산구 도산동,경상사고,0,0,2,0,차대차 - 측면충돌,직진우회전진행방해,건조,맑음,교차로 - 교차로안,원동기,남,17세,경상,승용,남,32세,경상
2016030600100489,2016년 3월 6일 22시,일요일,광주광역시 동구 계림동,중상사고,0,1,1,0,차대사람 - 횡단중,안전운전불이행,건조,맑음,단일로 - 기타,이륜,남,16세,경상,보행자,남,55세,중상
2016030600100501,2016년 3월 6일 23시,일요일,광주광역시 서구 덕흥동,부상신고사고,0,0,0,1,차량단독 - 전도전복,안전운전불이행,건조,맑음,단일로 - 기타,원동기,남,46세,부상신고,,,,
2016030700100022,2016년 3월 7일 02시,월요일,광주광역시 광산구 월계동,경상사고,0,0,3,0,차대차 - 측면직각충돌,신호위반,건조,맑음,교차로 - 교차로안,승용,남,22세,경상,승용,남,42세,상해없음
2016030700100074,2016년 3월 7일 07시,월요일,광주광역시 남구 진월동,경상사고,0,0,1,0,차대차 - 측면직각충돌,안전운전불이행,건조,맑음,단일로 - 기타,승용,남,24세,기타불명,화물,남,53세,경상
2016030700100111,2016년 3월 7일 08시,월요일,광주광역시 북구 풍향동,경상사고,0,0,3,0,차대차 - 측면직각충돌,차로위반,건조,맑음,단일로 - 기타,승합,남,65세,상해없음,승용,남,54세,경상
2016030700100202,2016년 3월 7일 11시,월요일,광주광역시 광산구 옥동,경상사고,0,0,2,0,차대차 - 측면직각충돌,교차로운행방법위반,건조,맑음,교차로 - 교차로안,승용,남,54세,상해없음,승용,남,29세,경상
2016030700100224,2016년 3월 7일 12시,월요일,광주광역시 광산구 수완동,경상사고,0,0,3,0,차대차 - 측면충돌,신호위반,건조,맑음,교차로 - 교차로안,원동기,남,20세,경상,승용,여,41세,경상
2016030700100282,2016년 3월 7일 14시,월요일,광주광역시 북구 두암동,중상사고,0,1,0,0,차대차 - 정면충돌,교차로운행방법위반,건조,맑음,교차로 - 교차로안,승용,남,51세,상해없음,원동기,남,77세,중상
2016030700100283,2016년 3월 7일 14시,월요일,광주광역시 광산구 월곡동,경상사고,0,0,1,0,차대차 - 추돌,안전거리미확보,건조,맑음,단일로 - 기타,승용,남,61세,상해없음,승용,여,46세,경상
2016030700100309,2016년 3월 7일 15시,월요일,광주광역시 북구 연제동,경상사고,0,0,5,0,차대차 - 추돌,안전운전불이행,건조,맑음,단일로 - 기타,화물,남,49세,상해없음,승용,남,72세,경상
2016030700100414,2016년 3월 7일 18시,월요일,광주광역시 서구 용두동,경상사고,0,0,1,0,차대차 - 기타,차로위반,기타,기타,단일로 - 기타,기타불명,기타불명,기타불명,기타불명,승용,여,41세,경상
2016030700100415,2016년 3월 7일 18시,월요일,광주광역시 서구 금호동,경상사고,0,0,8,0,차대차 - 추돌,안전거리미확보,건조,맑음,단일로 - 기타,승합,남,43세,상해없음,승용,여,45세,경상
2016030700100416,2016년 3월 7일 18시,월요일,광주광역시 서구 광천동,경상사고,0,0,1,0,차대차 - 기타,안전거리미확보,건조,맑음,단일로 - 기타,기타불명,기타불명,기타불명,기타불명,승합,남,58세,상해없음
2016030700100417,2016년 3월 7일 18시,월요일,광주광역시 북구 운암동,경상사고,0,0,1,0,차대차 - 추돌,안전거리미확보,건조,맑음,단일로 - 기타,승용,여,35세,상해없음,승용,남,50세,경상
2016030700100456,2016년 3월 7일 19시,월요일,광주광역시 광산구 송정동,경상사고,0,0,2,0,차대사람 - 횡단중,안전운전불이행,건조,맑음,단일로 - 기타,승용,남,49세,경상,보행자,남,12세,경상
2016030700100484,2016년 3월 7일 20시,월요일,광주광역시 북구 운암동,경상사고,0,0,2,0,차대차 - 추돌,안전운전불이행,건조,맑음,교차로 - 교차로부근,승용,남,49세,상해없음,승용,남,65세,경상
2016030700100541,2016년 3월 7일 22시,월요일,광주광역시 광산구 수완동,중상사고,0,1,2,0,차대차 - 측면충돌,안전운전불이행,건조,맑음,교차로 - 교차로안,원동기,남,16세,중상,승용,여,46세,경상
2016030700100560,2016년 3월 7일 23시,월요일,광주광역시 남구 월산동,경상사고,0,0,1,1,차대차 - 추돌,안전거리미확보,건조,맑음,단일로 - 기타,승용,여,40세,부상신고,승용,남,53세,경상
2016030800100032,2016년 3월 8일 02시,화요일,광주광역시 광산구 월계동,경상사고,0,0,1,0,차대차 - 추돌,안전운전불이행,건조,흐림,단일로 - 기타,승용,남,45세,상해없음,승용,남,49세,경상
2016030800100121,2016년 3월 8일 08시,화요일,광주광역시 동구 산수동,중상사고,0,1,0,0,차대사람 - 횡단중,안전운전불이행,건조,맑음,단일로 - 기타,화물,남,53세,상해없음,보행자,남,73세,중상
2016030800100122,2016년 3월 8일 08시,화요일,광주광역시 광산구 오선동,경상사고,0,0,1,0,차대차 - 측면직각충돌,교차로운행방법위반,건조,맑음,교차로 - 교차로안,화물,남,55세,상해없음,화물,남,65세,경상
2016030800100123,2016년 3월 8일 08시,화요일,광주광역시 광산구 신가동,경상사고,0,0,1,0,차대차 - 측면직각충돌,교차로운행방법위반,건조,맑음,교차로 - 교차로안,승용,여,61세,경상,승용,여,63세,상해없음
2016030800100143,2016년 3월 8일 09시,화요일,광주광역시 서구 광천동,경상사고,0,0,1,0,차대사람 - 기타,안전운전불이행,건조,맑음,단일로 - 기타,승합,남,52세,상해없음,보행자,여,34세,경상
2016030800100144,2016년 3월 8일 09시,화요일,광주광역시 북구 우산동,경상사고,0,0,3,0,차대차 - 추돌,안전운전불이행,건조,맑음,단일로 - 기타,승용,남,57세,상해없음,승용,남,26세,경상
2016030800100145,2016년 3월 8일 09시,화요일,광주광역시 광산구 송정동,경상사고,0,0,2,0,차대차 - 측면충돌,교차로운행방법위반,건조,맑음,교차로 - 교차로안,승용,여,57세,상해없음,승용,남,25세,경상
2016030800100168,2016년 3월 8일 10시,화요일,광주광역시 광산구 소촌동,경상사고,0,0,1,0,차대차 - 측면충돌,교차로운행방법위반,습기,비,교차로 - 교차로부근,승합,여,54세,상해없음,이륜,여,51세,경상
2016030800100204,2016년 3월 8일 12시,화요일,광주광역시 광산구 서봉동,경상사고,0,0,2,0,차대차 - 추돌,안전운전불이행,습기,비,교차로 - 교차로부근,승용,남,53세,상해없음,화물,남,33세,경상
2016030800100227,2016년 3월 8일 13시,화요일,광주광역시 서구 화정동,경상사고,0,0,2,0,차대차 - 추돌,안전운전불이행,건조,맑음,단일로 - 기타,승용,남,71세,상해없음,승용,남,24세,경상
2016030800100228,2016년 3월 8일 13시,화요일,광주광역시 서구 풍암동,경상사고,0,0,1,1,차대차 - 측면직각충돌,신호위반,건조,맑음,교차로 - 교차로안,승용,여,58세,부상신고,승용,남,50세,경상
2016030800100358,2016년 3월 8일 17시,화요일,광주광역시 북구 두암동,경상사고,0,0,2,0,차대사람 - 기타,안전운전불이행,건조,맑음,교차로 - 교차로부근,화물,남,52세,상해없음,보행자,남,43세,경상
2016030800100423,2016년 3월 8일 19시,화요일,광주광역시 북구 일곡동,경상사고,0,0,2,0,차대사람 - 횡단중,신호위반,건조,맑음,단일로 - 기타,승용,남,76세,상해없음,보행자,남,58세,경상
2016030800100424,2016년 3월 8일 19시,화요일,광주광역시 광산구 하남동,경상사고,0,0,2,0,차대차 - 측면충돌,안전운전불이행,건조,맑음,교차로 - 교차로안,승용,남,25세,경상,화물,남,53세,경상
2016030800100461,2016년 3월 8일 20시,화요일,광주광역시 광산구 송촌동,경상사고,0,0,1,0,차대차 - 측면충돌,안전운전불이행,건조,흐림,단일로 - 기타,승용,남,48세,상해없음,화물,남,54세,경상
2016030800100494,2016년 3월 8일 21시,화요일,광주광역시 남구 진월동,경상사고,0,0,1,0,차대차 - 추돌,안전운전불이행,습기,비,교차로 - 교차로부근,승용,남,41세,상해없음,승용,남,72세,경상
2016030800100495,2016년 3월 8일 21시,화요일,광주광역시 북구 운암동,경상사고,0,0,1,0,차대차 - 측면충돌,신호위반,습기,비,교차로 - 교차로안,승용,남,21세,상해없음,원동기,남,19세,경상
2016030800100525,2016년 3월 8일 22시,화요일,광주광역시 서구 쌍촌동,경상사고,0,0,3,0,차대차 - 측면직각충돌,교차로운행방법위반,습기,비,교차로 - 교차로부근,승용,여,48세,상해없음,승용,여,54세,경상
2016030800100526,2016년 3월 8일 22시,화요일,광주광역시 서구 광천동,경상사고,0,0,3,0,차대차 - 추돌,안전운전불이행,습기,비,교차로 - 교차로부근,승용,남,36세,경상,승합,남,60세,경상
2016030800100554,2016년 3월 8일 23시,화요일,광주광역시 북구 각화동,경상사고,0,0,1,0,차대차 - 측면충돌,중앙선침범,건조,맑음,단일로 - 기타,승용,남,50세,상해없음,승용,남,23세,상해없음
2016030900100014,2016년 3월 9일 00시,수요일,광주광역시 북구 신안동,부상신고사고,0,0,0,1,차대사람 - 기타,안전운전불이행,건조,맑음,단일로 - 기타,기타불명,기타불명,22세,기타불명,보행자,남,38세,부상신고
2016030900100037,2016년 3월 9일 03시,수요일,광주광역시 광산구 운남동,경상사고,0,0,3,0,차량단독 - 전도전복,안전운전불이행,건조,맑음,단일로 - 기타,승용,남,36세,경상,,,,
2016030900100042,2016년 3월 9일 04시,수요일,광주광역시 북구 양산동,중상사고,0,2,1,0,차대차 - 측면충돌,중앙선침범,건조,맑음,단일로 - 기타,승합,남,34세,경상,승용,여,40세,중상
2016030900100130,2016년 3월 9일 08시,수요일,광주광역시 남구 월산동,중상사고,0,1,0,0,차대차 - 측면직각충돌,안전운전불이행,건조,맑음,단일로 - 기타,화물,남,55세,상해없음,이륜,남,72세,중상
2016030900100159,2016년 3월 9일 09시,수요일,광주광역시 북구 신안동,경상사고,0,0,2,0,차대차 - 측면충돌,안전운전불이행,건조,맑음,단일로 - 기타,승용,여,52세,경상,승용,여,53세,경상
2016030900100201,2016년 3월 9일 11시,수요일,광주광역시 서구 쌍촌동,중상사고,0,1,0,0,차대사람 - 횡단중,보행자보호의무위반,건조,맑음,교차로 - 교차로부근,화물,남,38세,상해없음,보행자,남,60세,중상
2016030900100234,2016년 3월 9일 12시,수요일,광주광역시 남구 주월동,경상사고,0,0,1,0,차대차 - 측면직각충돌,교차로운행방법위반,건조,맑음,교차로 - 교차로안,승용,남,68세,상해없음,자전거,남,58세,경상
2016030900100284,2016년 3월 9일 14시,수요일,광주광역시 광산구 쌍암동,경상사고,0,0,1,0,차대차 - 추돌,안전거리미확보,건조,맑음,단일로 - 기타,승용,남,28세,상해없음,승합,남,68세,경상
2016030900100315,2016년 3월 9일 15시,수요일,광주광역시 서구 화정동,경상사고,0,0,1,0,차대차 - 측면충돌,안전거리미확보,건조,맑음,단일로 - 기타,승용,남,59세,상해없음,승용,남,59세,경상
2016030900100380,2016년 3월 9일 17시,수요일,광주광역시 남구 월산동,경상사고,0,0,1,0,차대차 - 기타,안전운전불이행,건조,맑음,단일로 - 기타,화물,남,31세,상해없음,자전거,여,65세,경상
2016030900100381,2016년 3월 9일 17시,수요일,광주광역시 북구 양산동,경상사고,0,0,1,0,차대차 - 측면충돌,교차로운행방법위반,건조,맑음,교차로 - 교차로안,화물,남,40세,상해없음,승용,남,69세,경상
2016030900100423,2016년 3월 9일 18시,수요일,광주광역시 서구 쌍촌동,중상사고,0,1,0,0,차대차 - 기타,중앙선침범,건조,맑음,단일로 - 기타,승용,남,70세,상해없음,이륜,남,17세,중상
2016030900100424,2016년 3월 9일 18시,수요일,광주광역시 남구 주월동,경상사고,0,0,1,0,차대차 - 기타,차로위반,건조,맑음,단일로 - 기타,승합,남,58세,상해없음,승합,남,66세,상해없음
2016030900100461,2016년 3월 9일 19시,수요일,광주광역시 서구 쌍촌동,중상사고,0,1,1,0,차대사람 - 횡단중,안전운전불이행,건조,맑음,교차로 - 교차로부근,승용,남,42세,상해없음,보행자,여,28세,중상
2016030900100462,2016년 3월 9일 19시,수요일,광주광역시 남구 행암동,경상사고,0,0,1,0,차대차 - 추돌,안전거리미확보,건조,맑음,단일로 - 기타,화물,남,61세,상해없음,승용,남,68세,경상
2016030900100482,2016년 3월 9일 20시,수요일,광주광역시 북구 문흥동,중상사고,0,1,1,0,차대차 - 측면직각충돌,교차로운행방법위반,건조,맑음,교차로 - 교차로안,승용,남,73세,상해없음,이륜,남,65세,중상
2016030900100542,2016년 3월 9일 22시,수요일,광주광역시 동구 충장로4가,경상사고,0,0,1,0,차대사람 - 횡단중,안전운전불이행,건조,맑음,단일로 - 횡단보도부근,승용,남,21세,상해없음,보행자,남,17세,경상
2016030900100543,2016년 3월 9일 22시,수요일,광주광역시 서구 쌍촌동,경상사고,0,0,1,0,차대사람 - 차도통행중,안전운전불이행,건조,맑음,단일로 - 기타,화물,남,62세,상해없음,보행자,여,17세,경상
2016030900100544,2016년 3월 9일 22시,수요일,광주광역시 광산구 수완동,중상사고,0,1,1,2,차대차 - 측면직각충돌,신호위반,건조,맑음,교차로 - 교차로안,승용,남,61세,상해없음,승용,남,32세,경상
2016030900100568,2016년 3월 9일 23시,수요일,광주광역시 동구 충장로4가,경상사고,0,0,2,0,차대차 - 측면직각충돌,안전운전불이행,건조,맑음,단일로 - 기타,승용,남,67세,상해없음,승용,남,19세,경상
2016030900100569,2016년 3월 9일 23시,수요일,광주광역시 북구 운암동,경상사고,0,0,2,0,차대차 - 측면직각충돌,안전운전불이행,건조,맑음,교차로 - 교차로부근,화물,남,47세,상해없음,승용,여,48세,경상
2016031000100017,2016년 3월 10일 00시,목요일,광주광역시 서구 광천동,경상사고,0,0,2,0,차대차 - 정면충돌,신호위반,건조,맑음,교차로 - 교차로안,승용,여,50세,상해없음,승용,남,33세,경상
2016031000100037,2016년 3월 10일 01시,목요일,광주광역시 서구 농성동,중상사고,0,1,1,0,차대차 - 추돌,안전운전불이행,건조,맑음,교차로 - 교차로부근,승용,남,30세,상해없음,승용,여,40세,중상
2016031000100056,2016년 3월 10일 04시,목요일,광주광역시 북구 중흥동,경상사고,0,0,3,0,차대차 - 측면직각충돌,신호위반,건조,맑음,단일로 - 기타,승용,남,39세,기타불명,승용,남,20세,경상
2016031000100146,2016년 3월 10일 08시,목요일,광주광역시 광산구 산정동,경상사고,0,0,1,0,차대차 - 측면충돌,신호위반,건조,맑음,교차로 - 교차로안,승용,남,59세,상해없음,승용,여,32세,경상
2016031000100147,2016년 3월 10일 08시,목요일,광주광역시 광산구 흑석동,경상사고,0,0,1,0,차대사람 - 횡단중,보행자보호의무위반,건조,맑음,단일로 - 기타,승용,여,49세,상해없음,보행자,남,8세,경상
2016031000100183,2016년 3월 10일 09시,목요일,광주광역시 서구 매월동,경상사고,0,0,1,0,차대차 - 측면충돌,교차로운행방법위반,건조,맑음,교차로 - 교차로안,승용,남,60세,상해없음,승용,남,30세,경상
2016031000100269,2016년 3월 10일 12시,목요일,광주광역시 북구 운암동,경상사고,0,0,1,0,차대차 - 정면충돌,안전운전불이행,건조,맑음,교차로 - 교차로안,승용,남,19세,상해없음,승용,남,20세,경상
2016031000100315,2016년 3월 10일 14시,목요일,광주광역시 광산구 월곡동,경상사고,0,0,1,0,차대사람 - 횡단중,안전운전불이행,건조,맑음,단일로 - 기타,기타불명,기타불명,기타불명,기타불명,보행자,여,55세,경상
2016031000100356,2016년 3월 10일 15시,목요일,광주광역시 북구 우산동,경상사고,0,0,1,0,차대차 - 측면충돌,중앙선침범,건조,맑음,교차로 - 교차로안,자전거,남,71세,경상,승용,남,42세,상해없음
2016031000100431,2016년 3월 10일 17시,목요일,광주광역시 남구 봉선동,중상사고,0,1,0,0,차대차 - 측면직각충돌,안전거리미확보,건조,맑음,교차로 - 교차로부근,승용,남,63세,상해없음,원동기,남,18세,중상
2016031000100432,2016년 3월 10일 17시,목요일,광주광역시 북구 용두동,중상사고,0,1,0,0,차대사람 - 횡단중,보행자보호의무위반,건조,맑음,교차로 - 교차로부근,승용,여,42세,상해없음,보행자,여,22세,중상
2016031000100460,2016년 3월 10일 18시,목요일,광주광역시 서구 쌍촌동,경상사고,0,0,2,0,차대차 - 정면충돌,교차로운행방법위반,건조,맑음,교차로 - 교차로안,원동기,남,26세,경상,승용,여,55세,경상
2016031000100461,2016년 3월 10일 18시,목요일,광주광역시 광산구 우산동,경상사고,0,0,1,0,차대사람 - 횡단중,안전운전불이행,건조,맑음,단일로 - 기타,승용,여,53세,상해없음,보행자,남,64세,경상
2016031000100527,2016년 3월 10일 21시,목요일,광주광역시 서구 금호동,경상사고,0,0,1,0,차대사람 - 길가장자리구역통행중,안전운전불이행,건조,맑음,교차로 - 교차로부근,승용,여,56세,상해없음,보행자,여,55세,경상
2016031000100562,2016년 3월 10일 22시,목요일,광주광역시 광산구 신가동,중상사고,0,1,0,0,차대사람 - 횡단중,보행자보호의무위반,건조,맑음,단일로 - 횡단보도상,승용,남,42세,상해없음,보행자,여,49세,중상
2016031000100595,2016년 3월 10일 23시,목요일,광주광역시 서구 풍암동,중상사고,0,1,2,0,차대차 - 기타,차로위반,건조,맑음,단일로 - 기타,승용,남,55세,상해없음,승용,남,52세,상해없음
2016031100100021,2016년 3월 11일 00시,금요일,광주광역시 북구 용봉동,경상사고,0,0,1,0,차대차 - 기타,안전운전불이행,건조,맑음,단일로 - 기타,승용,남,29세,상해없음,이륜,남,24세,경상
2016031100100022,2016년 3월 11일 00시,금요일,광주광역시 광산구 우산동,경상사고,0,0,2,0,차대차 - 추돌,안전운전불이행,건조,맑음,단일로 - 기타,승용,여,23세,상해없음,승용,남,30세,경상
2016031100100038,2016년 3월 11일 01시,금요일,광주광역시 남구 송하동,부상신고사고,0,0,0,1,차대차 - 정면충돌,중앙선침범,건조,맑음,단일로 - 교량,승용,남,27세,상해없음,승용,남,32세,부상신고
2016031100100057,2016년 3월 11일 03시,금요일,광주광역시 동구 금남로1가,경상사고,0,0,1,0,차대차 - 측면직각충돌,신호위반,건조,맑음,교차로 - 교차로안,승용,남,28세,상해없음,승용,남,49세,경상
2016031100100058,2016년 3월 11일 03시,금요일,광주광역시 광산구 장덕동,중상사고,0,1,0,0,차대차 - 측면직각충돌,교차로운행방법위반,건조,맑음,교차로 - 교차로안,화물,남,26세,상해없음,화물,남,56세,중상
2016031100100066,2016년 3월 11일 04시,금요일,광주광역시 서구 치평동,경상사고,0,0,3,0,차대차 - 측면직각충돌,안전운전불이행,건조,맑음,단일로 - 기타,승용,남,27세,상해없음,승용,남,56세,상해없음
2016031100100162,2016년 3월 11일 08시,금요일,광주광역시 동구 동명동,경상사고,0,0,3,0,차대차 - 추돌,안전운전불이행,건조,맑음,단일로 - 기타,승용,남,23세,상해없음,승용,남,60세,경상
2016031100100163,2016년 3월 11일 08시,금요일,광주광역시 남구 방림동,경상사고,0,0,1,0,차대사람 - 길가장자리구역통행중,안전운전불이행,건조,맑음,단일로 - 기타,승용,여,42세,상해없음,보행자,남,15세,경상
2016031100100164,2016년 3월 11일 08시,금요일,광주광역시 남구 송하동,경상사고,0,0,1,0,차대차 - 추돌,안전거리미확보,건조,맑음,단일로 - 기타,승용,여,19세,상해없음,승용,남,28세,경상
2016031100100165,2016년 3월 11일 08시,금요일,광주광역시 광산구 비아동,경상사고,0,0,1,0,차대차 - 측면직각충돌,교차로운행방법위반,건조,맑음,교차로 - 교차로안,승합,남,43세,상해없음,승합,남,60세,경상
2016031100100234,2016년 3월 11일 10시,금요일,광주광역시 서구 풍암동,경상사고,0,0,1,0,차대차 - 측면직각충돌,직진우회전진행방해,건조,맑음,교차로 - 교차로안,승용,여,45세,상해없음,승용,남,32세,경상
2016031100100279,2016년 3월 11일 12시,금요일,광주광역시 광산구 하남동,중상사고,0,1,2,0,차대차 - 측면충돌,불법유턴,건조,맑음,단일로 - 기타,화물,남,48세,상해없음,승용,남,43세,경상
2016031100100280,2016년 3월 11일 12시,금요일,광주광역시 광산구 월곡동,중상사고,0,1,0,0,차대사람 - 횡단중,기타,건조,맑음,단일로 - 기타,승합,남,64세,상해없음,보행자,남,79세,중상
2016031100100302,2016년 3월 11일 13시,금요일,광주광역시 남구 송하동,경상사고,0,0,3,1,차대차 - 추돌,안전운전불이행,건조,맑음,미분류 - 미분류,화물,남,60세,부상신고,승합,남,52세,경상
2016031100100303,2016년 3월 11일 13시,금요일,광주광역시 광산구 월곡동,경상사고,0,0,2,0,차대차 - 측면충돌,안전운전불이행,건조,맑음,단일로 - 기타,승용,여,22세,상해없음,승용,남,35세,경상
2016031100100340,2016년 3월 11일 14시,금요일,광주광역시 광산구 운남동,경상사고,0,0,1,0,차대차 - 정면충돌,안전운전불이행,건조,맑음,교차로 - 교차로안,승용,남,75세,상해없음,이륜,남,30세,경상
2016031100100415,2016년 3월 11일 16시,금요일,광주광역시 광산구 소촌동,중상사고,0,1,0,0,차대사람 - 횡단중,신호위반,건조,맑음,단일로 - 기타,승합,남,65세,상해없음,보행자,남,8세,중상
2016031100100448,2016년 3월 11일 17시,금요일,광주광역시 서구 치평동,경상사고,0,0,1,0,차대차 - 정면충돌,안전운전불이행,건조,기타,교차로 - 교차로안,화물,남,24세,상해없음,승용,여,41세,경상
2016031100100449,2016년 3월 11일 17시,금요일,광주광역시 남구 진월동,경상사고,0,0,1,0,차대사람 - 횡단중,안전운전불이행,건조,맑음,단일로 - 기타,승용,여,53세,상해없음,보행자,남,25세,경상
2016031100100450,2016년 3월 11일 17시,금요일,광주광역시 남구 백운동,경상사고,0,0,1,0,차대사람 - 횡단중,안전운전불이행,건조,맑음,교차로 - 교차로안,승용,남,68세,상해없음,보행자,여,17세,경상
2016031100100478,2016년 3월 11일 18시,금요일,광주광역시 서구 광천동,경상사고,0,0,1,0,차대차 - 측면직각충돌,안전거리미확보,건조,맑음,교차로 - 교차로부근,승용,남,63세,상해없음,승용,남,31세,경상
2016031100100479,2016년 3월 11일 18시,금요일,광주광역시 북구 운암동,경상사고,0,0,1,1,차대차 - 추돌,안전거리미확보,건조,맑음,단일로 - 기타,승용,여,40세,상해없음,승용,남,52세,경상
2016031100100480,2016년 3월 11일 18시,금요일,광주광역시 북구 일곡동,경상사고,0,0,1,0,차대사람 - 횡단중,안전운전불이행,건조,맑음,교차로 - 교차로안,승용,여,54세,상해없음,보행자,남,17세,경상
2016031100100481,2016년 3월 11일 18시,금요일,광주광역시 광산구 소촌동,경상사고,0,0,1,0,차대차 - 정면충돌,안전운전불이행,건조,맑음,단일로 - 기타,승용,남,41세,상해없음,승용,남,30세,경상
2016031100100525,2016년 3월 11일 19시,금요일,광주광역시 서구 농성동,중상사고,0,1,0,0,차대사람 - 횡단중,안전운전불이행,건조,맑음,교차로 - 교차로부근,승용,여,45세,상해없음,보행자,여,71세,중상
2016031100100526,2016년 3월 11일 19시,금요일,광주광역시 북구 오치동,경상사고,0,0,1,0,차대차 - 측면충돌,안전운전불이행,건조,맑음,단일로 - 기타,승용,여,31세,상해없음,승용,남,69세,경상
2016031100100527,2016년 3월 11일 19시,금요일,광주광역시 북구 동림동,경상사고,0,0,1,0,차대차 - 측면충돌,직진우회전진행방해,건조,맑음,교차로 - 교차로안,승용,남,42세,기타불명,승용,여,44세,경상
2016031100100528,2016년 3월 11일 19시,금요일,광주광역시 광산구 운남동,경상사고,0,0,2,0,차대차 - 측면직각충돌,안전거리미확보,건조,맑음,단일로 - 기타,승용,남,33세,경상,승용,남,52세,상해없음
2016031100100529,2016년 3월 11일 19시,금요일,광주광역시 광산구 흑석동,경상사고,0,0,1,0,차대차 - 추돌,안전운전불이행,건조,맑음,단일로 - 기타,승용,남,31세,상해없음,이륜,남,33세,경상
2016031100100530,2016년 3월 11일 19시,금요일,광주광역시 광산구 수완동,경상사고,0,0,4,0,차대차 - 추돌,안전운전불이행,건조,맑음,교차로 - 교차로부근,승용,남,57세,상해없음,승용,여,39세,경상
2016031100100557,2016년 3월 11일 20시,금요일,광주광역시 북구 연제동,경상사고,0,0,3,0,차대차 - 추돌,안전운전불이행,건조,맑음,단일로 - 기타,승용,남,59세,상해없음,승용,남,33세,경상
2016031100100566,2016년 3월 11일 20시,금요일,광주광역시 광산구 송정동,경상사고,0,0,5,0,차대차 - 추돌,안전운전불이행,건조,맑음,단일로 - 기타,승용,남,50세,상해없음,승용,남,60세,경상
2016031100100567,2016년 3월 11일 20시,금요일,광주광역시 광산구 신창동,부상신고사고,0,0,0,1,차대차 - 측면충돌,기타,건조,맑음,단일로 - 기타,승용,남,37세,상해없음,원동기,남,36세,부상신고
2016031200100016,2016년 3월 12일 00시,토요일,광주광역시 서구 금호동,경상사고,0,0,1,0,차대차 - 측면직각충돌,기타,건조,맑음,교차로 - 교차로안,승용,남,64세,상해없음,승용,남,35세,상해없음