사고번호,사고일시,요일,시군구,사고내용,사망자수,중상자수,경상자수,부상신고자수,사고유형,법규위반,노면상태,기상상태,도로형태,가해운전자 차종,가해운전자 성별,가해운전자 연령,가해운전자 상해정도,피해운전자 차종,피해운전자 성별,피해운전자 연령,피해운전자 상해정도
2016031900100056,2016년 3월 19일 02시,토요일,광주광역시 북구 중흥동,경상사고,0,0,2,0,차대차 - 추돌,안전거리미확보,건조,맑음,단일로 - 기타,승용,남,33세,기타불명,승용,남,47세,경상
2016031900100057,2016년 3월 19일 02시,토요일,광주광역시 북구 양산동,경상사고,0,0,1,0,차대사람 - 횡단중,안전운전불이행,건조,맑음,단일로 - 기타,승용,남,48세,상해없음,보행자,남,47세,경상
2016031900100227,2016년 3월 19일 11시,토요일,광주광역시 서구 마륵동,경상사고,0,0,2,0,차대차 - 추돌,안전운전불이행,건조,맑음,단일로 - 기타,승용,여,38세,상해없음,승용,남,53세,상해없음
2016031900100300,2016년 3월 19일 13시,토요일,광주광역시 북구 용봉동,경상사고,0,0,1,0,차대사람 - 기타,안전운전불이행,건조,맑음,단일로 - 기타,승용,여,26세,상해없음,보행자,여,17세,경상
2016031900100339,2016년 3월 19일 14시,토요일,광주광역시 광산구 수완동,경상사고,0,0,2,0,차대차 - 측면직각충돌,교차로운행방법위반,건조,맑음,교차로 - 교차로부근,승합,여,57세,상해없음,승용,남,27세,경상
2016031900100380,2016년 3월 19일 15시,토요일,광주광역시 서구 양동,경상사고,0,0,1,0,차대사람 - 기타,안전운전불이행,건조,맑음,기타 - 기타,자전거,남,83세,기타불명,보행자,여,74세,경상
2016031900100381,2016년 3월 19일 15시,토요일,광주광역시 서구 치평동,경상사고,0,0,1,0,차대차 - 측면충돌,신호위반,건조,맑음,교차로 - 교차로안,승용,여,53세,기타불명,승용,남,26세,경상
2016031900100382,2016년 3월 19일 15시,토요일,광주광역시 북구 양산동,경상사고,0,0,1,0,차대차 - 정면충돌,안전운전불이행,건조,맑음,교차로 - 교차로부근,화물,기타불명,29세,기타불명,승용,여,26세,경상
2016031900100462,2016년 3월 19일 17시,토요일,광주광역시 서구 광천동,경상사고,0,0,1,0,차대차 - 측면직각충돌,신호위반,건조,맑음,교차로 - 교차로안,화물,남,30세,상해없음,승용,남,29세,경상
2016031900100463,2016년 3월 19일 17시,토요일,광주광역시 서구 농성동,경상사고,0,0,1,0,차대차 - 추돌,안전운전불이행,건조,맑음,단일로 - 기타,승용,여,35세,상해없음,특수,남,45세,경상
2016031900100465,2016년 3월 19일 17시,토요일,광주광역시 북구 두암동,경상사고,0,0,2,0,차대차 - 기타,안전운전불이행,건조,맑음,단일로 - 기타,승용,남,72세,기타불명,승용,기타불명,기타불명,기타불명
2016031900100499,2016년 3월 19일 18시,토요일,광주광역시 남구 주월동,중상사고,0,1,0,0,차대차 - 측면직각충돌,안전거리미확보,건조,맑음,단일로 - 기타,승용,남,70세,상해없음,원동기,남,19세,중상
2016031900100500,2016년 3월 19일 18시,토요일,광주광역시 광산구 월곡동,경상사고,0,0,1,0,차대차 - 기타,안전운전불이행,건조,맑음,교차로 - 교차로안,화물,남,35세,기타불명,자전거,남,12세,경상
2016032000100036,2016년 3월 20일 01시,일요일,광주광역시 동구 대인동,경상사고,0,0,3,1,차대차 - 측면충돌,신호위반,건조,맑음,교차로 - 교차로안,승용,남,45세,부상신고,승용,남,57세,경상
2016032000100037,2016년 3월 20일 01시,일요일,광주광역시 동구 불로동,경상사고,0,0,3,0,차대차 - 측면충돌,신호위반,건조,맑음,교차로 - 교차로안,승용,남,24세,상해없음,승용,남,27세,경상
2016032000100050,2016년 3월 20일 02시,일요일,광주광역시 북구 용봉동,경상사고,0,0,1,0,차대사람 - 기타,안전운전불이행,건조,맑음,단일로 - 기타,승용,남,33세,상해없음,보행자,남,38세,경상
2016032000100051,2016년 3월 20일 02시,일요일,광주광역시 광산구 흑석동,경상사고,0,0,3,0,차대차 - 측면직각충돌,신호위반,건조,맑음,교차로 - 교차로안,승용,여,47세,경상,승용,남,46세,경상
2016032000100111,2016년 3월 20일 07시,일요일,광주광역시 북구 신안동,경상사고,0,0,1,0,차대차 - 기타,안전운전불이행,건조,맑음,단일로 - 기타,화물,남,67세,상해없음,자전거,남,45세,경상
2016032000100112,2016년 3월 20일 07시,일요일,광주광역시 북구 두암동,경상사고,0,0,1,0,차대사람 - 횡단중,안전운전불이행,건조,맑음,단일로 - 기타,승용,남,40세,상해없음,보행자,남,72세,경상
2016032000100125,2016년 3월 20일 08시,일요일,광주광역시 동구 대인동,경상사고,0,0,1,0,차대차 - 측면직각충돌,안전운전불이행,건조,맑음,단일로 - 기타,승용,남,62세,상해없음,이륜,남,74세,경상
2016032000100126,2016년 3월 20일 08시,일요일,광주광역시 북구 신안동,경상사고,0,0,1,0,차대차 - 측면충돌,중앙선침범,건조,맑음,교차로 - 교차로부근,승용,여,61세,상해없음,승용,남,33세,경상
2016032000100195,2016년 3월 20일 12시,일요일,광주광역시 동구 지산동,중상사고,0,1,0,0,차대차 - 기타,안전운전불이행,건조,맑음,교차로 - 교차로안,승용,남,56세,상해없음,이륜,남,54세,중상
2016032000100230,2016년 3월 20일 13시,일요일,광주광역시 광산구 우산동,경상사고,0,0,1,0,차대차 - 정면충돌,중앙선침범,건조,맑음,단일로 - 기타,승용,남,68세,상해없음,승용,남,23세,상해없음
2016032000100282,2016년 3월 20일 15시,일요일,광주광역시 북구 중흥동,경상사고,0,0,3,0,차대차 - 정면충돌,안전운전불이행,건조,맑음,교차로 - 교차로부근,원동기,남,33세,상해없음,승용,여,53세,경상
2016032000100304,2016년 3월 20일 16시,일요일,광주광역시 북구 중흥동,경상사고,0,0,3,0,차대차 - 정면충돌,안전거리미확보,건조,맑음,교차로 - 교차로안,이륜,남,55세,경상,승용,남,34세,경상
2016032000100360,2016년 3월 20일 18시,일요일,광주광역시 동구 계림동,경상사고,0,0,1,0,차대차 - 측면충돌,안전운전불이행,건조,맑음,단일로 - 기타,승용,남,60세,상해없음,자전거,남,67세,경상
2016032000100387,2016년 3월 20일 19시,일요일,광주광역시 남구 봉선동,중상사고,0,1,0,0,차대사람 - 보도통행중,안전운전불이행,건조,맑음,단일로 - 기타,승용,남,60세,상해없음,보행자,여,67세,중상
2016032000100409,2016년 3월 20일 20시,일요일,광주광역시 서구 유촌동,중상사고,0,2,0,0,차대차 - 추돌,안전운전불이행,건조,맑음,단일로 - 기타,승용,남,31세,상해없음,승용,여,42세,중상
2016032000100410,2016년 3월 20일 20시,일요일,광주광역시 북구 풍향동,경상사고,0,0,1,0,차대사람 - 횡단중,안전운전불이행,건조,맑음,단일로 - 기타,기타불명,기타불명,22세,기타불명,보행자,여,72세,경상
2016032000100440,2016년 3월 20일 21시,일요일,광주광역시 서구 광천동,경상사고,0,0,2,0,차대차 - 기타,안전거리미확보,건조,맑음,단일로 - 기타,승합,남,39세,상해없음,승용,남,64세,상해없음
2016032000100441,2016년 3월 20일 21시,일요일,광주광역시 광산구 쌍암동,중상사고,0,1,6,0,차대차 - 측면충돌,신호위반,건조,맑음,교차로 - 교차로안,승용,여,35세,경상,승용,남,45세,경상
2016032000100465,2016년 3월 20일 22시,일요일,광주광역시 동구 대인동,경상사고,0,0,3,0,차대차 - 측면직각충돌,신호위반,건조,흐림,교차로 - 교차로안,승용,남,27세,경상,승합,남,66세,상해없음
2016032000100466,2016년 3월 20일 22시,일요일,광주광역시 동구 산수동,경상사고,0,0,1,0,차대차 - 기타,안전운전불이행,건조,맑음,단일로 - 기타,승용,남,57세,상해없음,승용,여,48세,상해없음
2016032000100467,2016년 3월 20일 22시,일요일,광주광역시 북구 용봉동,경상사고,0,0,2,0,차대차 - 추돌,안전운전불이행,건조,맑음,교차로 - 교차로부근,승용,남,30세,상해없음,승용,남,50세,경상
2016032000100489,2016년 3월 20일 23시,일요일,광주광역시 광산구 장덕동,경상사고,0,0,1,0,차대차 - 정면충돌,직진우회전진행방해,건조,맑음,교차로 - 교차로안,승용,여,53세,상해없음,승용,남,41세,경상
2016032100100015,2016년 3월 21일 00시,월요일,광주광역시 광산구 산정동,경상사고,0,0,2,0,차대차 - 정면충돌,중앙선침범,건조,맑음,교차로 - 교차로부근,승용,남,20세,상해없음,승용,남,27세,경상
2016032100100050,2016년 3월 21일 05시,월요일,광주광역시 광산구 산월동,경상사고,0,0,2,0,차대차 - 추돌,안전운전불이행,건조,맑음,단일로 - 교량,승용,남,33세,기타불명,승용,여,50세,경상
2016032100100131,2016년 3월 21일 08시,월요일,광주광역시 동구 서석동,경상사고,0,0,1,0,차대차 - 측면충돌,신호위반,건조,맑음,교차로 - 교차로안,승용,여,31세,상해없음,승용,남,72세,경상
2016032100100132,2016년 3월 21일 08시,월요일,광주광역시 동구 지산동,경상사고,0,0,1,0,차량단독 - 전도전복,안전운전불이행,건조,맑음,교차로 - 교차로안,승합,남,57세,상해없음,,,,
2016032100100133,2016년 3월 21일 08시,월요일,광주광역시 서구 농성동,경상사고,0,0,1,0,차대사람 - 횡단중,보행자보호의무위반,건조,맑음,단일로 - 기타,승용,남,28세,상해없음,보행자,남,37세,경상
2016032100100134,2016년 3월 21일 08시,월요일,광주광역시 서구 매월동,경상사고,0,0,1,0,차대차 - 측면직각충돌,신호위반,건조,맑음,교차로 - 교차로안,승용,여,38세,기타불명,승용,남,74세,경상
2016032100100135,2016년 3월 21일 08시,월요일,광주광역시 북구 각화동,경상사고,0,0,1,0,차대차 - 추돌,안전거리미확보,건조,맑음,교차로 - 교차로안,화물,남,45세,상해없음,화물,남,47세,상해없음
2016032100100225,2016년 3월 21일 11시,월요일,광주광역시 광산구 본덕동,경상사고,0,0,4,0,차대차 - 정면충돌,신호위반,건조,맑음,교차로 - 교차로안,승용,남,78세,경상,승합,남,26세,경상
2016032100100295,2016년 3월 21일 13시,월요일,광주광역시 북구 용봉동,경상사고,0,0,3,0,차대차 - 정면충돌,교차로운행방법위반,건조,맑음,교차로 - 교차로안,승용,남,26세,상해없음,승용,남,46세,경상
2016032100100296,2016년 3월 21일 13시,월요일,광주광역시 광산구 우산동,경상사고,0,0,1,0,차대사람 - 횡단중,보행자보호의무위반,건조,맑음,교차로 - 교차로부근,화물,남,48세,상해없음,보행자,여,7세,경상
2016032100100366,2016년 3월 21일 15시,월요일,광주광역시 서구 금호동,중상사고,0,1,0,0,차대사람 - 기타,안전운전불이행,건조,기타,단일로 - 기타,승용,남,63세,상해없음,보행자,남,46세,중상
2016032100100367,2016년 3월 21일 15시,월요일,광주광역시 북구 삼각동,경상사고,0,0,1,0,차대차 - 추돌,안전운전불이행,건조,맑음,단일로 - 기타,승용,여,64세,상해없음,화물,남,41세,경상
2016032100100406,2016년 3월 21일 16시,월요일,광주광역시 서구 농성동,경상사고,0,0,1,0,차대차 - 측면직각충돌,중앙선침범,건조,맑음,단일로 - 기타,승용,남,48세,상해없음,승용,남,40세,경상
2016032100100407,2016년 3월 21일 16시,월요일,광주광역시 북구 운암동,경상사고,0,0,1,0,차대사람 - 횡단중,안전운전불이행,건조,맑음,교차로 - 교차로부근,승용,여,43세,상해없음,보행자,여,14세,경상
2016032100100445,2016년 3월 21일 17시,월요일,광주광역시 서구 벽진동,경상사고,0,0,6,0,차대차 - 추돌,안전운전불이행,건조,맑음,단일로 - 기타,승용,남,42세,경상,승용,남,60세,경상
2016032100100484,2016년 3월 21일 18시,월요일,광주광역시 서구 화정동,경상사고,0,0,1,0,차대차 - 추돌,안전운전불이행,건조,맑음,단일로 - 기타,승용,여,36세,상해없음,승용,여,54세,경상
2016032100100588,2016년 3월 21일 21시,월요일,광주광역시 북구 신용동,경상사고,0,0,2,0,차대차 - 추돌,안전거리미확보,건조,맑음,교차로 - 교차로부근,화물,남,41세,기타불명,승용,남,23세,경상
2016032100100610,2016년 3월 21일 22시,월요일,광주광역시 서구 쌍촌동,경상사고,0,0,2,0,차대차 - 측면충돌,안전운전불이행,건조,맑음,교차로 - 교차로안,승용,남,48세,상해없음,승용,남,56세,경상
2016032200100017,2016년 3월 22일 00시,화요일,광주광역시 서구 유촌동,중상사고,0,1,1,0,차대차 - 측면직각충돌,신호위반,건조,맑음,교차로 - 교차로안,원동기,남,24세,중상,승용,남,35세,경상
2016032200100018,2016년 3월 22일 00시,화요일,광주광역시 서구 금호동,경상사고,0,0,1,0,차대사람 - 길가장자리구역통행중,안전운전불이행,건조,맑음,교차로 - 교차로부근,승용,기타불명,기타불명,기타불명,보행자,남,25세,경상
2016032200100021,2016년 3월 22일 01시,화요일,광주광역시 북구 임동,경상사고,0,0,3,0,차대차 - 측면충돌,신호위반,건조,맑음,교차로 - 교차로안,승용,남,33세,경상,승용,여,47세,경상
2016032200100024,2016년 3월 22일 02시,화요일,광주광역시 서구 내방동,중상사고,0,1,0,0,차대차 - 추돌,안전운전불이행,건조,맑음,단일로 - 기타,승용,남,24세,상해없음,자전거,남,78세,중상
2016032200100037,2016년 3월 22일 03시,화요일,광주광역시 동구 불로동,경상사고,0,0,3,0,차대차 - 측면충돌,신호위반,건조,맑음,교차로 - 교차로안,승용,남,26세,상해없음,승용,남,39세,경상
2016032200100044,2016년 3월 22일 04시,화요일,광주광역시 서구 치평동,경상사고,0,0,3,0,차대차 - 측면충돌,신호위반,건조,맑음,교차로 - 교차로안,승용,남,26세,경상,승용,남,56세,경상
2016032200100045,2016년 3월 22일 04시,화요일,광주광역시 광산구 월계동,경상사고,0,0,2,0,차대차 - 추돌,안전운전불이행,건조,맑음,교차로 - 교차로부근,승용,남,26세,상해없음,화물,남,46세,경상
2016032200100106,2016년 3월 22일 07시,화요일,광주광역시 북구 중흥동,경상사고,0,0,2,0,차대차 - 측면충돌,안전거리미확보,건조,맑음,단일로 - 기타,승용,남,49세,상해없음,승용,남,56세,경상
2016032200100155,2016년 3월 22일 08시,화요일,광주광역시 북구 양산동,경상사고,0,0,1,0,차대차 - 정면충돌,안전운전불이행,건조,맑음,교차로 - 교차로안,승용,여,54세,상해없음,승용,여,44세,경상
2016032200100273,2016년 3월 22일 12시,화요일,광주광역시 광산구 황룡동,경상사고,0,0,1,0,차대차 - 측면직각충돌,안전운전불이행,건조,맑음,단일로 - 기타,농기계,남,69세,상해없음,승용,여,24세,경상
2016032200100323,2016년 3월 22일 14시,화요일,광주광역시 북구 연제동,경상사고,0,0,1,0,차대사람 - 차도통행중,안전운전불이행,건조,맑음,단일로 - 기타,승용,여,34세,상해없음,보행자,남,12세,경상
2016032200100324,2016년 3월 22일 14시,화요일,광주광역시 광산구 수완동,경상사고,0,0,3,0,차대차 - 측면충돌,안전운전불이행,건조,맑음,단일로 - 기타,승용,여,41세,상해없음,승용,남,33세,경상
2016032200100393,2016년 3월 22일 16시,화요일,광주광역시 서구 금호동,경상사고,0,0,1,0,차대차 - 측면직각충돌,안전거리미확보,건조,맑음,교차로 - 교차로부근,화물,남,59세,상해없음,승용,남,22세,경상
2016032200100394,2016년 3월 22일 16시,화요일,광주광역시 북구 오치동,경상사고,0,0,2,0,차대차 - 측면직각충돌,안전운전불이행,건조,맑음,단일로 - 기타,승용,여,47세,상해없음,이륜,남,59세,경상
2016032200100395,2016년 3월 22일 16시,화요일,광주광역시 광산구 신가동,경상사고,0,0,1,0,차대차 - 정면충돌,안전운전불이행,건조,맑음,교차로 - 교차로안,승합,여,47세,상해없음,원동기,남,64세,경상
2016032200100433,2016년 3월 22일 17시,화요일,광주광역시 북구 용봉동,경상사고,0,0,1,0,차대차 - 측면직각충돌,안전운전불이행,건조,맑음,단일로 - 기타,승용,여,46세,상해없음,승용,남,36세,경상
2016032200100514,2016년 3월 22일 19시,화요일,광주광역시 서구 농성동,경상사고,0,0,1,0,차대차 - 측면직각충돌,신호위반,건조,맑음,교차로 - 교차로안,승용,남,28세,상해없음,승용,남,21세,경상
2016032200100515,2016년 3월 22일 19시,화요일,광주광역시 남구 진월동,경상사고,0,0,1,0,차대차 - 측면직각충돌,차로위반,건조,맑음,단일로 - 기타,승용,남,56세,상해없음,승용,남,36세,경상
2016032200100516,2016년 3월 22일 19시,화요일,광주광역시 남구 송하동,경상사고,0,0,1,0,차대차 - 정면충돌,안전거리미확보,건조,맑음,단일로 - 기타,승합,남,44세,상해없음,승용,남,40세,경상
2016032200100540,2016년 3월 22일 20시,화요일,광주광역시 서구 쌍촌동,중상사고,0,1,2,0,차대차 - 측면충돌,신호위반,건조,맑음,교차로 - 교차로안,승용,남,28세,상해없음,승용,남,48세,중상
2016032200100541,2016년 3월 22일 20시,화요일,광주광역시 북구 삼각동,경상사고,0,0,2,0,차대차 - 측면충돌,안전운전불이행,건조,맑음,교차로 - 교차로안,화물,남,56세,상해없음,화물,남,60세,경상
2016032200100574,2016년 3월 22일 21시,화요일,광주광역시 광산구 운남동,경상사고,0,0,1,0,차대사람 - 횡단중,신호위반,건조,맑음,교차로 - 교차로안,승용,남,31세,상해없음,보행자,여,59세,경상
2016032200100575,2016년 3월 22일 21시,화요일,광주광역시 광산구 신가동,경상사고,0,0,1,0,차대차 - 정면충돌,차로위반,건조,맑음,단일로 - 기타,승용,남,58세,상해없음,승용,남,40세,경상
2016032200100605,2016년 3월 22일 22시,화요일,광주광역시 북구 용두동,경상사고,0,0,1,0,차대사람 - 횡단중,안전운전불이행,건조,맑음,단일로 - 기타,승용,남,34세,상해없음,보행자,남,46세,경상
2016032200100634,2016년 3월 22일 23시,화요일,광주광역시 서구 농성동,중상사고,0,2,8,0,차대차 - 정면충돌,중앙선침범,건조,맑음,교차로 - 교차로부근,승용,남,18세,경상,승용,여,35세,중상
2016032300100034,2016년 3월 23일 02시,수요일,광주광역시 서구 치평동,경상사고,0,0,5,0,차대차 - 정면충돌,교차로운행방법위반,건조,기타,교차로 - 교차로안,승용,남,62세,상해없음,승용,남,24세,경상
2016032300100041,2016년 3월 23일 03시,수요일,광주광역시 광산구 월계동,경상사고,0,0,1,0,차대사람 - 횡단중,신호위반,건조,맑음,단일로 - 횡단보도상,승용,남,51세,기타불명,보행자,여,53세,경상
2016032300100061,2016년 3월 23일 06시,수요일,광주광역시 광산구 장덕동,경상사고,0,0,3,0,차대차 - 측면충돌,안전거리미확보,건조,맑음,단일로 - 기타,승용,여,32세,경상,승용,남,33세,경상
2016032300100091,2016년 3월 23일 07시,수요일,광주광역시 동구 대인동,사망사고,1,0,0,0,차량단독 - 도로외이탈 - 기타,안전운전불이행,건조,맑음,기타 - 기타,승용,여,58세,사망,,,,
2016032300100124,2016년 3월 23일 08시,수요일,광주광역시 서구 치평동,경상사고,0,0,1,0,차대차 - 기타,안전거리미확보,건조,맑음,단일로 - 기타,승용,여,61세,상해없음,승용,남,33세,경상
2016032300100125,2016년 3월 23일 08시,수요일,광주광역시 광산구 장덕동,경상사고,0,0,3,0,차대차 - 정면충돌,안전운전불이행,건조,맑음,교차로 - 교차로안,승용,남,52세,상해없음,승용,여,38세,경상
2016032300100150,2016년 3월 23일 09시,수요일,광주광역시 남구 월산동,중상사고,0,1,0,0,차대차 - 측면직각충돌,신호위반,건조,맑음,교차로 - 교차로안,승용,여,51세,상해없음,이륜,남,45세,중상
2016032300100151,2016년 3월 23일 09시,수요일,광주광역시 광산구 하남동,경상사고,0,0,1,0,차대차 - 측면충돌,교차로운행방법위반,건조,맑음,교차로 - 교차로안,승용,여,49세,기타불명,승용,남,53세,경상
2016032300100248,2016년 3월 23일 13시,수요일,광주광역시 북구 신용동,경상사고,0,0,2,0,차대차 - 추돌,안전운전불이행,건조,맑음,단일로 - 기타,승용,여,34세,경상,승용,남,34세,경상
2016032300100249,2016년 3월 23일 13시,수요일,광주광역시 광산구 장수동,경상사고,0,0,3,0,차대차 - 측면직각충돌,안전거리미확보,건조,맑음,단일로 - 기타,승용,여,46세,경상,승용,남,44세,경상
2016032300100276,2016년 3월 23일 14시,수요일,광주광역시 북구 두암동,경상사고,0,0,1,0,차대사람 - 기타,안전운전불이행,건조,맑음,단일로 - 기타,승용,남,30세,상해없음,보행자,여,20세,경상
2016032300100308,2016년 3월 23일 15시,수요일,광주광역시 북구 두암동,부상신고사고,0,0,0,1,차대차 - 측면충돌,신호위반,건조,맑음,교차로 - 교차로안,원동기,남,56세,기타불명,승용,남,22세,부상신고
2016032300100370,2016년 3월 23일 17시,수요일,광주광역시 북구 일곡동,경상사고,0,0,1,0,차대차 - 측면충돌,안전운전불이행,건조,맑음,단일로 - 기타,승용,여,45세,상해없음,승용,여,26세,경상
2016032300100477,2016년 3월 23일 20시,수요일,광주광역시 북구 중흥동,경상사고,0,0,1,0,차대사람 - 횡단중,보행자보호의무위반,건조,맑음,단일로 - 횡단보도상,이륜,남,38세,상해없음,보행자,여,29세,경상
2016032400100038,2016년 3월 24일 01시,목요일,광주광역시 광산구 도산동,경상사고,0,0,2,0,차대차 - 측면직각충돌,불법유턴,건조,맑음,교차로 - 교차로안,승용,남,48세,경상,승용,남,25세,경상
2016032400100072,2016년 3월 24일 04시,목요일,광주광역시 광산구 월곡동,경상사고,0,0,4,0,차대차 - 측면직각충돌,교차로운행방법위반,건조,맑음,교차로 - 교차로안,승합,남,64세,경상,승용,남,44세,경상
2016032400100121,2016년 3월 24일 07시,목요일,광주광역시 북구 매곡동,부상신고사고,0,0,0,1,차대차 - 측면직각충돌,안전운전불이행,건조,기타,교차로 - 교차로안,이륜,남,60세,부상신고,승합,남,69세,상해없음
2016032400100169,2016년 3월 24일 08시,목요일,광주광역시 서구 화정동,경상사고,0,0,1,0,차대사람 - 횡단중,안전운전불이행,건조,맑음,교차로 - 교차로부근,승용,남,70세,상해없음,보행자,남,12세,경상
2016032400100170,2016년 3월 24일 08시,목요일,광주광역시 북구 두암동,경상사고,0,0,1,0,차대사람 - 횡단중,안전운전불이행,건조,맑음,단일로 - 기타,승용,여,38세,상해없음,보행자,여,81세,경상
2016032400100171,2016년 3월 24일 08시,목요일,광주광역시 광산구 장덕동,경상사고,0,0,2,0,차대차 - 측면직각충돌,안전운전불이행,건조,맑음,교차로 - 교차로부근,화물,남,43세,상해없음,승용,남,28세,경상
2016032400100210,2016년 3월 24일 09시,목요일,광주광역시 북구 유동,경상사고,0,0,1,0,차대차 - 기타,안전운전불이행,건조,맑음,단일로 - 기타,승용,여,41세,기타불명,승용,남,65세,경상
2016032400100268,2016년 3월 24일 11시,목요일,광주광역시 남구 진월동,경상사고,0,0,1,0,차대차 - 추돌,안전거리미확보,건조,맑음,단일로 - 기타,승용,남,55세,경상,승합,남,38세,상해없음
2016032400100269,2016년 3월 24일 11시,목요일,광주광역시 서구 동천동,중상사고,0,1,1,0,차대차 - 측면충돌,안전운전불이행,건조,맑음,단일로 - 기타,승용,남,70세,상해없음,승합,남,45세,경상
2016032400100292,2016년 3월 24일 12시,목요일,광주광역시 광산구 오선동,중상사고,0,2,0,0,차대차 - 측면충돌,신호위반,건조,맑음,교차로 - 교차로안,화물,남,60세,중상,화물,남,58세,중상
2016032400100348,2016년 3월 24일 14시,목요일,광주광역시 북구 중흥동,경상사고,0,0,3,0,차대차 - 측면충돌,안전운전불이행,건조,맑음,단일로 - 기타,승용,남,48세,경상,승용,남,29세,경상
2016032400100375,2016년 3월 24일 15시,목요일,광주광역시 남구 방림동,경상사고,0,0,3,0,차대차 - 정면충돌,교차로운행방법위반,건조,맑음,교차로 - 교차로안,승용,여,43세,경상,승합,남,66세,경상
2016032400100376,2016년 3월 24일 15시,목요일,광주광역시 남구 진월동,경상사고,0,0,1,0,차대차 - 추돌,안전운전불이행,건조,맑음,단일로 - 기타,특수,남,38세,상해없음,승용,여,62세,경상
2016032400100443,2016년 3월 24일 17시,목요일,광주광역시 동구 서석동,경상사고,0,0,1,0,차대사람 - 기타,안전운전불이행,건조,맑음,단일로 - 기타,기타불명,기타불명,16세,기타불명,보행자,남,18세,경상
2016032400100444,2016년 3월 24일 17시,목요일,광주광역시 북구 용봉동,중상사고,0,1,0,0,차대차 - 측면충돌,차로위반,건조,맑음,단일로 - 기타,승용,남,38세,상해없음,이륜,남,19세,중상
2016032400100445,2016년 3월 24일 17시,목요일,광주광역시 광산구 우산동,경상사고,0,0,1,0,차대차 - 추돌,안전운전불이행,건조,맑음,단일로 - 기타,승용,남,64세,상해없음,승용,여,49세,경상
2016032400100476,2016년 3월 24일 18시,목요일,광주광역시 북구 문흥동,경상사고,0,0,1,0,차대사람 - 횡단중,안전운전불이행,건조,맑음,단일로 - 기타,승합,남,41세,상해없음,보행자,남,79세,경상
2016032400100477,2016년 3월 24일 18시,목요일,광주광역시 북구 중흥동,경상사고,0,0,2,0,차대차 - 측면직각충돌,교차로운행방법위반,건조,맑음,교차로 - 교차로안,이륜,남,18세,경상,승용,남,65세,경상
2016032400100518,2016년 3월 24일 19시,목요일,광주광역시 서구 쌍촌동,경상사고,0,0,1,0,차대차 - 측면충돌,차로위반,건조,맑음,단일로 - 기타,승용,남,21세,상해없음,승용,남,32세,경상
2016032400100519,2016년 3월 24일 19시,목요일,광주광역시 북구 신안동,경상사고,0,0,5,0,차대차 - 측면직각충돌,안전거리미확보,건조,맑음,교차로 - 교차로부근,승용,남,20세,경상,승용,남,60세,경상
2016032400100549,2016년 3월 24일 20시,목요일,광주광역시 서구 금호동,경상사고,0,0,1,0,차대사람 - 횡단중,안전운전불이행,건조,맑음,기타 - 기타,승용,남,59세,상해없음,보행자,남,71세,경상
2016032400100577,2016년 3월 24일 21시,목요일,광주광역시 광산구 신촌동,중상사고,0,1,1,0,차대차 - 측면충돌,신호위반,건조,맑음,교차로 - 교차로안,승용,여,32세,상해없음,승용,남,68세,중상
2016032400100623,2016년 3월 24일 23시,목요일,광주광역시 광산구 장덕동,경상사고,0,0,1,0,차대차 - 기타,불법유턴,건조,맑음,단일로 - 기타,승용,남,30세,상해없음,이륜,남,21세,경상
2016032500100016,2016년 3월 25일 00시,금요일,광주광역시 남구 백운동,경상사고,0,0,1,0,차대차 - 측면직각충돌,교차로운행방법위반,건조,맑음,교차로 - 교차로부근,승용,남,59세,상해없음,승용,여,44세,경상
2016032500100136,2016년 3월 25일 08시,금요일,광주광역시 남구 주월동,경상사고,0,0,1,0,차대차 - 정면충돌,안전거리미확보,건조,맑음,단일로 - 기타,승용,여,40세,상해없음,승용,여,42세,경상
2016032500100165,2016년 3월 25일 09시,금요일,광주광역시 북구 신안동,경상사고,0,0,1,0,차대사람 - 기타,안전운전불이행,건조,맑음,단일로 - 기타,승합,남,42세,기타불명,보행자,여,58세,경상
2016032500100210,2016년 3월 25일 11시,금요일,광주광역시 서구 농성동,중상사고,0,1,0,0,차대차 - 정면충돌,신호위반,건조,맑음,교차로 - 교차로부근,이륜,남,27세,상해없음,자전거,남,67세,중상
2016032500100240,2016년 3월 25일 12시,금요일,광주광역시 광산구 삼도동,경상사고,0,0,6,0,차대차 - 측면충돌,안전운전불이행,건조,맑음,단일로 - 기타,승용,남,65세,경상,화물,남,53세,경상
2016032500100384,2016년 3월 25일 16시,금요일,광주광역시 북구 두암동,경상사고,0,0,5,1,차대차 - 측면충돌,안전거리미확보,건조,맑음,교차로 - 교차로부근,승용,남,68세,상해없음,승용,여,61세,경상
2016032500100385,2016년 3월 25일 16시,금요일,광주광역시 광산구 월계동,경상사고,0,0,1,0,차대차 - 정면충돌,신호위반,건조,맑음,교차로 - 교차로안,승용,여,44세,상해없음,원동기,남,36세,경상
2016032500100421,2016년 3월 25일 17시,금요일,광주광역시 남구 방림동,경상사고,0,0,1,0,차대차 - 측면직각충돌,안전거리미확보,건조,맑음,교차로 - 교차로부근,승용,남,84세,상해없음,승합,남,56세,상해없음