사고번호,사고일시,요일,시군구,사고내용,사망자수,중상자수,경상자수,부상신고자수,사고유형,법규위반,노면상태,기상상태,도로형태,가해운전자 차종,가해운전자 성별,가해운전자 연령,가해운전자 상해정도,피해운전자 차종,피해운전자 성별,피해운전자 연령,피해운전자 상해정도
2016032500100465,2016년 3월 25일 18시,금요일,광주광역시 서구 치평동,중상사고,0,1,0,0,차대차 - 기타,안전운전불이행,건조,맑음,교차로 - 교차로부근,승용,여,38세,상해없음,자전거,남,62세,중상
2016032500100466,2016년 3월 25일 18시,금요일,광주광역시 북구 두암동,경상사고,0,0,5,0,차대차 - 측면충돌,교차로운행방법위반,건조,맑음,교차로 - 교차로안,승용,남,29세,상해없음,승합,남,60세,경상
2016032500100526,2016년 3월 25일 19시,금요일,광주광역시 광산구 산정동,경상사고,0,0,3,0,차대차 - 측면충돌,교차로운행방법위반,건조,맑음,교차로 - 교차로부근,승용,여,51세,상해없음,승용,여,31세,경상
2016032500100527,2016년 3월 25일 19시,금요일,광주광역시 광산구 오선동,중상사고,0,1,1,0,차대사람 - 횡단중,안전운전불이행,건조,맑음,단일로 - 기타,승용,남,42세,경상,보행자,여,53세,중상
2016032500100563,2016년 3월 25일 20시,금요일,광주광역시 광산구 우산동,경상사고,0,0,1,0,차대차 - 측면직각충돌,안전운전불이행,건조,맑음,단일로 - 기타,승용,남,40세,상해없음,이륜,남,23세,경상
2016032500100625,2016년 3월 25일 22시,금요일,광주광역시 광산구 월계동,경상사고,0,0,1,0,차대차 - 측면충돌,교차로운행방법위반,건조,맑음,교차로 - 교차로안,승용,여,44세,상해없음,승용,여,35세,경상
2016032600100047,2016년 3월 26일 01시,토요일,광주광역시 서구 치평동,중상사고,0,2,0,0,차대차 - 측면직각충돌,신호위반,건조,맑음,교차로 - 교차로안,승용,남,27세,상해없음,승용,남,47세,중상
2016032600100048,2016년 3월 26일 01시,토요일,광주광역시 서구 치평동,경상사고,0,0,1,0,차대사람 - 차도통행중,안전운전불이행,건조,맑음,단일로 - 기타,승용,남,39세,상해없음,보행자,남,35세,경상
2016032600100089,2016년 3월 26일 04시,토요일,광주광역시 북구 운암동,경상사고,0,0,2,0,차대차 - 정면충돌,안전운전불이행,건조,맑음,교차로 - 교차로안,승용,기타불명,22세,기타불명,승용,남,50세,경상
2016032600100090,2016년 3월 26일 04시,토요일,광주광역시 광산구 우산동,경상사고,0,0,2,0,차대차 - 측면직각충돌,교차로운행방법위반,건조,맑음,교차로 - 교차로안,화물,남,41세,경상,승용,남,58세,경상
2016032600100106,2016년 3월 26일 05시,토요일,광주광역시 서구 쌍촌동,경상사고,0,0,2,0,차대차 - 추돌,안전운전불이행,건조,맑음,단일로 - 기타,승용,남,33세,상해없음,승용,남,51세,경상
2016032600100107,2016년 3월 26일 05시,토요일,광주광역시 광산구 수완동,경상사고,0,0,1,0,차대차 - 추돌,안전운전불이행,건조,맑음,교차로 - 교차로부근,승용,남,63세,상해없음,화물,남,42세,경상
2016032600100108,2016년 3월 26일 05시,토요일,광주광역시 광산구 우산동,경상사고,0,0,3,0,차대차 - 추돌,안전운전불이행,건조,맑음,단일로 - 기타,승용,남,33세,상해없음,승용,여,22세,경상
2016032600100120,2016년 3월 26일 06시,토요일,광주광역시 서구 광천동,경상사고,0,0,1,0,차대사람 - 차도통행중,안전운전불이행,건조,맑음,단일로 - 기타,승용,남,67세,상해없음,보행자,여,20세,경상
2016032600100121,2016년 3월 26일 06시,토요일,광주광역시 북구 문흥동,경상사고,0,0,1,0,차대차 - 정면충돌,신호위반,건조,맑음,교차로 - 교차로안,승용,남,54세,상해없음,승용,남,39세,경상
2016032600100122,2016년 3월 26일 06시,토요일,광주광역시 광산구 신촌동,경상사고,0,0,2,0,차대차 - 측면직각충돌,안전운전불이행,건조,맑음,교차로 - 교차로부근,승용,남,30세,경상,화물,남,63세,경상
2016032600100269,2016년 3월 26일 11시,토요일,광주광역시 북구 두암동,경상사고,0,0,1,1,차량단독 - 전도전복,안전운전불이행,건조,흐림,단일로 - 기타,승용,여,23세,경상,,,,
2016032600100307,2016년 3월 26일 12시,토요일,광주광역시 북구 운암동,경상사고,0,0,3,0,차대차 - 측면충돌,안전운전불이행,건조,맑음,단일로 - 기타,승용,여,56세,경상,승용,남,52세,경상
2016032600100308,2016년 3월 26일 12시,토요일,광주광역시 광산구 산정동,경상사고,0,0,1,0,차대차 - 측면충돌,안전운전불이행,건조,맑음,단일로 - 기타,승용,여,36세,상해없음,승용,남,47세,상해없음
2016032600100346,2016년 3월 26일 13시,토요일,광주광역시 서구 치평동,경상사고,0,0,1,0,차대사람 - 기타,안전운전불이행,건조,맑음,단일로 - 기타,승용,기타불명,기타불명,기타불명,보행자,남,21세,경상
2016032600100379,2016년 3월 26일 14시,토요일,광주광역시 서구 마륵동,경상사고,0,0,4,0,차대차 - 정면충돌,중앙선침범,건조,맑음,교차로 - 교차로부근,승용,남,31세,상해없음,승용,남,45세,경상
2016032600100380,2016년 3월 26일 14시,토요일,광주광역시 남구 백운동,경상사고,0,0,1,0,차대차 - 기타,교차로운행방법위반,건조,맑음,교차로 - 교차로안,이륜,남,38세,경상,승용,남,33세,상해없음
2016032600100419,2016년 3월 26일 15시,토요일,광주광역시 동구 계림동,경상사고,0,0,2,0,차대차 - 측면직각충돌,차로위반,건조,맑음,교차로 - 교차로안,승용,여,53세,상해없음,승용,남,34세,경상
2016032600100420,2016년 3월 26일 15시,토요일,광주광역시 서구 쌍촌동,경상사고,0,0,1,0,차대차 - 정면충돌,교차로운행방법위반,건조,맑음,교차로 - 교차로안,승용,남,25세,상해없음,이륜,남,18세,경상
2016032600100421,2016년 3월 26일 15시,토요일,광주광역시 서구 농성동,경상사고,0,0,3,0,차대차 - 추돌,안전운전불이행,건조,맑음,교차로 - 교차로안,승용,남,59세,상해없음,승용,남,48세,경상
2016032600100422,2016년 3월 26일 15시,토요일,광주광역시 서구 광천동,경상사고,0,0,1,0,차대차 - 추돌,안전운전불이행,건조,맑음,기타 - 기타,승용,남,40세,상해없음,승용,남,65세,경상
2016032600100423,2016년 3월 26일 15시,토요일,광주광역시 서구 풍암동,중상사고,0,1,0,0,차대차 - 기타,기타,건조,기타,단일로 - 기타,승용,여,18세,상해없음,이륜,남,16세,중상
2016032600100424,2016년 3월 26일 15시,토요일,광주광역시 북구 망월동,경상사고,0,0,4,0,차대차 - 추돌,안전거리미확보,건조,맑음,교차로 - 교차로부근,승용,남,66세,상해없음,승용,남,59세,경상
2016032600100456,2016년 3월 26일 16시,토요일,광주광역시 광산구 신촌동,경상사고,0,0,1,0,차대차 - 기타,중앙선침범,건조,맑음,교차로 - 교차로부근,승용,남,62세,상해없음,승용,남,67세,상해없음
2016032600100493,2016년 3월 26일 17시,토요일,광주광역시 서구 매월동,중상사고,0,1,0,0,차대사람 - 횡단중,안전운전불이행,건조,맑음,단일로 - 기타,승용,남,35세,상해없음,보행자,여,75세,중상
2016032600100570,2016년 3월 26일 19시,토요일,광주광역시 북구 용봉동,경상사고,0,0,2,0,차대차 - 기타,안전운전불이행,건조,맑음,단일로 - 기타,승합,남,64세,경상,승용,남,34세,경상
2016032600100603,2016년 3월 26일 20시,토요일,광주광역시 남구 백운동,중상사고,0,1,0,0,차대사람 - 횡단중,안전운전불이행,건조,맑음,단일로 - 기타,승용,남,34세,상해없음,보행자,여,69세,중상
2016032600100604,2016년 3월 26일 20시,토요일,광주광역시 북구 운암동,경상사고,0,0,1,0,차대차 - 기타,기타,건조,맑음,단일로 - 기타,승용,남,23세,기타불명,원동기,남,52세,경상
2016032600100605,2016년 3월 26일 20시,토요일,광주광역시 광산구 쌍암동,부상신고사고,0,0,0,1,차대차 - 측면충돌,중앙선침범,건조,맑음,단일로 - 기타,승용,남,48세,상해없음,원동기,남,19세,부상신고
2016032600100666,2016년 3월 26일 22시,토요일,광주광역시 북구 삼각동,경상사고,0,0,2,0,차대차 - 측면충돌,안전운전불이행,건조,맑음,교차로 - 교차로안,승용,남,67세,상해없음,승용,남,25세,경상
2016032700100022,2016년 3월 27일 01시,일요일,광주광역시 서구 치평동,경상사고,0,0,2,0,차대차 - 측면직각충돌,안전운전불이행,건조,맑음,단일로 - 기타,승용,남,25세,상해없음,승용,남,37세,경상
2016032700100057,2016년 3월 27일 04시,일요일,광주광역시 서구 농성동,경상사고,0,0,1,0,차대차 - 기타,안전운전불이행,건조,맑음,단일로 - 기타,승용,남,19세,상해없음,승용,남,47세,상해없음
2016032700100058,2016년 3월 27일 04시,일요일,광주광역시 남구 송하동,사망사고,1,0,0,0,차량단독 - 기타,안전운전불이행,건조,맑음,미분류 - 미분류,승용,남,27세,사망,,,,
2016032700100081,2016년 3월 27일 06시,일요일,광주광역시 광산구 운남동,부상신고사고,0,0,0,1,차량단독 - 전도전복,안전운전불이행,건조,맑음,교차로 - 교차로안,원동기,남,16세,부상신고,,,,
2016032700100106,2016년 3월 27일 08시,일요일,광주광역시 북구 중흥동,경상사고,0,0,1,0,차대사람 - 횡단중,안전운전불이행,건조,맑음,단일로 - 기타,승용,남,27세,상해없음,보행자,남,17세,경상
2016032700100138,2016년 3월 27일 10시,일요일,광주광역시 서구 쌍촌동,중상사고,0,1,0,0,차대사람 - 보도통행중,신호위반,건조,맑음,교차로 - 교차로부근,승합,남,41세,상해없음,보행자,남,60세,중상
2016032700100165,2016년 3월 27일 11시,일요일,광주광역시 북구 임동,경상사고,0,0,3,0,차대차 - 추돌,교차로운행방법위반,건조,맑음,교차로 - 교차로안,승용,남,30세,상해없음,승용,남,38세,경상
2016032700100166,2016년 3월 27일 11시,일요일,광주광역시 광산구 월계동,경상사고,0,0,1,0,차대차 - 기타,신호위반,건조,맑음,교차로 - 교차로안,승용,남,42세,상해없음,승합,남,40세,경상
2016032700100182,2016년 3월 27일 12시,일요일,광주광역시 광산구 월곡동,경상사고,0,0,2,0,차대차 - 측면직각충돌,직진우회전진행방해,건조,맑음,교차로 - 교차로안,화물,남,56세,상해없음,승용,여,41세,경상
2016032700100214,2016년 3월 27일 13시,일요일,광주광역시 북구 용봉동,경상사고,0,0,1,0,차대차 - 측면충돌,교차로운행방법위반,건조,맑음,교차로 - 교차로안,승용,남,52세,상해없음,승용,여,35세,경상
2016032700100315,2016년 3월 27일 16시,일요일,광주광역시 북구 삼각동,경상사고,0,0,1,0,차대사람 - 차도통행중,안전운전불이행,건조,맑음,단일로 - 기타,승용,여,25세,상해없음,보행자,여,78세,경상
2016032700100341,2016년 3월 27일 17시,일요일,광주광역시 북구 문흥동,경상사고,0,0,1,0,차대사람 - 횡단중,안전운전불이행,건조,맑음,단일로 - 기타,승용,남,55세,상해없음,보행자,남,2세,경상
2016032700100388,2016년 3월 27일 19시,일요일,광주광역시 서구 금호동,경상사고,0,0,1,0,차대차 - 기타,안전운전불이행,건조,맑음,교차로 - 교차로안,승용,남,51세,상해없음,이륜,남,28세,경상
2016032700100389,2016년 3월 27일 19시,일요일,광주광역시 광산구 장덕동,중상사고,0,1,1,0,차대차 - 측면충돌,안전운전불이행,건조,맑음,교차로 - 교차로안,승용,남,44세,상해없음,승용,남,27세,중상
2016032700100433,2016년 3월 27일 21시,일요일,광주광역시 북구 우산동,경상사고,0,0,1,0,차대사람 - 기타,기타,건조,맑음,단일로 - 기타,승합,남,52세,상해없음,보행자,여,56세,경상
2016032700100434,2016년 3월 27일 21시,일요일,광주광역시 광산구 수완동,중상사고,0,2,0,0,차대차 - 정면충돌,중앙선침범,건조,맑음,단일로 - 기타,승용,남,48세,상해없음,이륜,남,16세,중상
2016032700100449,2016년 3월 27일 22시,일요일,광주광역시 광산구 수완동,경상사고,0,0,2,0,차대차 - 추돌,안전운전불이행,건조,맑음,단일로 - 기타,원동기,남,18세,경상,승합,남,50세,상해없음
2016032700100464,2016년 3월 27일 23시,일요일,광주광역시 서구 치평동,경상사고,0,0,1,0,차대차 - 정면충돌,안전운전불이행,건조,맑음,교차로 - 교차로부근,승용,남,47세,기타불명,승용,남,54세,경상
2016032800100011,2016년 3월 28일 00시,월요일,광주광역시 광산구 신촌동,경상사고,0,0,1,0,차대차 - 추돌,안전운전불이행,건조,맑음,교차로 - 교차로부근,승용,남,57세,상해없음,승용,남,57세,상해없음
2016032800100018,2016년 3월 28일 01시,월요일,광주광역시 동구 학동,경상사고,0,0,2,0,차대차 - 추돌,안전운전불이행,건조,맑음,단일로 - 기타,승용,남,42세,상해없음,승용,여,56세,경상
2016032800100054,2016년 3월 28일 06시,월요일,광주광역시 서구 화정동,중상사고,0,1,0,0,차대차 - 측면직각충돌,안전운전불이행,건조,맑음,교차로 - 교차로안,화물,남,44세,상해없음,승용,남,41세,중상
2016032800100086,2016년 3월 28일 07시,월요일,광주광역시 서구 농성동,경상사고,0,0,1,0,차대차 - 측면직각충돌,안전거리미확보,건조,맑음,교차로 - 교차로부근,승용,남,79세,상해없음,승용,남,38세,경상
2016032800100087,2016년 3월 28일 07시,월요일,광주광역시 서구 광천동,중상사고,0,1,0,0,차대사람 - 횡단중,보행자보호의무위반,건조,맑음,단일로 - 횡단보도상,승용,남,72세,기타불명,보행자,여,62세,중상
2016032800100185,2016년 3월 28일 09시,월요일,광주광역시 남구 방림동,경상사고,0,0,1,0,차대차 - 측면직각충돌,안전운전불이행,건조,맑음,단일로 - 기타,승용,여,52세,기타불명,승용,여,53세,경상
2016032800100186,2016년 3월 28일 09시,월요일,광주광역시 광산구 하남동,경상사고,0,0,1,0,차대차 - 추돌,안전거리미확보,건조,맑음,교차로 - 교차로부근,승용,남,21세,상해없음,승용,여,34세,경상
2016032800100228,2016년 3월 28일 10시,월요일,광주광역시 동구 용산동,경상사고,0,0,1,0,차대차 - 추돌,안전운전불이행,건조,맑음,단일로 - 기타,승용,남,49세,상해없음,승용,남,46세,경상
2016032800100229,2016년 3월 28일 10시,월요일,광주광역시 광산구 우산동,중상사고,0,2,0,0,차대차 - 측면충돌,교차로운행방법위반,건조,맑음,교차로 - 교차로안,승용,여,44세,기타불명,승용,여,53세,중상
2016032800100289,2016년 3월 28일 12시,월요일,광주광역시 서구 금호동,중상사고,0,1,0,0,차대차 - 정면충돌,중앙선침범,건조,맑음,단일로 - 기타,승용,남,42세,상해없음,이륜,남,22세,중상
2016032800100317,2016년 3월 28일 13시,월요일,광주광역시 서구 치평동,경상사고,0,0,2,0,차대차 - 측면직각충돌,신호위반,건조,맑음,교차로 - 교차로안,화물,남,26세,상해없음,승용,남,26세,경상
2016032800100318,2016년 3월 28일 13시,월요일,광주광역시 북구 우산동,경상사고,0,0,1,0,차대차 - 측면충돌,안전거리미확보,건조,맑음,단일로 - 기타,승용,남,19세,경상,승합,남,49세,상해없음
2016032800100463,2016년 3월 28일 17시,월요일,광주광역시 서구 치평동,경상사고,0,0,2,0,차대차 - 정면충돌,신호위반,건조,맑음,교차로 - 교차로안,승합,남,63세,경상,승용,남,37세,경상
2016032800100464,2016년 3월 28일 17시,월요일,광주광역시 광산구 운수동,경상사고,0,0,1,0,차대차 - 추돌,안전운전불이행,건조,맑음,단일로 - 기타,승용,여,32세,상해없음,승용,여,49세,경상
2016032800100496,2016년 3월 28일 18시,월요일,광주광역시 서구 금호동,경상사고,0,0,6,0,차대차 - 정면충돌,교차로운행방법위반,건조,맑음,교차로 - 교차로안,승용,여,30세,경상,승용,여,35세,경상
2016032800100550,2016년 3월 28일 19시,월요일,광주광역시 북구 양산동,중상사고,0,1,0,0,차대차 - 정면충돌,중앙선침범,건조,맑음,단일로 - 기타,승용,여,32세,상해없음,원동기,남,56세,중상
2016032800100589,2016년 3월 28일 20시,월요일,광주광역시 북구 두암동,경상사고,0,0,1,0,차대사람 - 횡단중,안전운전불이행,건조,맑음,교차로 - 교차로안,이륜,남,19세,상해없음,보행자,여,53세,경상
2016032800100624,2016년 3월 28일 21시,월요일,광주광역시 동구 산수동,경상사고,0,0,1,0,차대차 - 측면직각충돌,교차로운행방법위반,건조,맑음,교차로 - 교차로안,승용,남,64세,상해없음,원동기,남,23세,경상
2016032800100625,2016년 3월 28일 21시,월요일,광주광역시 서구 금호동,중상사고,0,2,0,0,차대사람 - 횡단중,안전운전불이행,건조,맑음,단일로 - 기타,승용,남,56세,상해없음,보행자,남,55세,중상
2016032800100646,2016년 3월 28일 22시,월요일,광주광역시 남구 송하동,경상사고,0,0,1,0,차대차 - 추돌,안전거리미확보,건조,맑음,단일로 - 기타,승용,남,62세,상해없음,이륜,남,44세,경상
2016032800100647,2016년 3월 28일 22시,월요일,광주광역시 남구 서동,경상사고,0,0,2,0,차대차 - 추돌,안전운전불이행,건조,맑음,교차로 - 교차로부근,화물,남,45세,상해없음,승용,남,26세,경상
2016032800100648,2016년 3월 28일 22시,월요일,광주광역시 북구 우산동,경상사고,0,0,2,0,차대차 - 추돌,안전운전불이행,건조,맑음,교차로 - 교차로부근,승합,기타불명,기타불명,기타불명,승용,여,51세,경상
2016032800100649,2016년 3월 28일 22시,월요일,광주광역시 광산구 월계동,경상사고,0,0,2,0,차대사람 - 횡단중,보행자보호의무위반,건조,맑음,교차로 - 교차로부근,기타불명,기타불명,기타불명,기타불명,보행자,남,16세,경상
2016032800100650,2016년 3월 28일 22시,월요일,광주광역시 광산구 수완동,경상사고,0,0,1,0,차대차 - 기타,차로위반,건조,맑음,단일로 - 기타,기타불명,기타불명,기타불명,기타불명,이륜,남,23세,경상
2016032900100014,2016년 3월 29일 00시,화요일,광주광역시 서구 유촌동,경상사고,0,0,1,0,차대차 - 측면직각충돌,신호위반,건조,맑음,교차로 - 교차로안,승용,남,23세,상해없음,승용,남,27세,경상
2016032900100029,2016년 3월 29일 01시,화요일,광주광역시 광산구 수완동,경상사고,0,0,2,0,차대차 - 추돌,안전운전불이행,건조,맑음,교차로 - 교차로부근,승용,남,34세,상해없음,승용,남,23세,경상
2016032900100098,2016년 3월 29일 07시,화요일,광주광역시 서구 치평동,경상사고,0,0,1,0,차대차 - 추돌,안전거리미확보,건조,맑음,교차로 - 교차로부근,승용,남,62세,상해없음,승용,여,45세,경상
2016032900100131,2016년 3월 29일 08시,화요일,광주광역시 동구 학동,경상사고,0,0,1,0,차대차 - 측면충돌,교차로운행방법위반,건조,흐림,교차로 - 교차로안,승용,남,56세,상해없음,승용,여,28세,경상
2016032900100132,2016년 3월 29일 08시,화요일,광주광역시 광산구 소촌동,경상사고,0,0,2,0,차대차 - 추돌,안전거리미확보,건조,맑음,단일로 - 기타,화물,남,36세,경상,화물,남,30세,경상
2016032900100204,2016년 3월 29일 11시,화요일,광주광역시 동구 서석동,경상사고,0,0,1,0,차대사람 - 횡단중,안전운전불이행,건조,맑음,교차로 - 교차로부근,화물,남,48세,상해없음,보행자,여,45세,경상
2016032900100205,2016년 3월 29일 11시,화요일,광주광역시 서구 매월동,경상사고,0,0,1,0,차대차 - 측면충돌,안전거리미확보,건조,맑음,단일로 - 기타,승용,여,66세,상해없음,승합,여,43세,경상
2016032900100249,2016년 3월 29일 13시,화요일,광주광역시 북구 운암동,경상사고,0,0,1,0,차대차 - 측면충돌,신호위반,건조,맑음,교차로 - 교차로안,화물,남,55세,상해없음,이륜,남,49세,경상
2016032900100250,2016년 3월 29일 13시,화요일,광주광역시 북구 문흥동,경상사고,0,0,1,0,차대차 - 추돌,안전운전불이행,건조,맑음,교차로 - 교차로부근,승용,남,58세,상해없음,승용,여,47세,경상
2016032900100251,2016년 3월 29일 13시,화요일,광주광역시 북구 두암동,경상사고,0,0,1,0,차대차 - 추돌,안전운전불이행,건조,맑음,교차로 - 교차로안,승용,여,43세,상해없음,화물,남,54세,경상
2016032900100276,2016년 3월 29일 14시,화요일,광주광역시 광산구 장덕동,경상사고,0,0,1,0,차대차 - 측면충돌,신호위반,건조,맑음,교차로 - 교차로안,승용,여,34세,상해없음,승용,남,68세,경상
2016032900100311,2016년 3월 29일 15시,화요일,광주광역시 서구 쌍촌동,경상사고,0,0,1,0,차대차 - 추돌,안전운전불이행,건조,맑음,단일로 - 기타,승용,남,50세,상해없음,승용,남,35세,경상
2016032900100342,2016년 3월 29일 16시,화요일,광주광역시 서구 치평동,경상사고,0,0,1,0,차대차 - 추돌,안전운전불이행,건조,맑음,단일로 - 기타,승용,남,34세,상해없음,승용,남,29세,경상
2016032900100375,2016년 3월 29일 17시,화요일,광주광역시 북구 중흥동,경상사고,0,0,1,0,차대사람 - 횡단중,보행자보호의무위반,건조,맑음,단일로 - 횡단보도상,승용,기타불명,22세,기타불명,보행자,여,43세,경상
2016032900100419,2016년 3월 29일 18시,화요일,광주광역시 서구 동천동,경상사고,0,0,1,0,차대사람 - 차도통행중,안전운전불이행,건조,흐림,단일로 - 기타,승용,남,63세,상해없음,보행자,여,22세,경상
2016032900100461,2016년 3월 29일 19시,화요일,광주광역시 북구 신안동,경상사고,0,0,1,0,차대차 - 추돌,안전거리미확보,건조,맑음,교차로 - 교차로부근,승용,남,57세,기타불명,승용,남,41세,경상
2016032900100462,2016년 3월 29일 19시,화요일,광주광역시 광산구 하남동,경상사고,0,0,1,0,차대차 - 측면충돌,교차로운행방법위반,건조,맑음,교차로 - 교차로안,화물,남,58세,상해없음,승용,남,42세,경상
2016032900100463,2016년 3월 29일 19시,화요일,광주광역시 광산구 수완동,경상사고,0,0,1,0,차대사람 - 횡단중,안전운전불이행,건조,맑음,단일로 - 기타,승용,남,41세,상해없음,보행자,남,10세,경상
2016032900100487,2016년 3월 29일 20시,화요일,광주광역시 서구 금호동,경상사고,0,0,1,0,차대차 - 추돌,안전거리미확보,건조,흐림,단일로 - 기타,승용,남,56세,상해없음,승용,여,43세,경상
2016032900100488,2016년 3월 29일 20시,화요일,광주광역시 서구 화정동,중상사고,0,1,1,0,차대사람 - 횡단중,안전운전불이행,건조,맑음,단일로 - 기타,승용,여,48세,상해없음,보행자,여,58세,경상
2016032900100489,2016년 3월 29일 20시,화요일,광주광역시 광산구 장덕동,경상사고,0,0,2,0,차대차 - 정면충돌,안전운전불이행,건조,맑음,교차로 - 교차로안,승용,여,58세,상해없음,승용,여,49세,경상
2016032900100540,2016년 3월 29일 22시,화요일,광주광역시 서구 화정동,경상사고,0,0,1,0,차대차 - 측면직각충돌,신호위반,건조,맑음,교차로 - 교차로안,승용,남,19세,상해없음,승용,남,34세,경상
2016032900100541,2016년 3월 29일 22시,화요일,광주광역시 광산구 월계동,경상사고,0,0,2,0,차대차 - 측면직각충돌,신호위반,건조,맑음,교차로 - 교차로안,승용,남,46세,상해없음,승용,남,48세,경상
2016032900100542,2016년 3월 29일 22시,화요일,광주광역시 광산구 산정동,경상사고,0,0,1,0,차대차 - 측면직각충돌,안전운전불이행,건조,맑음,단일로 - 기타,승용,여,26세,경상,승용,여,40세,상해없음
2016032900100570,2016년 3월 29일 23시,화요일,광주광역시 서구 치평동,경상사고,0,0,2,0,차대차 - 측면직각충돌,교차로운행방법위반,건조,맑음,교차로 - 교차로안,승용,남,46세,상해없음,승용,여,56세,상해없음
2016032900100571,2016년 3월 29일 23시,화요일,광주광역시 북구 신용동,사망사고,1,0,0,0,차량단독 - 공작물충돌,안전운전불이행,건조,맑음,단일로 - 기타,승용,남,29세,사망,,,,
2016033000100009,2016년 3월 30일 00시,수요일,광주광역시 북구 용봉동,중상사고,0,1,0,0,차대사람 - 횡단중,안전운전불이행,건조,맑음,단일로 - 기타,승용,남,31세,상해없음,보행자,남,26세,중상
2016033000100010,2016년 3월 30일 00시,수요일,광주광역시 광산구 신창동,경상사고,0,0,3,0,차대차 - 측면직각충돌,안전운전불이행,건조,맑음,교차로 - 교차로안,승용,남,45세,상해없음,승용,남,46세,경상
2016033000100028,2016년 3월 30일 02시,수요일,광주광역시 북구 동림동,경상사고,0,0,1,0,차대차 - 측면직각충돌,교차로운행방법위반,건조,맑음,교차로 - 교차로안,승합,남,45세,상해없음,화물,남,28세,경상
2016033000100046,2016년 3월 30일 05시,수요일,광주광역시 남구 송하동,중상사고,0,1,0,0,차대차 - 측면직각충돌,안전거리미확보,건조,맑음,단일로 - 기타,승용,남,51세,상해없음,이륜,남,65세,중상
2016033000100047,2016년 3월 30일 05시,수요일,광주광역시 북구 운암동,부상신고사고,0,0,0,1,차대사람 - 횡단중,안전운전불이행,건조,맑음,단일로 - 기타,승용,남,68세,상해없음,보행자,남,46세,부상신고
2016033000100048,2016년 3월 30일 05시,수요일,광주광역시 북구 운암동,경상사고,0,0,1,0,차대차 - 측면충돌,안전거리미확보,건조,맑음,단일로 - 기타,승용,기타불명,22세,기타불명,화물,남,59세,경상
2016033000100063,2016년 3월 30일 06시,수요일,광주광역시 북구 문흥동,경상사고,0,0,1,0,차대차 - 측면직각충돌,안전운전불이행,건조,맑음,교차로 - 교차로안,승용,여,51세,경상,승합,남,58세,상해없음
2016033000100158,2016년 3월 30일 09시,수요일,광주광역시 남구 백운동,경상사고,0,0,2,0,차대차 - 측면직각충돌,안전거리미확보,건조,맑음,단일로 - 기타,승용,여,23세,상해없음,승용,남,51세,경상
2016033000100221,2016년 3월 30일 11시,수요일,광주광역시 광산구 비아동,경상사고,0,0,1,0,차대차 - 추돌,안전운전불이행,건조,맑음,단일로 - 기타,원동기,남,83세,경상,승용,여,44세,상해없음
2016033000100358,2016년 3월 30일 15시,수요일,광주광역시 서구 동천동,부상신고사고,0,0,0,1,차대차 - 기타,안전운전불이행,건조,맑음,교차로 - 교차로안,자전거,남,39세,부상신고,승용,남,25세,상해없음
2016033000100359,2016년 3월 30일 15시,수요일,광주광역시 북구 중흥동,사망사고,1,0,0,0,차대사람 - 횡단중,안전운전불이행,건조,맑음,교차로 - 교차로안,화물,여,22세,상해없음,보행자,여,81세,사망
2016033000100360,2016년 3월 30일 15시,수요일,광주광역시 북구 운암동,경상사고,0,0,3,0,차대차 - 추돌,교차로운행방법위반,건조,맑음,교차로 - 교차로안,승용,여,35세,상해없음,승용,남,27세,경상
2016033000100361,2016년 3월 30일 15시,수요일,광주광역시 북구 운암동,경상사고,0,0,1,0,차대사람 - 횡단중,안전운전불이행,건조,맑음,단일로 - 기타,승용,여,31세,상해없음,보행자,여,13세,경상
2016033000100401,2016년 3월 30일 16시,수요일,광주광역시 광산구 우산동,중상사고,0,1,0,0,차대사람 - 횡단중,안전운전불이행,건조,맑음,단일로 - 기타,승용,여,33세,상해없음,보행자,여,82세,중상
2016033000100467,2016년 3월 30일 18시,수요일,광주광역시 북구 우산동,경상사고,0,0,6,0,차대차 - 추돌,안전운전불이행,건조,맑음,교차로 - 교차로부근,승용,남,55세,경상,승용,남,29세,경상
2016033000100498,2016년 3월 30일 19시,수요일,광주광역시 남구 봉선동,경상사고,0,0,1,0,차대차 - 측면충돌,안전운전불이행,건조,맑음,단일로 - 기타,이륜,남,16세,경상,승용,남,30세,상해없음
2016033000100499,2016년 3월 30일 19시,수요일,광주광역시 북구 각화동,경상사고,0,0,3,0,차대차 - 측면직각충돌,안전거리미확보,건조,맑음,단일로 - 기타,승용,여,52세,경상,화물,남,67세,경상
2016033000100555,2016년 3월 30일 21시,수요일,광주광역시 북구 양산동,경상사고,0,0,1,0,차대차 - 정면충돌,교차로운행방법위반,건조,맑음,교차로 - 교차로안,승용,여,45세,상해없음,이륜,남,59세,경상
2016033100100040,2016년 3월 31일 04시,목요일,광주광역시 북구 운암동,경상사고,0,0,1,0,차대차 - 추돌,안전운전불이행,건조,맑음,단일로 - 기타,승용,남,32세,경상,화물,남,55세,상해없음