사고번호,사고일시,요일,시군구,사고내용,사망자수,중상자수,경상자수,부상신고자수,사고유형,법규위반,노면상태,기상상태,도로형태,가해운전자 차종,가해운전자 성별,가해운전자 연령,가해운전자 상해정도,피해운전자 차종,피해운전자 성별,피해운전자 연령,피해운전자 상해정도
2016033100100118,2016년 3월 31일 08시,목요일,광주광역시 서구 쌍촌동,경상사고,0,0,3,0,차대차 - 추돌,안전운전불이행,기타,기타,단일로 - 기타,승용,남,61세,상해없음,승용,남,69세,상해없음
2016033100100145,2016년 3월 31일 09시,목요일,광주광역시 광산구 오선동,경상사고,0,0,1,0,차대차 - 측면충돌,안전운전불이행,건조,맑음,교차로 - 교차로안,이륜,남,76세,경상,승용,남,39세,상해없음
2016033100100146,2016년 3월 31일 09시,목요일,광주광역시 광산구 장덕동,경상사고,0,0,1,0,차대차 - 측면충돌,교차로운행방법위반,건조,맑음,교차로 - 교차로부근,화물,남,36세,상해없음,화물,남,27세,경상
2016033100100356,2016년 3월 31일 16시,목요일,광주광역시 서구 화정동,경상사고,0,0,2,0,차대차 - 측면직각충돌,교차로운행방법위반,건조,맑음,교차로 - 교차로안,승용,여,52세,상해없음,승용,남,47세,경상
2016033100100357,2016년 3월 31일 16시,목요일,광주광역시 광산구 안청동,중상사고,0,2,2,0,차대차 - 측면충돌,교차로운행방법위반,건조,맑음,교차로 - 교차로안,승용,남,69세,경상,승용,남,50세,중상
2016033100100389,2016년 3월 31일 17시,목요일,광주광역시 서구 화정동,중상사고,0,1,0,0,차대사람 - 횡단중,보행자보호의무위반,건조,맑음,단일로 - 기타,승용,남,34세,상해없음,보행자,여,11세,중상
2016033100100390,2016년 3월 31일 17시,목요일,광주광역시 서구 유촌동,경상사고,0,0,1,0,차대차 - 추돌,안전운전불이행,건조,기타,단일로 - 기타,승용,남,41세,상해없음,승용,남,34세,경상
2016033100100391,2016년 3월 31일 17시,목요일,광주광역시 남구 서동,경상사고,0,0,1,0,차대사람 - 길가장자리구역통행중,안전운전불이행,건조,맑음,단일로 - 기타,승용,남,65세,상해없음,보행자,남,39세,경상
2016033100100392,2016년 3월 31일 17시,목요일,광주광역시 남구 행암동,중상사고,0,1,0,0,차량단독 - 기타,기타,건조,맑음,단일로 - 기타,승합,남,64세,상해없음,,,,
2016033100100427,2016년 3월 31일 18시,목요일,광주광역시 서구 쌍촌동,중상사고,0,1,0,0,차대사람 - 횡단중,안전운전불이행,건조,맑음,단일로 - 기타,화물,남,61세,상해없음,보행자,남,74세,중상
2016033100100495,2016년 3월 31일 20시,목요일,광주광역시 서구 농성동,경상사고,0,0,1,0,차대사람 - 차도통행중,안전운전불이행,건조,맑음,단일로 - 기타,기타불명,기타불명,기타불명,기타불명,보행자,여,64세,경상
2016033100100496,2016년 3월 31일 20시,목요일,광주광역시 북구 운암동,경상사고,0,0,1,0,차대차 - 기타,교차로운행방법위반,건조,맑음,교차로 - 교차로안,승용,남,51세,상해없음,이륜,남,22세,경상
2016033100100576,2016년 3월 31일 23시,목요일,광주광역시 광산구 장덕동,경상사고,0,0,1,0,차대차 - 정면충돌,안전운전불이행,건조,맑음,교차로 - 교차로안,승용,남,34세,상해없음,승용,여,21세,경상
2016040100100038,2016년 4월 1일 01시,금요일,광주광역시 서구 풍암동,중상사고,0,1,0,0,차대차 - 추돌,안전운전불이행,건조,맑음,교차로 - 교차로안,승용,남,69세,상해없음,승용,여,32세,중상
2016040100100114,2016년 4월 1일 07시,금요일,광주광역시 북구 풍향동,경상사고,0,0,2,0,차대차 - 추돌,안전운전불이행,건조,맑음,단일로 - 기타,승용,여,25세,상해없음,승용,남,28세,경상
2016040100100154,2016년 4월 1일 08시,금요일,광주광역시 남구 백운동,경상사고,0,0,1,0,차대차 - 측면충돌,안전운전불이행,건조,맑음,단일로 - 기타,화물,남,35세,상해없음,자전거,남,70세,경상
2016040100100155,2016년 4월 1일 08시,금요일,광주광역시 북구 두암동,경상사고,0,0,1,0,차대차 - 추돌,안전운전불이행,건조,맑음,단일로 - 기타,화물,남,61세,상해없음,승용,여,40세,경상
2016040100100156,2016년 4월 1일 08시,금요일,광주광역시 북구 매곡동,경상사고,0,0,1,0,차대차 - 정면충돌,안전운전불이행,건조,맑음,교차로 - 교차로부근,승용,여,47세,상해없음,자전거,남,16세,경상
2016040100100157,2016년 4월 1일 08시,금요일,광주광역시 광산구 우산동,경상사고,0,0,2,0,차대차 - 추돌,안전거리미확보,건조,맑음,단일로 - 기타,화물,남,52세,상해없음,승용,여,58세,경상
2016040100100221,2016년 4월 1일 10시,금요일,광주광역시 서구 치평동,경상사고,0,0,1,0,차대사람 - 횡단중,안전운전불이행,건조,맑음,단일로 - 기타,승용,남,53세,상해없음,보행자,남,76세,경상
2016040100100222,2016년 4월 1일 10시,금요일,광주광역시 서구 덕흥동,경상사고,0,0,8,0,차대차 - 추돌,안전거리미확보,건조,맑음,단일로 - 기타,화물,남,31세,경상,승용,남,33세,경상
2016040100100252,2016년 4월 1일 11시,금요일,광주광역시 남구 백운동,경상사고,0,0,2,0,차대차 - 추돌,안전운전불이행,건조,맑음,교차로 - 교차로부근,승용,남,50세,상해없음,승용,남,56세,경상
2016040100100253,2016년 4월 1일 11시,금요일,광주광역시 남구 봉선동,경상사고,0,0,1,0,차대사람 - 길가장자리구역통행중,안전운전불이행,건조,맑음,단일로 - 기타,기타불명,기타불명,기타불명,기타불명,보행자,여,63세,경상
2016040100100272,2016년 4월 1일 12시,금요일,광주광역시 동구 동명동,경상사고,0,0,2,0,차대차 - 추돌,안전운전불이행,건조,맑음,단일로 - 기타,승용,남,37세,경상,승용,남,62세,경상
2016040100100339,2016년 4월 1일 14시,금요일,광주광역시 광산구 선암동,경상사고,0,0,3,0,차대차 - 측면직각충돌,교차로운행방법위반,건조,맑음,교차로 - 교차로안,승용,여,37세,경상,승용,남,46세,경상
2016040100100373,2016년 4월 1일 15시,금요일,광주광역시 서구 유촌동,경상사고,0,0,1,0,차대사람 - 횡단중,안전운전불이행,건조,맑음,교차로 - 교차로부근,승용,여,28세,상해없음,보행자,여,63세,경상
2016040100100419,2016년 4월 1일 16시,금요일,광주광역시 서구 치평동,중상사고,0,1,0,0,차대차 - 측면직각충돌,교차로운행방법위반,건조,맑음,교차로 - 교차로안,승용,여,41세,상해없음,자전거,남,72세,중상
2016040100100420,2016년 4월 1일 16시,금요일,광주광역시 북구 운암동,중상사고,0,1,0,0,차대차 - 기타,안전거리미확보,건조,맑음,미분류 - 미분류,승용,남,71세,상해없음,원동기,남,25세,중상
2016040100100421,2016년 4월 1일 16시,금요일,광주광역시 광산구 오선동,경상사고,0,0,4,0,차대차 - 추돌,신호위반,건조,맑음,교차로 - 교차로안,승합,남,23세,상해없음,승용,남,26세,경상
2016040100100464,2016년 4월 1일 17시,금요일,광주광역시 서구 쌍촌동,경상사고,0,0,1,0,차대사람 - 횡단중,보행자보호의무위반,건조,맑음,단일로 - 횡단보도상,승용,여,58세,상해없음,보행자,남,10세,경상
2016040100100465,2016년 4월 1일 17시,금요일,광주광역시 북구 양산동,경상사고,0,0,1,0,차대차 - 측면직각충돌,안전운전불이행,건조,맑음,단일로 - 기타,승합,남,41세,상해없음,자전거,여,9세,경상
2016040100100509,2016년 4월 1일 18시,금요일,광주광역시 남구 주월동,경상사고,0,0,2,0,차대차 - 기타,중앙선침범,건조,맑음,단일로 - 기타,승용,여,45세,경상,승용,남,28세,경상
2016040100100553,2016년 4월 1일 19시,금요일,광주광역시 광산구 수완동,경상사고,0,0,2,0,차대차 - 추돌,안전운전불이행,건조,맑음,단일로 - 기타,승용,여,45세,상해없음,승용,남,34세,경상
2016040100100570,2016년 4월 1일 19시,금요일,광주광역시 남구 백운동,경상사고,0,0,1,0,차대차 - 추돌,안전거리미확보,건조,맑음,단일로 - 기타,화물,남,69세,상해없음,승용,여,49세,경상
2016040100100627,2016년 4월 1일 20시,금요일,광주광역시 서구 광천동,경상사고,0,0,1,0,차대사람 - 횡단중,신호위반,건조,맑음,교차로 - 교차로부근,이륜,남,29세,상해없음,보행자,남,16세,경상
2016040100100628,2016년 4월 1일 20시,금요일,광주광역시 북구 신안동,경상사고,0,0,1,0,차대사람 - 횡단중,보행자보호의무위반,건조,맑음,단일로 - 횡단보도상,승용,남,29세,상해없음,보행자,여,20세,경상
2016040100100668,2016년 4월 1일 21시,금요일,광주광역시 북구 오치동,경상사고,0,0,1,0,차대차 - 기타,안전거리미확보,건조,맑음,단일로 - 기타,승용,남,60세,상해없음,원동기,남,20세,경상
2016040100100669,2016년 4월 1일 21시,금요일,광주광역시 북구 각화동,중상사고,0,1,1,0,차대사람 - 횡단중,안전운전불이행,건조,맑음,단일로 - 기타,승용,남,57세,상해없음,보행자,남,54세,중상
2016040100100732,2016년 4월 1일 23시,금요일,광주광역시 북구 문흥동,중상사고,0,1,0,0,차대차 - 측면충돌,중앙선침범,건조,맑음,단일로 - 기타,화물,남,47세,상해없음,원동기,남,19세,중상
2016040100100733,2016년 4월 1일 23시,금요일,광주광역시 광산구 운남동,경상사고,0,0,2,0,차대차 - 기타,안전운전불이행,건조,맑음,교차로 - 교차로부근,승용,남,34세,상해없음,승용,남,55세,경상
2016040200100060,2016년 4월 2일 02시,토요일,광주광역시 북구 용봉동,경상사고,0,0,1,0,차대차 - 정면충돌,교차로운행방법위반,건조,맑음,교차로 - 교차로안,승용,여,41세,상해없음,승용,남,55세,경상
2016040200100131,2016년 4월 2일 07시,토요일,광주광역시 북구 유동,중상사고,0,1,0,0,차대차 - 측면충돌,안전운전불이행,건조,맑음,단일로 - 횡단보도상,자전거,남,76세,중상,승용,남,34세,상해없음
2016040200100160,2016년 4월 2일 08시,토요일,광주광역시 동구 월남동,경상사고,0,0,2,0,차대차 - 추돌,안전거리미확보,건조,맑음,단일로 - 기타,승용,남,70세,상해없음,승용,남,59세,경상
2016040200100191,2016년 4월 2일 09시,토요일,광주광역시 서구 유촌동,경상사고,0,0,3,0,차대차 - 추돌,안전거리미확보,건조,맑음,단일로 - 기타,승용,남,34세,상해없음,승용,남,56세,경상
2016040200100257,2016년 4월 2일 11시,토요일,광주광역시 북구 두암동,경상사고,0,0,1,0,차대차 - 기타,안전운전불이행,건조,맑음,교차로 - 교차로안,이륜,남,67세,상해없음,승합,남,61세,상해없음
2016040200100335,2016년 4월 2일 13시,토요일,광주광역시 동구 장동,경상사고,0,0,3,0,차대차 - 추돌,안전운전불이행,건조,맑음,교차로 - 교차로안,승용,남,53세,상해없음,승용,남,36세,경상
2016040200100337,2016년 4월 2일 13시,토요일,광주광역시 북구 운암동,경상사고,0,0,1,0,차대차 - 측면충돌,안전운전불이행,건조,맑음,교차로 - 교차로부근,승용,남,59세,상해없음,승용,남,31세,경상
2016040200100387,2016년 4월 2일 14시,토요일,광주광역시 북구 운암동,경상사고,0,0,1,0,차대차 - 추돌,안전운전불이행,건조,맑음,교차로 - 교차로안,승용,남,44세,상해없음,승용,남,57세,경상
2016040200100433,2016년 4월 2일 15시,토요일,광주광역시 서구 쌍촌동,경상사고,0,0,2,0,차대차 - 정면충돌,안전운전불이행,건조,맑음,단일로 - 기타,승용,남,50세,상해없음,승용,여,39세,경상
2016040200100434,2016년 4월 2일 15시,토요일,광주광역시 남구 양림동,중상사고,0,1,0,0,차대사람 - 기타,안전운전불이행,건조,맑음,단일로 - 기타,기타불명,기타불명,기타불명,기타불명,보행자,여,77세,중상
2016040200100471,2016년 4월 2일 16시,토요일,광주광역시 서구 농성동,경상사고,0,0,3,0,차대차 - 추돌,안전거리미확보,건조,맑음,미분류 - 미분류,승용,남,40세,상해없음,승용,남,62세,경상
2016040200100511,2016년 4월 2일 17시,토요일,광주광역시 서구 쌍촌동,경상사고,0,0,1,0,차대사람 - 횡단중,안전운전불이행,건조,맑음,단일로 - 기타,승용,남,43세,상해없음,보행자,여,64세,경상
2016040200100591,2016년 4월 2일 19시,토요일,광주광역시 서구 치평동,경상사고,0,0,2,0,차대차 - 측면직각충돌,교차로운행방법위반,건조,맑음,교차로 - 교차로안,승용,남,64세,경상,승용,남,69세,경상
2016040200100592,2016년 4월 2일 19시,토요일,광주광역시 서구 쌍촌동,경상사고,0,0,1,0,차대차 - 측면충돌,안전운전불이행,건조,맑음,교차로 - 교차로안,승용,남,51세,상해없음,이륜,남,23세,경상
2016040200100593,2016년 4월 2일 19시,토요일,광주광역시 남구 진월동,경상사고,0,0,1,0,차대차 - 정면충돌,안전거리미확보,건조,맑음,단일로 - 기타,승용,여,55세,상해없음,승용,남,54세,경상
2016040200100624,2016년 4월 2일 20시,토요일,광주광역시 남구 주월동,중상사고,0,1,0,0,차대사람 - 횡단중,안전운전불이행,건조,맑음,단일로 - 횡단보도상,승용,남,59세,상해없음,보행자,남,73세,중상
2016040200100646,2016년 4월 2일 21시,토요일,광주광역시 광산구 월계동,중상사고,0,1,0,0,차대차 - 추돌,교차로운행방법위반,건조,맑음,교차로 - 교차로안,승용,남,26세,상해없음,원동기,남,29세,중상
2016040200100689,2016년 4월 2일 23시,토요일,광주광역시 남구 주월동,경상사고,0,0,1,0,차대차 - 측면충돌,교차로운행방법위반,건조,맑음,교차로 - 교차로안,승용,여,50세,상해없음,원동기,남,16세,경상
2016040200100690,2016년 4월 2일 23시,토요일,광주광역시 북구 임동,경상사고,0,0,6,0,차대차 - 측면직각충돌,신호위반,건조,맑음,교차로 - 교차로안,승용,여,50세,경상,승용,여,27세,경상
2016040200100691,2016년 4월 2일 23시,토요일,광주광역시 광산구 우산동,경상사고,0,0,4,0,차대차 - 추돌,안전운전불이행,건조,맑음,교차로 - 교차로부근,승용,남,44세,상해없음,승용,남,25세,경상
2016040300100022,2016년 4월 3일 00시,일요일,광주광역시 광산구 우산동,경상사고,0,0,4,0,차대차 - 측면직각충돌,안전거리미확보,건조,맑음,단일로 - 기타,승용,남,49세,경상,승용,여,56세,경상
2016040300100049,2016년 4월 3일 01시,일요일,광주광역시 북구 운암동,중상사고,0,2,0,0,차대차 - 정면충돌,안전운전불이행,건조,맑음,단일로 - 기타,승용,남,21세,상해없음,승용,남,49세,중상
2016040300100118,2016년 4월 3일 06시,일요일,광주광역시 동구 학동,중상사고,0,2,0,0,차대차 - 측면충돌,신호위반,건조,맑음,교차로 - 교차로안,승용,남,45세,기타불명,승용,남,58세,중상
2016040300100119,2016년 4월 3일 06시,일요일,광주광역시 동구 대인동,중상사고,0,1,3,0,차대차 - 측면충돌,신호위반,건조,흐림,교차로 - 교차로안,승용,남,26세,상해없음,승용,남,80세,중상
2016040300100120,2016년 4월 3일 06시,일요일,광주광역시 서구 금호동,중상사고,0,1,1,0,차대차 - 추돌,안전운전불이행,건조,맑음,단일로 - 기타,승용,남,27세,상해없음,승용,남,75세,중상
2016040300100121,2016년 4월 3일 06시,일요일,광주광역시 북구 용두동,경상사고,0,0,1,0,차대차 - 추돌,안전운전불이행,건조,맑음,교차로 - 교차로부근,승용,남,19세,상해없음,승용,남,39세,경상
2016040300100141,2016년 4월 3일 08시,일요일,광주광역시 서구 화정동,경상사고,0,0,2,0,차대차 - 정면충돌,교차로운행방법위반,기타,흐림,교차로 - 교차로안,승용,남,34세,상해없음,승용,여,43세,경상
2016040300100202,2016년 4월 3일 11시,일요일,광주광역시 광산구 쌍암동,경상사고,0,0,4,0,차대차 - 측면직각충돌,교차로운행방법위반,건조,맑음,교차로 - 교차로안,승용,남,31세,상해없음,승용,남,41세,경상
2016040300100203,2016년 4월 3일 11시,일요일,광주광역시 광산구 송정동,경상사고,0,0,2,0,차대차 - 측면직각충돌,교차로운행방법위반,건조,맑음,교차로 - 교차로안,승용,여,51세,경상,승용,남,35세,경상
2016040300100233,2016년 4월 3일 12시,일요일,광주광역시 북구 신안동,경상사고,0,0,2,0,차대차 - 추돌,안전운전불이행,건조,맑음,기타 - 기타,승용,남,42세,상해없음,승용,여,50세,경상
2016040300100270,2016년 4월 3일 13시,일요일,광주광역시 동구 산수동,중상사고,0,1,0,0,차대사람 - 횡단중,안전운전불이행,건조,흐림,단일로 - 기타,승용,남,44세,상해없음,보행자,여,69세,중상
2016040300100271,2016년 4월 3일 13시,일요일,광주광역시 광산구 우산동,경상사고,0,0,1,0,차대차 - 측면충돌,안전운전불이행,습기,비,단일로 - 기타,승용,여,49세,상해없음,승합,남,53세,경상
2016040300100296,2016년 4월 3일 14시,일요일,광주광역시 북구 오치동,경상사고,0,0,2,0,차대사람 - 횡단중,안전운전불이행,습기,비,단일로 - 기타,승용,여,41세,상해없음,보행자,여,33세,경상
2016040300100377,2016년 4월 3일 16시,일요일,광주광역시 북구 두암동,경상사고,0,0,2,0,차대차 - 측면직각충돌,안전운전불이행,습기,비,단일로 - 기타,승합,남,59세,상해없음,승용,여,35세,경상
2016040300100434,2016년 4월 3일 18시,일요일,광주광역시 북구 유동,경상사고,0,0,1,0,차대차 - 기타,기타,습기,비,교차로 - 교차로부근,이륜,남,44세,경상,승용,남,52세,상해없음
2016040300100435,2016년 4월 3일 18시,일요일,광주광역시 북구 일곡동,경상사고,0,0,3,0,차대차 - 측면직각충돌,안전운전불이행,습기,비,교차로 - 교차로안,승용,여,42세,상해없음,승용,남,41세,경상
2016040300100476,2016년 4월 3일 19시,일요일,광주광역시 서구 치평동,경상사고,0,0,3,0,차대차 - 측면직각충돌,신호위반,건조,흐림,단일로 - 기타,승용,남,28세,기타불명,승합,남,38세,경상
2016040300100477,2016년 4월 3일 19시,일요일,광주광역시 북구 신안동,경상사고,0,0,1,0,차대차 - 측면직각충돌,안전운전불이행,습기,비,단일로 - 기타,승용,남,63세,상해없음,이륜,남,31세,경상
2016040300100508,2016년 4월 3일 20시,일요일,광주광역시 북구 매곡동,부상신고사고,0,0,0,1,차량단독 - 전도전복,안전운전불이행,습기,비,단일로 - 기타,이륜,남,23세,부상신고,,,,
2016040300100509,2016년 4월 3일 20시,일요일,광주광역시 북구 용봉동,경상사고,0,0,2,0,차대사람 - 횡단중,안전운전불이행,습기,비,교차로 - 교차로안,화물,남,41세,상해없음,보행자,여,24세,경상
2016040300100542,2016년 4월 3일 21시,일요일,광주광역시 서구 농성동,경상사고,0,0,2,0,차대차 - 추돌,안전거리미확보,습기,비,단일로 - 기타,승용,남,71세,상해없음,승용,남,32세,경상
2016040300100543,2016년 4월 3일 21시,일요일,광주광역시 북구 문흥동,경상사고,0,0,2,0,차대차 - 측면직각충돌,차로위반,습기,비,단일로 - 기타,승용,남,38세,경상,승용,남,27세,경상
2016040300100544,2016년 4월 3일 21시,일요일,광주광역시 북구 운암동,경상사고,0,0,1,0,차대차 - 기타,안전운전불이행,습기,비,단일로 - 기타,승용,남,21세,상해없음,원동기,남,18세,경상
2016040300100562,2016년 4월 3일 22시,일요일,광주광역시 북구 중흥동,중상사고,0,1,0,0,차대사람 - 횡단중,안전운전불이행,건조,맑음,단일로 - 기타,승용,남,68세,상해없음,보행자,남,23세,중상
2016040300100563,2016년 4월 3일 22시,일요일,광주광역시 북구 매곡동,경상사고,0,0,3,0,차량단독 - 공작물충돌,안전운전불이행,습기,비,단일로 - 기타,승용,남,68세,경상,,,,
2016040300100564,2016년 4월 3일 22시,일요일,광주광역시 광산구 신촌동,경상사고,0,0,1,0,차대차 - 추돌,안전운전불이행,습기,비,교차로 - 교차로부근,화물,남,45세,상해없음,승용,남,31세,경상
2016040300100565,2016년 4월 3일 22시,일요일,광주광역시 광산구 비아동,부상신고사고,0,0,0,1,차량단독 - 전도전복,안전운전불이행,습기,안개,단일로 - 기타,승용,남,50세,기타불명,,,,
2016040400100008,2016년 4월 4일 00시,월요일,광주광역시 남구 방림동,경상사고,0,0,1,0,차대차 - 측면직각충돌,직진우회전진행방해,습기,흐림,교차로 - 교차로안,승용,남,23세,상해없음,승용,남,31세,경상
2016040400100009,2016년 4월 4일 00시,월요일,광주광역시 광산구 장덕동,경상사고,0,0,1,0,차대차 - 정면충돌,신호위반,습기,비,교차로 - 교차로안,기타불명,기타불명,기타불명,기타불명,승용,남,43세,경상
2016040400100023,2016년 4월 4일 01시,월요일,광주광역시 서구 치평동,경상사고,0,0,1,0,차대사람 - 횡단중,안전운전불이행,습기,비,단일로 - 기타,승용,남,36세,상해없음,보행자,남,32세,경상
2016040400100031,2016년 4월 4일 02시,월요일,광주광역시 서구 유촌동,경상사고,0,0,1,0,차대사람 - 횡단중,보행자보호의무위반,습기,맑음,단일로 - 횡단보도상,기타불명,기타불명,기타불명,기타불명,보행자,여,21세,경상
2016040400100075,2016년 4월 4일 06시,월요일,광주광역시 광산구 흑석동,경상사고,0,0,1,0,차대차 - 측면직각충돌,교차로운행방법위반,습기,흐림,교차로 - 교차로안,승용,남,35세,상해없음,승용,남,55세,경상
2016040400100107,2016년 4월 4일 07시,월요일,광주광역시 북구 임동,경상사고,0,0,1,0,차대차 - 측면직각충돌,신호위반,습기,흐림,교차로 - 교차로안,승용,남,34세,상해없음,승용,여,51세,경상
2016040400100108,2016년 4월 4일 07시,월요일,광주광역시 광산구 송정동,중상사고,0,1,0,0,차대차 - 정면충돌,안전운전불이행,건조,맑음,단일로 - 횡단보도상,자전거,남,65세,중상,승용,남,64세,상해없음
2016040400100203,2016년 4월 4일 09시,월요일,광주광역시 광산구 신가동,경상사고,0,0,2,0,차대차 - 정면충돌,안전운전불이행,습기,맑음,단일로 - 기타,승합,남,62세,상해없음,승용,남,55세,경상
2016040400100240,2016년 4월 4일 10시,월요일,광주광역시 남구 월산동,경상사고,0,0,1,0,차대차 - 측면직각충돌,교차로운행방법위반,건조,맑음,교차로 - 교차로안,승용,남,46세,상해없음,승용,여,60세,경상
2016040400100388,2016년 4월 4일 15시,월요일,광주광역시 동구 금남로4가,경상사고,0,0,1,0,차대사람 - 기타,안전운전불이행,건조,맑음,단일로 - 기타,승용,남,39세,상해없음,보행자,여,19세,경상
2016040400100423,2016년 4월 4일 16시,월요일,광주광역시 남구 월산동,중상사고,0,1,0,0,차대차 - 측면직각충돌,신호위반,건조,맑음,단일로 - 횡단보도상,승용,남,37세,상해없음,자전거,남,68세,중상
2016040400100472,2016년 4월 4일 17시,월요일,광주광역시 북구 두암동,경상사고,0,0,1,0,차대사람 - 횡단중,보행자보호의무위반,건조,맑음,단일로 - 기타,승용,남,44세,상해없음,보행자,남,8세,경상
2016040400100508,2016년 4월 4일 18시,월요일,광주광역시 북구 운암동,경상사고,0,0,1,0,차대차 - 측면충돌,안전거리미확보,건조,맑음,교차로 - 교차로안,승용,남,57세,상해없음,승용,여,42세,경상
2016040400100537,2016년 4월 4일 19시,월요일,광주광역시 남구 봉선동,중상사고,0,1,0,0,차대차 - 정면충돌,중앙선침범,건조,맑음,단일로 - 기타,화물,남,47세,상해없음,이륜,남,16세,중상
2016040400100578,2016년 4월 4일 20시,월요일,광주광역시 광산구 신가동,중상사고,0,1,0,0,차대차 - 측면직각충돌,차로위반,건조,맑음,단일로 - 기타,승용,여,36세,상해없음,이륜,남,45세,중상
2016040400100602,2016년 4월 4일 21시,월요일,광주광역시 남구 백운동,경상사고,0,0,3,0,차대차 - 측면직각충돌,안전거리미확보,건조,맑음,단일로 - 기타,승용,여,51세,경상,승용,남,48세,경상
2016040400100643,2016년 4월 4일 23시,월요일,광주광역시 서구 풍암동,경상사고,0,0,4,0,차대차 - 추돌,안전운전불이행,건조,맑음,단일로 - 기타,승용,남,33세,상해없음,승용,남,38세,경상
2016040400100644,2016년 4월 4일 23시,월요일,광주광역시 북구 오치동,경상사고,0,0,1,0,차대사람 - 횡단중,안전운전불이행,건조,맑음,교차로 - 교차로부근,승용,기타불명,기타불명,기타불명,보행자,남,24세,경상
2016040400100645,2016년 4월 4일 23시,월요일,광주광역시 광산구 수완동,경상사고,0,0,1,0,차대차 - 측면직각충돌,차로위반,건조,맑음,단일로 - 기타,승용,남,64세,상해없음,승용,남,40세,경상
2016040500100016,2016년 4월 5일 00시,화요일,광주광역시 동구 산수동,중상사고,0,1,0,0,차대차 - 측면직각충돌,교차로운행방법위반,건조,맑음,교차로 - 교차로안,승용,여,48세,상해없음,이륜,남,23세,중상
2016040500100036,2016년 4월 5일 03시,화요일,광주광역시 광산구 신가동,경상사고,0,0,2,0,차대차 - 측면직각충돌,신호위반,건조,맑음,교차로 - 교차로안,화물,남,51세,상해없음,승용,남,24세,경상
2016040500100056,2016년 4월 5일 06시,화요일,광주광역시 북구 임동,경상사고,0,0,1,0,차대차 - 측면직각충돌,신호위반,건조,맑음,교차로 - 교차로안,승용,남,71세,상해없음,승용,남,36세,경상
2016040500100090,2016년 4월 5일 07시,화요일,광주광역시 동구 선교동,부상신고사고,0,0,0,1,차량단독 - 전도전복,안전운전불이행,건조,맑음,단일로 - 기타,승용,남,67세,부상신고,,,,
2016040500100091,2016년 4월 5일 07시,화요일,광주광역시 북구 운암동,경상사고,0,0,1,0,차대사람 - 횡단중,안전운전불이행,건조,맑음,단일로 - 기타,승용,남,56세,기타불명,보행자,남,16세,경상
2016040500100140,2016년 4월 5일 08시,화요일,광주광역시 동구 서석동,중상사고,0,1,0,0,차대차 - 측면직각충돌,교차로운행방법위반,건조,맑음,교차로 - 교차로안,승용,남,39세,상해없음,자전거,남,14세,중상
2016040500100141,2016년 4월 5일 08시,화요일,광주광역시 남구 방림동,경상사고,0,0,1,0,차대차 - 추돌,안전거리미확보,건조,맑음,단일로 - 기타,승용,남,21세,상해없음,승용,여,41세,경상
2016040500100142,2016년 4월 5일 08시,화요일,광주광역시 북구 오치동,경상사고,0,0,1,0,차대차 - 측면충돌,안전운전불이행,건조,맑음,단일로 - 횡단보도상,화물,남,31세,기타불명,자전거,여,19세,경상
2016040500100143,2016년 4월 5일 08시,화요일,광주광역시 광산구 월계동,중상사고,0,1,0,0,차대차 - 측면직각충돌,교차로운행방법위반,건조,맑음,교차로 - 교차로안,승용,남,47세,상해없음,원동기,남,16세,중상
2016040500100299,2016년 4월 5일 12시,화요일,광주광역시 서구 유촌동,중상사고,0,1,0,0,차대사람 - 횡단중,안전운전불이행,건조,맑음,단일로 - 기타,화물,남,24세,상해없음,보행자,남,70세,중상
2016040500100324,2016년 4월 5일 13시,화요일,광주광역시 광산구 서봉동,중상사고,0,1,1,0,차대차 - 측면직각충돌,안전운전불이행,건조,맑음,단일로 - 기타,원동기,남,41세,중상,승용,남,35세,경상
2016040500100435,2016년 4월 5일 16시,화요일,광주광역시 서구 쌍촌동,중상사고,0,1,0,0,차대사람 - 횡단중,기타,건조,맑음,단일로 - 기타,화물,남,66세,상해없음,보행자,여,69세,중상
2016040500100436,2016년 4월 5일 16시,화요일,광주광역시 북구 금곡동,경상사고,0,0,2,0,차대차 - 정면충돌,안전운전불이행,건조,맑음,교차로 - 교차로부근,승용,남,68세,경상,승용,여,28세,경상
2016040500100437,2016년 4월 5일 16시,화요일,광주광역시 북구 일곡동,경상사고,0,0,2,0,차대차 - 측면직각충돌,직진우회전진행방해,건조,맑음,교차로 - 교차로안,승용,여,42세,경상,승용,남,58세,경상
2016040500100480,2016년 4월 5일 17시,화요일,광주광역시 북구 오치동,경상사고,0,0,1,0,차대차 - 측면충돌,중앙선침범,건조,맑음,단일로 - 횡단보도상,승용,남,70세,상해없음,이륜,남,49세,경상
2016040500100521,2016년 4월 5일 18시,화요일,광주광역시 동구 소태동,경상사고,0,0,2,0,차대차 - 측면직각충돌,신호위반,건조,맑음,교차로 - 교차로안,승합,남,61세,경상,승용,남,30세,경상
2016040500100555,2016년 4월 5일 19시,화요일,광주광역시 서구 농성동,중상사고,0,2,2,0,차대차 - 추돌,안전운전불이행,건조,맑음,단일로 - 기타,승용,남,36세,상해없음,승용,여,43세,중상