사고번호,사고일시,요일,시군구,사고내용,사망자수,중상자수,경상자수,부상신고자수,사고유형,법규위반,노면상태,기상상태,도로형태,가해운전자 차종,가해운전자 성별,가해운전자 연령,가해운전자 상해정도,피해운전자 차종,피해운전자 성별,피해운전자 연령,피해운전자 상해정도
2016040500100556,2016년 4월 5일 19시,화요일,광주광역시 북구 용봉동,경상사고,0,0,1,0,차대사람 - 횡단중,보행자보호의무위반,건조,맑음,단일로 - 횡단보도상,승용,남,69세,상해없음,보행자,여,36세,경상
2016040500100584,2016년 4월 5일 20시,화요일,광주광역시 서구 광천동,경상사고,0,0,1,0,차대사람 - 횡단중,안전운전불이행,건조,맑음,단일로 - 횡단보도상,승용,남,56세,상해없음,보행자,남,61세,경상
2016040500100615,2016년 4월 5일 21시,화요일,광주광역시 서구 치평동,중상사고,0,1,3,0,차대차 - 측면충돌,안전운전불이행,건조,맑음,교차로 - 교차로안,승용,남,38세,경상,승용,남,48세,중상
2016040500100616,2016년 4월 5일 21시,화요일,광주광역시 북구 신안동,경상사고,0,0,3,0,차대차 - 측면충돌,불법유턴,건조,맑음,단일로 - 기타,승용,남,33세,상해없음,승용,여,52세,경상
2016040500100669,2016년 4월 5일 23시,화요일,광주광역시 광산구 신가동,중상사고,0,1,0,0,차대차 - 정면충돌,신호위반,건조,맑음,교차로 - 교차로안,승용,남,34세,상해없음,이륜,남,21세,중상
2016040600100149,2016년 4월 6일 09시,수요일,광주광역시 동구 대인동,경상사고,0,0,2,0,차대차 - 기타,차로위반,건조,맑음,기타 - 기타,승용,남,24세,상해없음,승합,남,41세,상해없음
2016040600100150,2016년 4월 6일 09시,수요일,광주광역시 북구 신용동,경상사고,0,0,2,0,차대차 - 측면직각충돌,안전운전불이행,건조,맑음,교차로 - 교차로안,승용,남,64세,상해없음,승합,남,42세,경상
2016040600100151,2016년 4월 6일 09시,수요일,광주광역시 광산구 장덕동,경상사고,0,0,2,0,차대차 - 측면충돌,교차로운행방법위반,건조,맑음,교차로 - 교차로안,승합,남,19세,경상,승용,남,44세,경상
2016040600100177,2016년 4월 6일 10시,수요일,광주광역시 서구 풍암동,경상사고,0,0,1,0,차대차 - 정면충돌,교차로운행방법위반,건조,맑음,교차로 - 교차로안,승용,남,45세,상해없음,이륜,남,25세,경상
2016040600100206,2016년 4월 6일 11시,수요일,광주광역시 서구 화정동,경상사고,0,0,1,0,차대차 - 측면직각충돌,안전운전불이행,건조,맑음,단일로 - 기타,승용,남,49세,기타불명,이륜,남,39세,경상
2016040600100237,2016년 4월 6일 12시,수요일,광주광역시 남구 백운동,사망사고,1,0,0,0,차대사람 - 횡단중,안전운전불이행,건조,맑음,단일로 - 기타,승용,남,55세,상해없음,보행자,여,78세,사망
2016040600100238,2016년 4월 6일 12시,수요일,광주광역시 북구 오치동,경상사고,0,0,1,0,차대차 - 추돌,안전운전불이행,건조,맑음,교차로 - 교차로안,승용,남,73세,상해없음,원동기,남,26세,경상
2016040600100273,2016년 4월 6일 13시,수요일,광주광역시 서구 풍암동,경상사고,0,0,6,0,차대차 - 측면직각충돌,직진우회전진행방해,건조,흐림,교차로 - 교차로안,승용,남,33세,경상,이륜,남,19세,경상
2016040600100332,2016년 4월 6일 15시,수요일,광주광역시 광산구 산정동,경상사고,0,0,1,0,차대사람 - 차도통행중,안전운전불이행,습기,비,단일로 - 기타,승용,남,63세,상해없음,보행자,여,20세,경상
2016040600100421,2016년 4월 6일 17시,수요일,광주광역시 광산구 장덕동,경상사고,0,0,1,0,차대차 - 측면충돌,안전운전불이행,습기,비,단일로 - 기타,원동기,남,19세,경상,승용,남,43세,상해없음
2016040600100422,2016년 4월 6일 17시,수요일,광주광역시 광산구 산정동,경상사고,0,0,1,0,차대차 - 추돌,안전운전불이행,습기,비,교차로 - 교차로안,승용,남,54세,기타불명,화물,남,44세,경상
2016040600100472,2016년 4월 6일 18시,수요일,광주광역시 동구 금남로4가,중상사고,0,1,0,0,차대차 - 측면충돌,중앙선침범,습기,비,교차로 - 교차로부근,승용,여,37세,상해없음,이륜,남,26세,중상
2016040600100473,2016년 4월 6일 18시,수요일,광주광역시 남구 주월동,경상사고,0,0,3,0,차대차 - 측면충돌,신호위반,습기,비,교차로 - 교차로안,승용,남,61세,경상,승용,남,22세,경상
2016040600100474,2016년 4월 6일 18시,수요일,광주광역시 북구 운암동,경상사고,0,0,1,0,차대차 - 추돌,안전운전불이행,습기,비,단일로 - 기타,승용,여,41세,기타불명,승용,여,35세,경상
2016040600100520,2016년 4월 6일 19시,수요일,광주광역시 동구 광산동,경상사고,0,0,1,0,차대차 - 기타,안전운전불이행,습기,비,기타 - 기타,승용,남,64세,상해없음,승용,여,44세,경상
2016040600100521,2016년 4월 6일 19시,수요일,광주광역시 북구 오치동,경상사고,0,0,1,0,차대차 - 측면충돌,안전운전불이행,습기,비,단일로 - 기타,승용,여,15세,상해없음,승용,남,60세,경상
2016040600100561,2016년 4월 6일 20시,수요일,광주광역시 북구 중흥동,경상사고,0,0,1,0,차대사람 - 횡단중,보행자보호의무위반,건조,맑음,교차로 - 교차로부근,승용,남,40세,상해없음,보행자,남,42세,경상
2016040600100562,2016년 4월 6일 20시,수요일,광주광역시 광산구 산정동,중상사고,0,1,1,0,차대차 - 정면충돌,신호위반,습기,비,교차로 - 교차로안,화물,남,44세,상해없음,승용,남,54세,경상
2016040600100610,2016년 4월 6일 21시,수요일,광주광역시 서구 쌍촌동,경상사고,0,0,1,0,차대차 - 측면직각충돌,안전운전불이행,습기,비,교차로 - 교차로부근,승용,남,31세,상해없음,승용,남,33세,경상
2016040600100611,2016년 4월 6일 21시,수요일,광주광역시 남구 월산동,경상사고,0,0,3,0,차대차 - 측면직각충돌,교차로운행방법위반,습기,비,교차로 - 교차로안,화물,남,33세,경상,승용,여,31세,경상
2016040600100612,2016년 4월 6일 21시,수요일,광주광역시 북구 오룡동,경상사고,0,0,1,0,차대차 - 추돌,안전거리미확보,습기,비,단일로 - 기타,승용,남,40세,상해없음,승용,남,36세,경상
2016040600100613,2016년 4월 6일 21시,수요일,광주광역시 북구 운암동,경상사고,0,0,1,0,차대차 - 정면충돌,안전운전불이행,건조,맑음,단일로 - 기타,승용,기타불명,29세,기타불명,승용,여,43세,경상
2016040600100614,2016년 4월 6일 21시,수요일,광주광역시 광산구 산월동,중상사고,0,1,0,0,차대차 - 추돌,안전운전불이행,습기,비,교차로 - 교차로부근,승용,남,47세,상해없음,승용,여,54세,중상
2016040600100615,2016년 4월 6일 21시,수요일,광주광역시 광산구 신가동,경상사고,0,0,3,0,차대사람 - 횡단중,안전운전불이행,습기,비,단일로 - 횡단보도상,승용,남,35세,상해없음,보행자,여,34세,경상
2016040600100661,2016년 4월 6일 22시,수요일,광주광역시 서구 쌍촌동,경상사고,0,0,1,0,차대차 - 측면직각충돌,안전운전불이행,습기,비,단일로 - 기타,화물,남,39세,상해없음,승용,여,26세,상해없음
2016040600100662,2016년 4월 6일 22시,수요일,광주광역시 북구 삼각동,경상사고,0,0,1,0,차대차 - 측면충돌,신호위반,습기,비,교차로 - 교차로안,승용,남,41세,상해없음,승용,남,42세,경상
2016040600100663,2016년 4월 6일 22시,수요일,광주광역시 광산구 쌍암동,경상사고,0,0,5,0,차대차 - 측면충돌,안전운전불이행,습기,비,단일로 - 기타,승용,남,37세,상해없음,승용,남,36세,경상
2016040600100724,2016년 4월 6일 23시,수요일,광주광역시 서구 벽진동,경상사고,0,0,1,0,차대차 - 추돌,안전거리미확보,기타,기타,단일로 - 기타,승용,남,42세,상해없음,승용,남,32세,경상
2016040600100725,2016년 4월 6일 23시,수요일,광주광역시 서구 동천동,경상사고,0,0,2,0,차대차 - 측면충돌,차로위반,건조,맑음,교차로 - 교차로부근,승용,남,50세,상해없음,승용,남,29세,경상
2016040600100726,2016년 4월 6일 23시,수요일,광주광역시 광산구 월계동,경상사고,0,0,2,0,차대차 - 측면충돌,안전운전불이행,습기,비,교차로 - 교차로안,승용,남,47세,상해없음,승용,남,33세,경상
2016040700100034,2016년 4월 7일 00시,목요일,광주광역시 북구 풍향동,경상사고,0,0,1,0,차대차 - 측면충돌,안전운전불이행,습기,비,단일로 - 기타,승용,남,48세,상해없음,원동기,남,26세,경상
2016040700100035,2016년 4월 7일 00시,목요일,광주광역시 광산구 우산동,경상사고,0,0,1,0,차대차 - 측면충돌,신호위반,습기,비,교차로 - 교차로안,승합,남,55세,상해없음,승용,여,49세,경상
2016040700100104,2016년 4월 7일 04시,목요일,광주광역시 동구 금남로5가,경상사고,0,0,1,0,차대차 - 측면충돌,차로위반,습기,비,단일로 - 횡단보도상,기타불명,기타불명,기타불명,기타불명,승합,남,56세,경상
2016040700100167,2016년 4월 7일 07시,목요일,광주광역시 광산구 도산동,경상사고,0,0,2,0,차대차 - 측면충돌,안전운전불이행,건조,맑음,교차로 - 교차로안,승용,남,41세,상해없음,승용,남,46세,경상
2016040700100168,2016년 4월 7일 07시,목요일,광주광역시 광산구 월계동,경상사고,0,0,1,0,차대차 - 측면충돌,안전운전불이행,건조,맑음,단일로 - 기타,승합,남,48세,상해없음,승용,남,65세,경상
2016040700100279,2016년 4월 7일 10시,목요일,광주광역시 북구 지야동,경상사고,0,0,1,0,차대차 - 측면직각충돌,안전운전불이행,건조,맑음,단일로 - 기타,화물,남,60세,상해없음,승용,여,40세,경상
2016040700100280,2016년 4월 7일 10시,목요일,광주광역시 광산구 하남동,경상사고,0,0,3,0,차대차 - 정면충돌,신호위반,건조,맑음,교차로 - 교차로안,승용,남,60세,상해없음,승용,남,47세,경상
2016040700100334,2016년 4월 7일 12시,목요일,광주광역시 남구 이장동,경상사고,0,0,1,0,차대차 - 기타,기타,건조,맑음,기타 - 기타,기타불명,기타불명,기타불명,기타불명,승용,남,55세,경상
2016040700100353,2016년 4월 7일 13시,목요일,광주광역시 북구 유동,경상사고,0,0,1,0,차대차 - 추돌,불법유턴,건조,맑음,교차로 - 교차로부근,승용,여,51세,상해없음,승용,남,59세,경상
2016040700100443,2016년 4월 7일 16시,목요일,광주광역시 광산구 운남동,경상사고,0,0,1,0,차대차 - 측면직각충돌,안전운전불이행,건조,맑음,교차로 - 교차로부근,자전거,남,14세,경상,승용,여,49세,상해없음
2016040700100517,2016년 4월 7일 18시,목요일,광주광역시 북구 양산동,경상사고,0,0,2,0,차대차 - 측면충돌,안전운전불이행,건조,맑음,교차로 - 교차로안,승용,여,46세,상해없음,승용,남,28세,경상
2016040700100550,2016년 4월 7일 19시,목요일,광주광역시 남구 진월동,경상사고,0,0,1,0,차대차 - 추돌,안전운전불이행,건조,흐림,단일로 - 기타,화물,남,55세,상해없음,승용,남,32세,경상
2016040700100551,2016년 4월 7일 19시,목요일,광주광역시 북구 두암동,경상사고,0,0,1,0,차대사람 - 횡단중,안전운전불이행,건조,맑음,교차로 - 교차로안,승용,남,53세,상해없음,보행자,남,16세,경상
2016040700100552,2016년 4월 7일 19시,목요일,광주광역시 광산구 신가동,경상사고,0,0,1,0,차대차 - 측면직각충돌,교차로운행방법위반,건조,맑음,교차로 - 교차로안,승용,남,40세,경상,이륜,남,18세,상해없음
2016040700100589,2016년 4월 7일 20시,목요일,광주광역시 서구 쌍촌동,중상사고,0,1,2,0,차대차 - 추돌,안전운전불이행,건조,맑음,교차로 - 교차로부근,화물,남,32세,상해없음,승용,남,51세,경상
2016040700100590,2016년 4월 7일 20시,목요일,광주광역시 광산구 비아동,중상사고,0,1,0,0,차대차 - 측면직각충돌,안전운전불이행,건조,맑음,단일로 - 기타,원동기,남,26세,중상,승용,남,48세,상해없음
2016040700100619,2016년 4월 7일 21시,목요일,광주광역시 동구 계림동,경상사고,0,0,2,0,차대차 - 측면직각충돌,안전운전불이행,건조,맑음,단일로 - 기타,승용,남,57세,상해없음,승용,남,18세,경상
2016040700100620,2016년 4월 7일 21시,목요일,광주광역시 서구 매월동,경상사고,0,0,3,0,차대차 - 측면충돌,교차로운행방법위반,건조,맑음,교차로 - 교차로부근,승용,남,35세,상해없음,승용,여,63세,경상
2016040700100646,2016년 4월 7일 22시,목요일,광주광역시 광산구 수완동,경상사고,0,0,1,0,차대차 - 측면충돌,안전거리미확보,건조,맑음,교차로 - 교차로안,승용,남,45세,상해없음,승용,남,34세,경상
2016040700100669,2016년 4월 7일 23시,목요일,광주광역시 서구 유촌동,경상사고,0,0,1,0,차대차 - 측면직각충돌,중앙선침범,건조,맑음,단일로 - 기타,승용,남,52세,상해없음,승용,남,49세,경상
2016040800100019,2016년 4월 8일 00시,금요일,광주광역시 북구 풍향동,중상사고,0,1,0,0,차대차 - 측면충돌,안전거리미확보,건조,맑음,단일로 - 기타,승용,남,32세,상해없음,원동기,남,47세,중상
2016040800100080,2016년 4월 8일 06시,금요일,광주광역시 동구 대인동,경상사고,0,0,1,0,차대차 - 측면충돌,안전운전불이행,건조,맑음,단일로 - 기타,이륜,남,29세,경상,승용,남,47세,상해없음
2016040800100107,2016년 4월 8일 07시,금요일,광주광역시 광산구 용동,중상사고,0,2,0,0,차대차 - 측면직각충돌,교차로운행방법위반,건조,맑음,교차로 - 교차로안,화물,남,40세,중상,화물,남,39세,중상
2016040800100143,2016년 4월 8일 08시,금요일,광주광역시 북구 연제동,경상사고,0,0,1,0,차대사람 - 횡단중,안전운전불이행,건조,맑음,단일로 - 기타,승용,여,38세,상해없음,보행자,남,12세,경상
2016040800100205,2016년 4월 8일 10시,금요일,광주광역시 북구 운암동,경상사고,0,0,1,0,차대차 - 측면직각충돌,안전거리미확보,건조,맑음,단일로 - 기타,승용,남,64세,기타불명,승용,여,43세,경상
2016040800100206,2016년 4월 8일 10시,금요일,광주광역시 광산구 신가동,경상사고,0,0,3,0,차대차 - 정면충돌,안전운전불이행,건조,맑음,교차로 - 교차로안,승용,남,34세,상해없음,승합,남,60세,상해없음
2016040800100227,2016년 4월 8일 11시,금요일,광주광역시 광산구 산정동,경상사고,0,0,1,0,차대차 - 기타,기타,건조,맑음,교차로 - 교차로부근,승합,남,55세,상해없음,승용,남,56세,상해없음
2016040800100254,2016년 4월 8일 12시,금요일,광주광역시 남구 진월동,부상신고사고,0,0,0,1,차대차 - 측면직각충돌,신호위반,건조,맑음,교차로 - 교차로안,원동기,남,78세,부상신고,승용,여,55세,상해없음
2016040800100255,2016년 4월 8일 12시,금요일,광주광역시 북구 용전동,경상사고,0,0,4,0,차대차 - 측면직각충돌,안전운전불이행,건조,맑음,교차로 - 교차로안,승용,여,29세,기타불명,화물,남,63세,경상
2016040800100256,2016년 4월 8일 12시,금요일,광주광역시 광산구 우산동,부상신고사고,0,0,0,1,차대차 - 측면충돌,안전거리미확보,건조,맑음,단일로 - 기타,원동기,남,16세,부상신고,승용,남,50세,상해없음
2016040800100290,2016년 4월 8일 13시,금요일,광주광역시 광산구 수완동,경상사고,0,0,5,0,차대차 - 측면직각충돌,안전운전불이행,건조,맑음,교차로 - 교차로부근,승용,여,30세,경상,승용,여,30세,경상
2016040800100350,2016년 4월 8일 15시,금요일,광주광역시 남구 노대동,사망사고,1,0,0,0,차량단독 - 기타,안전운전불이행,건조,맑음,단일로 - 터널,이륜,남,78세,사망,,,,
2016040800100393,2016년 4월 8일 16시,금요일,광주광역시 북구 신용동,경상사고,0,0,1,0,차대차 - 측면충돌,안전운전불이행,건조,맑음,단일로 - 기타,승용,남,36세,상해없음,화물,남,55세,경상
2016040800100394,2016년 4월 8일 16시,금요일,광주광역시 광산구 월계동,경상사고,0,0,2,0,차대차 - 측면충돌,안전운전불이행,건조,맑음,단일로 - 기타,이륜,남,21세,상해없음,승용,남,64세,상해없음
2016040800100445,2016년 4월 8일 17시,금요일,광주광역시 북구 운암동,중상사고,0,1,0,0,차대사람 - 기타,안전운전불이행,건조,맑음,단일로 - 기타,승합,남,58세,상해없음,보행자,여,68세,중상
2016040800100490,2016년 4월 8일 18시,금요일,광주광역시 남구 월산동,부상신고사고,0,0,0,1,차대차 - 측면직각충돌,기타,건조,맑음,단일로 - 기타,승용,여,43세,부상신고,승용,남,37세,상해없음
2016040800100491,2016년 4월 8일 18시,금요일,광주광역시 광산구 하남동,중상사고,0,2,1,0,차대차 - 정면충돌,신호위반,건조,맑음,교차로 - 교차로안,화물,남,44세,중상,승용,남,31세,중상
2016040800100536,2016년 4월 8일 19시,금요일,광주광역시 서구 치평동,경상사고,0,0,2,0,차대차 - 측면직각충돌,신호위반,건조,맑음,교차로 - 교차로안,승용,남,45세,상해없음,승용,여,27세,경상
2016040800100537,2016년 4월 8일 19시,금요일,광주광역시 북구 신용동,경상사고,0,0,2,0,차대차 - 측면충돌,신호위반,건조,맑음,교차로 - 교차로부근,이륜,남,19세,경상,승용,여,27세,경상
2016040800100538,2016년 4월 8일 19시,금요일,광주광역시 광산구 송정동,중상사고,0,1,0,0,차대사람 - 횡단중,안전운전불이행,건조,맑음,교차로 - 교차로부근,승용,여,45세,상해없음,보행자,여,64세,중상
2016040800100539,2016년 4월 8일 19시,금요일,광주광역시 광산구 월계동,경상사고,0,0,2,0,차대차 - 측면충돌,신호위반,건조,맑음,교차로 - 교차로안,승용,여,53세,상해없음,승용,남,46세,경상
2016040800100586,2016년 4월 8일 20시,금요일,광주광역시 광산구 우산동,중상사고,0,1,1,0,차대차 - 추돌,안전운전불이행,건조,맑음,단일로 - 기타,자전거,남,58세,경상,자전거,남,50세,중상
2016040800100622,2016년 4월 8일 21시,금요일,광주광역시 서구 마륵동,경상사고,0,0,1,0,차대차 - 정면충돌,중앙선침범,건조,맑음,단일로 - 기타,승용,남,36세,상해없음,승용,남,29세,경상
2016040800100683,2016년 4월 8일 23시,금요일,광주광역시 서구 풍암동,경상사고,0,0,1,0,차대차 - 추돌,안전운전불이행,건조,맑음,교차로 - 교차로부근,승용,남,48세,상해없음,승용,남,49세,상해없음
2016040800100684,2016년 4월 8일 23시,금요일,광주광역시 광산구 우산동,경상사고,0,0,2,0,차대차 - 추돌,안전운전불이행,건조,맑음,단일로 - 기타,승용,남,40세,상해없음,승합,남,63세,경상
2016040900100020,2016년 4월 9일 00시,토요일,광주광역시 북구 양산동,경상사고,0,0,4,0,차대차 - 추돌,안전운전불이행,건조,맑음,단일로 - 기타,화물,여,45세,상해없음,승용,여,48세,경상
2016040900100043,2016년 4월 9일 01시,토요일,광주광역시 서구 양동,경상사고,0,0,1,0,차대차 - 기타,안전운전불이행,건조,맑음,교차로 - 교차로안,승용,남,32세,상해없음,이륜,남,21세,경상
2016040900100044,2016년 4월 9일 01시,토요일,광주광역시 남구 주월동,경상사고,0,0,1,0,차대차 - 측면충돌,차로위반,건조,맑음,단일로 - 기타,승용,남,38세,상해없음,승용,여,28세,경상
2016040900100045,2016년 4월 9일 01시,토요일,광주광역시 광산구 소촌동,중상사고,0,1,0,0,차대차 - 측면충돌,교차로운행방법위반,건조,맑음,교차로 - 교차로안,화물,남,49세,상해없음,승용,남,38세,중상
2016040900100072,2016년 4월 9일 03시,토요일,광주광역시 북구 용두동,경상사고,0,0,1,0,차대차 - 추돌,안전거리미확보,건조,맑음,단일로 - 기타,승용,남,33세,상해없음,승용,남,49세,경상
2016040900100104,2016년 4월 9일 05시,토요일,광주광역시 서구 광천동,사망사고,1,0,0,0,차대사람 - 횡단중,신호위반,건조,맑음,단일로 - 횡단보도상,승용,남,37세,상해없음,보행자,여,70세,사망
2016040900100120,2016년 4월 9일 06시,토요일,광주광역시 북구 문흥동,경상사고,0,0,3,0,차대차 - 측면충돌,차로위반,건조,맑음,미분류 - 미분류,승용,남,54세,상해없음,승용,남,55세,경상
2016040900100139,2016년 4월 9일 07시,토요일,광주광역시 서구 쌍촌동,경상사고,0,0,1,0,차대차 - 정면충돌,안전운전불이행,건조,맑음,단일로 - 기타,승용,남,23세,상해없음,승용,남,61세,경상
2016040900100140,2016년 4월 9일 07시,토요일,광주광역시 광산구 산정동,경상사고,0,0,2,0,차대차 - 측면충돌,신호위반,건조,맑음,교차로 - 교차로안,승용,남,45세,상해없음,승용,남,30세,경상
2016040900100141,2016년 4월 9일 07시,토요일,광주광역시 광산구 우산동,중상사고,0,1,0,0,차대사람 - 횡단중,안전운전불이행,건조,맑음,단일로 - 기타,승용,남,65세,상해없음,보행자,여,78세,중상
2016040900100226,2016년 4월 9일 10시,토요일,광주광역시 북구 신용동,경상사고,0,0,1,0,차대차 - 정면충돌,교차로운행방법위반,건조,맑음,교차로 - 교차로안,승용,남,50세,상해없음,승용,남,64세,상해없음
2016040900100301,2016년 4월 9일 12시,토요일,광주광역시 광산구 송정동,경상사고,0,0,1,0,차대차 - 측면직각충돌,교차로운행방법위반,건조,맑음,교차로 - 교차로안,원동기,여,55세,경상,승용,남,65세,상해없음
2016040900100302,2016년 4월 9일 12시,토요일,광주광역시 광산구 산정동,경상사고,0,0,1,0,차대차 - 측면직각충돌,교차로운행방법위반,건조,맑음,교차로 - 교차로안,자전거,남,6세,경상,승용,남,54세,상해없음
2016040900100303,2016년 4월 9일 12시,토요일,광주광역시 광산구 운남동,경상사고,0,0,2,0,차대차 - 측면직각충돌,신호위반,건조,맑음,교차로 - 교차로안,승용,남,54세,상해없음,승용,남,34세,경상
2016040900100369,2016년 4월 9일 14시,토요일,광주광역시 동구 계림동,중상사고,0,1,0,0,차대사람 - 횡단중,안전운전불이행,건조,맑음,교차로 - 교차로안,승용,여,73세,상해없음,보행자,여,55세,중상
2016040900100370,2016년 4월 9일 14시,토요일,광주광역시 남구 봉선동,중상사고,0,1,0,0,차대사람 - 횡단중,보행자보호의무위반,건조,맑음,단일로 - 횡단보도상,승용,남,28세,상해없음,보행자,남,53세,중상
2016040900100371,2016년 4월 9일 14시,토요일,광주광역시 광산구 운수동,중상사고,0,1,0,0,차대차 - 추돌,안전운전불이행,건조,맑음,교차로 - 교차로안,화물,남,54세,상해없음,원동기,남,42세,중상
2016040900100403,2016년 4월 9일 15시,토요일,광주광역시 서구 마륵동,경상사고,0,0,2,0,차대차 - 정면충돌,안전운전불이행,건조,맑음,교차로 - 교차로부근,승용,남,46세,상해없음,승용,남,54세,경상
2016040900100404,2016년 4월 9일 15시,토요일,광주광역시 북구 운암동,중상사고,0,1,0,0,차대차 - 측면충돌,안전운전불이행,건조,맑음,교차로 - 교차로부근,승용,여,28세,상해없음,이륜,남,44세,중상
2016040900100433,2016년 4월 9일 16시,토요일,광주광역시 동구 용산동,중상사고,0,1,1,0,차량단독 - 공작물충돌,안전운전불이행,건조,맑음,단일로 - 기타,승용,남,49세,경상,,,,
2016040900100434,2016년 4월 9일 16시,토요일,광주광역시 서구 유촌동,경상사고,0,0,1,0,차대차 - 기타,안전거리미확보,건조,맑음,단일로 - 기타,승용,남,59세,상해없음,승용,남,44세,경상
2016040900100508,2016년 4월 9일 18시,토요일,광주광역시 남구 주월동,경상사고,0,0,3,0,차대차 - 측면충돌,교차로운행방법위반,건조,맑음,교차로 - 교차로안,승용,남,54세,상해없음,승용,남,33세,경상
2016040900100550,2016년 4월 9일 19시,토요일,광주광역시 서구 동천동,경상사고,0,0,1,0,차대사람 - 횡단중,안전운전불이행,건조,맑음,단일로 - 기타,승용,여,39세,상해없음,보행자,여,64세,경상
2016040900100587,2016년 4월 9일 20시,토요일,광주광역시 광산구 우산동,경상사고,0,0,1,0,차대차 - 추돌,안전거리미확보,건조,맑음,단일로 - 기타,승용,여,49세,상해없음,승용,남,41세,경상
2016040900100588,2016년 4월 9일 20시,토요일,광주광역시 광산구 장록동,중상사고,0,3,1,0,차대차 - 정면충돌,안전운전불이행,건조,맑음,교차로 - 교차로안,승용,남,57세,중상,화물,남,62세,경상
2016040900100630,2016년 4월 9일 21시,토요일,광주광역시 남구 월산동,경상사고,0,0,1,0,차대차 - 추돌,안전거리미확보,건조,맑음,단일로 - 기타,승용,남,48세,상해없음,승용,남,32세,경상
2016040900100631,2016년 4월 9일 21시,토요일,광주광역시 북구 용봉동,중상사고,0,1,0,0,차대차 - 기타,교차로운행방법위반,건조,맑음,교차로 - 교차로안,승용,남,34세,상해없음,이륜,남,57세,중상
2016040900100632,2016년 4월 9일 21시,토요일,광주광역시 광산구 우산동,경상사고,0,0,1,0,차대사람 - 횡단중,안전운전불이행,건조,맑음,단일로 - 기타,화물,남,48세,상해없음,보행자,남,46세,경상
2016040900100660,2016년 4월 9일 22시,토요일,광주광역시 북구 청풍동,경상사고,0,0,1,0,차대차 - 측면직각충돌,안전운전불이행,건조,맑음,단일로 - 기타,승용,남,28세,상해없음,승용,남,26세,경상
2016040900100689,2016년 4월 9일 23시,토요일,광주광역시 남구 진월동,경상사고,0,0,1,0,차대차 - 추돌,안전운전불이행,건조,맑음,단일로 - 기타,승용,남,81세,상해없음,승용,남,49세,경상
2016040900100690,2016년 4월 9일 23시,토요일,광주광역시 광산구 신촌동,경상사고,0,0,2,0,차대차 - 측면직각충돌,안전거리미확보,건조,맑음,단일로 - 기타,승용,남,23세,경상,승합,여,59세,경상
2016040900100691,2016년 4월 9일 23시,토요일,광주광역시 광산구 지평동,부상신고사고,0,0,0,1,차량단독 - 전도전복,안전운전불이행,건조,맑음,단일로 - 기타,승용,남,39세,부상신고,,,,
2016041000100011,2016년 4월 10일 00시,일요일,광주광역시 북구 양산동,경상사고,0,0,1,0,차대사람 - 횡단중,안전운전불이행,건조,맑음,교차로 - 교차로안,승용,남,66세,상해없음,보행자,남,51세,경상
2016041000100065,2016년 4월 10일 04시,일요일,광주광역시 서구 금호동,경상사고,0,0,1,0,차대차 - 측면직각충돌,안전운전불이행,건조,맑음,교차로 - 교차로부근,승용,남,33세,상해없음,승용,남,33세,경상
2016041000100086,2016년 4월 10일 06시,일요일,광주광역시 북구 일곡동,경상사고,0,0,1,0,차대차 - 측면직각충돌,안전운전불이행,건조,맑음,교차로 - 교차로부근,승용,남,56세,기타불명,승용,남,48세,기타불명
2016041000100104,2016년 4월 10일 08시,일요일,광주광역시 광산구 수완동,경상사고,0,0,1,0,차대차 - 정면충돌,신호위반,건조,맑음,교차로 - 교차로안,승용,남,23세,상해없음,이륜,남,56세,경상
2016041000100147,2016년 4월 10일 10시,일요일,광주광역시 광산구 월곡동,경상사고,0,0,2,0,차대차 - 추돌,기타,건조,맑음,단일로 - 기타,승용,남,52세,상해없음,승용,남,53세,경상
2016041000100172,2016년 4월 10일 11시,일요일,광주광역시 동구 지산동,경상사고,0,0,1,0,차대사람 - 횡단중,안전운전불이행,건조,맑음,단일로 - 기타,승용,남,49세,상해없음,보행자,남,12세,경상
2016041000100239,2016년 4월 10일 13시,일요일,광주광역시 남구 방림동,경상사고,0,0,1,0,차대차 - 추돌,안전운전불이행,건조,맑음,단일로 - 기타,승합,남,53세,상해없음,승용,남,67세,경상
2016041000100240,2016년 4월 10일 13시,일요일,광주광역시 북구 문흥동,중상사고,0,2,0,0,차량단독 - 전도전복,안전운전불이행,건조,맑음,단일로 - 기타,승용,여,55세,중상,,,,
2016041000100241,2016년 4월 10일 13시,일요일,광주광역시 광산구 도천동,중상사고,0,1,3,0,차대차 - 측면직각충돌,신호위반,건조,맑음,교차로 - 교차로안,승용,여,33세,상해없음,승용,여,43세,중상
2016041000100382,2016년 4월 10일 17시,일요일,광주광역시 북구 신용동,경상사고,0,0,2,1,차대차 - 측면충돌,안전거리미확보,건조,맑음,단일로 - 기타,승용,남,32세,경상,승용,남,43세,상해없음
2016041000100439,2016년 4월 10일 19시,일요일,광주광역시 광산구 우산동,경상사고,0,0,1,0,차대차 - 기타,안전운전불이행,건조,맑음,교차로 - 교차로부근,승용,남,36세,상해없음,자전거,남,48세,경상
2016041000100495,2016년 4월 10일 21시,일요일,광주광역시 북구 용봉동,경상사고,0,0,1,0,차대사람 - 횡단중,안전운전불이행,건조,맑음,단일로 - 기타,승용,남,28세,상해없음,보행자,여,57세,경상