사고번호,사고일시,요일,시군구,사고내용,사망자수,중상자수,경상자수,부상신고자수,사고유형,법규위반,노면상태,기상상태,도로형태,가해운전자 차종,가해운전자 성별,가해운전자 연령,가해운전자 상해정도,피해운전자 차종,피해운전자 성별,피해운전자 연령,피해운전자 상해정도
2016041600100429,2016년 4월 16일 16시,토요일,광주광역시 광산구 운남동,경상사고,0,0,1,0,차대차 - 정면충돌,안전운전불이행,습기,비,교차로 - 교차로안,승용,여,21세,상해없음,승용,여,42세,경상
2016041600100430,2016년 4월 16일 16시,토요일,광주광역시 광산구 장덕동,경상사고,0,0,1,0,차대차 - 측면충돌,안전운전불이행,습기,비,단일로 - 기타,승용,남,59세,경상,승용,남,41세,상해없음
2016041600100469,2016년 4월 16일 17시,토요일,광주광역시 북구 운암동,경상사고,0,0,1,0,차대차 - 추돌,불법유턴,건조,맑음,기타 - 기타,승용,남,25세,상해없음,승용,여,27세,경상
2016041600100470,2016년 4월 16일 17시,토요일,광주광역시 광산구 신창동,경상사고,0,0,1,0,차대차 - 추돌,안전운전불이행,습기,비,교차로 - 교차로부근,승용,남,50세,상해없음,승용,남,59세,경상
2016041600100505,2016년 4월 16일 18시,토요일,광주광역시 서구 쌍촌동,중상사고,0,1,5,0,차대차 - 측면직각충돌,신호위반,습기,비,교차로 - 교차로안,승용,남,62세,경상,승용,남,48세,중상
2016041600100506,2016년 4월 16일 18시,토요일,광주광역시 북구 오치동,경상사고,0,0,3,0,차대차 - 측면충돌,교차로운행방법위반,습기,비,교차로 - 교차로안,승용,여,47세,경상,승용,여,46세,경상
2016041600100562,2016년 4월 16일 19시,토요일,광주광역시 서구 치평동,경상사고,0,0,1,0,차대차 - 측면직각충돌,안전거리미확보,습기,비,교차로 - 교차로부근,승용,남,30세,상해없음,이륜,남,45세,경상
2016041600100564,2016년 4월 16일 19시,토요일,광주광역시 북구 운암동,경상사고,0,0,1,0,차대사람 - 횡단중,안전운전불이행,습기,비,단일로 - 기타,승용,남,63세,상해없음,보행자,남,79세,경상
2016041600100565,2016년 4월 16일 19시,토요일,광주광역시 광산구 운남동,경상사고,0,0,1,0,차대사람 - 횡단중,안전운전불이행,습기,비,단일로 - 기타,승용,남,36세,상해없음,보행자,여,47세,경상
2016041600100630,2016년 4월 16일 20시,토요일,광주광역시 북구 용두동,경상사고,0,0,1,0,차대사람 - 횡단중,보행자보호의무위반,습기,비,교차로 - 교차로부근,승용,남,56세,상해없음,보행자,여,37세,경상
2016041600100695,2016년 4월 16일 21시,토요일,광주광역시 광산구 수완동,경상사고,0,0,2,0,차대차 - 측면충돌,안전운전불이행,습기,비,단일로 - 기타,승용,남,32세,상해없음,승용,여,39세,경상
2016041600100762,2016년 4월 16일 22시,토요일,광주광역시 서구 동천동,경상사고,0,0,5,0,차대차 - 정면충돌,중앙선침범,습기,비,단일로 - 교량,승용,남,38세,상해없음,승용,여,44세,경상
2016041700100048,2016년 4월 17일 00시,일요일,광주광역시 광산구 수완동,중상사고,0,1,0,0,차대사람 - 길가장자리구역통행중,안전운전불이행,건조,맑음,교차로 - 교차로안,승용,남,24세,상해없음,보행자,남,56세,중상
2016041700100049,2016년 4월 17일 00시,일요일,광주광역시 서구 광천동,경상사고,0,0,4,0,차대차 - 정면충돌,안전운전불이행,습기,비,교차로 - 교차로부근,승용,남,25세,상해없음,승용,남,45세,경상
2016041700100090,2016년 4월 17일 01시,일요일,광주광역시 서구 광천동,경상사고,0,0,3,0,차대차 - 추돌,안전거리미확보,습기,비,단일로 - 교량,승용,남,23세,상해없음,승용,남,59세,경상
2016041700100091,2016년 4월 17일 01시,일요일,광주광역시 서구 쌍촌동,중상사고,0,1,0,0,차대사람 - 횡단중,신호위반,건조,기타,단일로 - 기타,이륜,남,30세,상해없음,보행자,여,44세,중상
2016041700100092,2016년 4월 17일 01시,일요일,광주광역시 북구 신안동,경상사고,0,0,3,0,차대차 - 추돌,안전운전불이행,습기,비,단일로 - 기타,승용,남,19세,기타불명,승용,남,55세,경상
2016041700100141,2016년 4월 17일 03시,일요일,광주광역시 동구 불로동,경상사고,0,0,2,1,차대차 - 측면충돌,안전운전불이행,습기,비,단일로 - 기타,승용,남,54세,부상신고,승용,남,23세,경상
2016041700100187,2016년 4월 17일 07시,일요일,광주광역시 광산구 운남동,경상사고,0,0,1,0,차대차 - 정면충돌,안전운전불이행,건조,맑음,교차로 - 교차로안,승용,남,46세,상해없음,승용,남,67세,경상
2016041700100386,2016년 4월 17일 16시,일요일,광주광역시 광산구 신가동,경상사고,0,0,6,0,차대차 - 측면직각충돌,안전운전불이행,건조,맑음,교차로 - 교차로부근,승용,남,37세,경상,원동기,남,19세,경상
2016041700100451,2016년 4월 17일 18시,일요일,광주광역시 광산구 월계동,경상사고,0,0,1,0,차대차 - 측면직각충돌,안전운전불이행,건조,맑음,단일로 - 기타,원동기,남,25세,경상,승용,남,68세,상해없음
2016041700100481,2016년 4월 17일 19시,일요일,광주광역시 남구 송하동,경상사고,0,0,1,0,차대차 - 추돌,안전운전불이행,건조,맑음,단일로 - 기타,화물,남,57세,상해없음,승용,남,49세,경상
2016041700100514,2016년 4월 17일 20시,일요일,광주광역시 동구 계림동,경상사고,0,0,1,0,차대차 - 측면충돌,안전운전불이행,건조,맑음,단일로 - 기타,이륜,남,22세,경상,승용,남,51세,상해없음
2016041700100540,2016년 4월 17일 21시,일요일,광주광역시 광산구 운남동,경상사고,0,0,1,0,차대차 - 측면충돌,차로위반,건조,맑음,단일로 - 기타,승합,남,52세,상해없음,원동기,남,16세,경상
2016041700100562,2016년 4월 17일 22시,일요일,광주광역시 북구 우산동,경상사고,0,0,1,0,차대사람 - 차도통행중,안전운전불이행,건조,맑음,단일로 - 기타,승용,남,63세,기타불명,보행자,여,30세,경상
2016041800100119,2016년 4월 18일 08시,월요일,광주광역시 광산구 산정동,경상사고,0,0,1,0,차대차 - 측면직각충돌,안전운전불이행,건조,맑음,교차로 - 교차로안,화물,남,32세,상해없음,자전거,남,12세,경상
2016041800100229,2016년 4월 18일 11시,월요일,광주광역시 서구 벽진동,경상사고,0,0,2,0,차대차 - 추돌,안전거리미확보,건조,맑음,교차로 - 교차로부근,화물,남,52세,상해없음,승용,남,79세,경상
2016041800100230,2016년 4월 18일 11시,월요일,광주광역시 북구 중흥동,중상사고,0,1,0,0,차대차 - 측면직각충돌,안전운전불이행,건조,맑음,단일로 - 횡단보도상,자전거,남,85세,중상,화물,남,43세,상해없음
2016041800100291,2016년 4월 18일 13시,월요일,광주광역시 광산구 하남동,경상사고,0,0,1,0,차대사람 - 기타,안전운전불이행,건조,맑음,기타 - 기타,승용,여,45세,상해없음,보행자,여,36세,경상
2016041800100329,2016년 4월 18일 14시,월요일,광주광역시 서구 쌍촌동,경상사고,0,0,1,0,차대차 - 측면직각충돌,안전운전불이행,건조,맑음,교차로 - 교차로안,특수,남,46세,상해없음,승용,여,49세,경상
2016041800100413,2016년 4월 18일 16시,월요일,광주광역시 북구 운암동,경상사고,0,0,1,0,차대차 - 기타,안전운전불이행,건조,맑음,기타 - 기타,승용,여,56세,상해없음,자전거,남,54세,경상
2016041800100517,2016년 4월 18일 18시,월요일,광주광역시 동구 소태동,중상사고,0,1,1,0,차대차 - 추돌,안전운전불이행,건조,맑음,단일로 - 기타,승용,남,19세,상해없음,승용,남,52세,경상
2016041800100550,2016년 4월 18일 19시,월요일,광주광역시 남구 월산동,경상사고,0,0,1,0,차대차 - 추돌,안전운전불이행,건조,맑음,단일로 - 기타,승용,남,49세,상해없음,승용,남,45세,경상
2016041800100551,2016년 4월 18일 19시,월요일,광주광역시 북구 중흥동,경상사고,0,0,1,0,차대차 - 측면직각충돌,안전운전불이행,건조,맑음,단일로 - 기타,자전거,남,77세,경상,승합,남,40세,상해없음
2016041800100595,2016년 4월 18일 20시,월요일,광주광역시 북구 신안동,경상사고,0,0,2,0,차대차 - 측면충돌,신호위반,습기,비,교차로 - 교차로안,승용,남,28세,상해없음,승용,남,50세,경상
2016041800100649,2016년 4월 18일 22시,월요일,광주광역시 광산구 수완동,경상사고,0,0,1,0,차대차 - 정면충돌,직진우회전진행방해,건조,맑음,교차로 - 교차로안,승용,남,21세,상해없음,원동기,남,29세,경상
2016041900100014,2016년 4월 19일 00시,화요일,광주광역시 광산구 하산동,경상사고,0,0,1,0,차대차 - 측면직각충돌,안전거리미확보,건조,맑음,교차로 - 교차로부근,승용,남,61세,상해없음,승용,남,50세,경상
2016041900100024,2016년 4월 19일 01시,화요일,광주광역시 북구 임동,중상사고,0,1,6,0,차대차 - 측면직각충돌,신호위반,건조,맑음,교차로 - 교차로안,승용,남,22세,경상,승용,남,55세,경상
2016041900100033,2016년 4월 19일 02시,화요일,광주광역시 북구 오치동,경상사고,0,0,2,0,차대차 - 측면직각충돌,안전운전불이행,건조,맑음,단일로 - 기타,승용,남,31세,기타불명,승용,남,41세,경상
2016041900100048,2016년 4월 19일 04시,화요일,광주광역시 서구 치평동,경상사고,0,0,2,0,차대차 - 정면충돌,신호위반,건조,흐림,단일로 - 기타,승용,남,29세,상해없음,승용,남,44세,경상
2016041900100062,2016년 4월 19일 06시,화요일,광주광역시 서구 마륵동,경상사고,0,0,1,0,차대차 - 측면직각충돌,교차로운행방법위반,건조,맑음,교차로 - 교차로안,화물,남,66세,상해없음,승용,여,45세,경상
2016041900100134,2016년 4월 19일 08시,화요일,광주광역시 광산구 신가동,경상사고,0,0,1,0,차대차 - 측면직각충돌,안전거리미확보,건조,맑음,교차로 - 교차로부근,화물,남,35세,상해없음,화물,남,50세,상해없음
2016041900100155,2016년 4월 19일 09시,화요일,광주광역시 북구 우산동,경상사고,0,0,1,0,차량단독 - 전도전복,기타,건조,맑음,교차로 - 교차로안,승합,남,55세,상해없음,,,,
2016041900100177,2016년 4월 19일 10시,화요일,광주광역시 광산구 신가동,경상사고,0,0,1,0,차대사람 - 횡단중,안전운전불이행,건조,맑음,교차로 - 교차로부근,화물,남,31세,상해없음,보행자,여,54세,경상
2016041900100209,2016년 4월 19일 11시,화요일,광주광역시 서구 풍암동,경상사고,0,0,1,0,차대차 - 추돌,안전운전불이행,건조,맑음,단일로 - 기타,승용,남,45세,상해없음,승용,남,44세,경상
2016041900100210,2016년 4월 19일 11시,화요일,광주광역시 광산구 복룡동,중상사고,0,1,0,0,차대사람 - 기타,안전운전불이행,건조,맑음,단일로 - 기타,승용,남,44세,상해없음,보행자,남,56세,중상
2016041900100350,2016년 4월 19일 15시,화요일,광주광역시 서구 쌍촌동,경상사고,0,0,2,0,차대차 - 정면충돌,직진우회전진행방해,건조,맑음,교차로 - 교차로안,승용,남,60세,경상,승용,남,54세,경상
2016041900100351,2016년 4월 19일 15시,화요일,광주광역시 광산구 월계동,경상사고,0,0,1,0,차대사람 - 횡단중,안전운전불이행,건조,맑음,단일로 - 기타,자전거,남,14세,상해없음,보행자,남,12세,경상
2016041900100423,2016년 4월 19일 17시,화요일,광주광역시 남구 송하동,경상사고,0,0,2,0,차대차 - 정면충돌,안전거리미확보,건조,맑음,단일로 - 기타,승용,여,36세,상해없음,승용,남,27세,경상
2016041900100424,2016년 4월 19일 17시,화요일,광주광역시 남구 주월동,경상사고,0,0,3,0,차대차 - 정면충돌,신호위반,건조,맑음,교차로 - 교차로안,승용,남,58세,상해없음,승용,남,35세,경상
2016041900100425,2016년 4월 19일 17시,화요일,광주광역시 광산구 우산동,경상사고,0,0,1,0,차대사람 - 횡단중,안전운전불이행,건조,맑음,교차로 - 교차로안,승용,남,50세,상해없음,보행자,남,62세,경상
2016041900100426,2016년 4월 19일 17시,화요일,광주광역시 광산구 신창동,중상사고,0,1,1,0,차대차 - 추돌,안전거리미확보,건조,맑음,단일로 - 기타,승용,남,70세,상해없음,승용,남,41세,경상
2016041900100463,2016년 4월 19일 18시,화요일,광주광역시 북구 양산동,사망사고,1,0,1,0,차대차 - 측면직각충돌,교차로운행방법위반,건조,맑음,교차로 - 교차로안,승용,남,54세,경상,승용,남,41세,사망
2016041900100464,2016년 4월 19일 18시,화요일,광주광역시 북구 연제동,경상사고,0,0,4,0,차대차 - 기타,안전운전불이행,건조,맑음,단일로 - 기타,승용,남,25세,경상,승용,남,29세,경상
2016041900100502,2016년 4월 19일 19시,화요일,광주광역시 북구 용전동,경상사고,0,0,1,0,차량단독 - 전도전복,안전운전불이행,건조,맑음,단일로 - 기타,승용,남,21세,경상,,,,
2016041900100583,2016년 4월 19일 22시,화요일,광주광역시 남구 봉선동,경상사고,0,0,2,0,차대차 - 추돌,안전거리미확보,건조,맑음,교차로 - 교차로부근,승용,남,57세,상해없음,승용,여,39세,경상
2016042000100013,2016년 4월 20일 00시,수요일,광주광역시 광산구 우산동,경상사고,0,0,1,0,차대차 - 추돌,안전운전불이행,건조,맑음,교차로 - 교차로부근,승용,남,34세,상해없음,승용,남,56세,경상
2016042000100063,2016년 4월 20일 05시,수요일,광주광역시 북구 용두동,경상사고,0,0,1,0,차대차 - 정면충돌,신호위반,건조,맑음,교차로 - 교차로안,승용,남,72세,상해없음,승용,남,37세,경상
2016042000100097,2016년 4월 20일 07시,수요일,광주광역시 서구 유촌동,경상사고,0,0,1,0,차대차 - 추돌,안전운전불이행,건조,맑음,교차로 - 교차로부근,승용,남,45세,상해없음,승용,여,38세,경상
2016042000100098,2016년 4월 20일 07시,수요일,광주광역시 북구 신용동,경상사고,0,0,1,0,차대차 - 측면충돌,안전운전불이행,건조,맑음,교차로 - 교차로부근,승용,여,37세,상해없음,자전거,여,64세,경상
2016042000100135,2016년 4월 20일 08시,수요일,광주광역시 북구 동림동,경상사고,0,0,1,0,차대사람 - 횡단중,신호위반,건조,맑음,단일로 - 횡단보도상,승용,남,42세,상해없음,보행자,남,8세,경상
2016042000100173,2016년 4월 20일 09시,수요일,광주광역시 남구 월산동,경상사고,0,0,2,0,차대차 - 측면직각충돌,안전운전불이행,건조,맑음,교차로 - 교차로안,승용,남,77세,경상,승용,남,47세,경상
2016042000100174,2016년 4월 20일 09시,수요일,광주광역시 광산구 신촌동,경상사고,0,0,1,0,차량단독 - 기타,기타,건조,맑음,단일로 - 기타,승합,남,59세,상해없음,,,,
2016042000100206,2016년 4월 20일 10시,수요일,광주광역시 북구 오치동,중상사고,0,1,0,0,차대차 - 측면직각충돌,안전운전불이행,건조,맑음,단일로 - 기타,승용,여,41세,상해없음,자전거,남,65세,중상
2016042000100236,2016년 4월 20일 11시,수요일,광주광역시 북구 연제동,중상사고,0,1,2,0,차대차 - 정면충돌,안전운전불이행,건조,맑음,교차로 - 교차로안,승용,남,31세,상해없음,승용,남,36세,경상
2016042000100289,2016년 4월 20일 13시,수요일,광주광역시 북구 망월동,경상사고,0,0,1,0,차대사람 - 횡단중,안전운전불이행,건조,맑음,단일로 - 기타,화물,남,39세,상해없음,보행자,여,56세,경상
2016042000100432,2016년 4월 20일 17시,수요일,광주광역시 서구 농성동,경상사고,0,0,4,0,차대차 - 측면직각충돌,직진우회전진행방해,건조,맑음,교차로 - 교차로안,승용,남,64세,경상,승용,남,36세,경상
2016042000100501,2016년 4월 20일 19시,수요일,광주광역시 동구 계림동,중상사고,0,1,0,0,차대차 - 측면충돌,안전운전불이행,건조,맑음,단일로 - 기타,이륜,남,68세,중상,승용,남,38세,상해없음
2016042000100502,2016년 4월 20일 19시,수요일,광주광역시 서구 쌍촌동,경상사고,0,0,2,0,차대차 - 측면직각충돌,안전운전불이행,건조,맑음,단일로 - 기타,이륜,남,42세,경상,승용,남,28세,경상
2016042000100503,2016년 4월 20일 19시,수요일,광주광역시 서구 치평동,경상사고,0,0,1,0,차대차 - 정면충돌,교차로운행방법위반,건조,맑음,교차로 - 교차로안,승용,여,34세,상해없음,이륜,남,39세,경상
2016042000100504,2016년 4월 20일 19시,수요일,광주광역시 북구 신안동,중상사고,0,1,0,0,차대차 - 측면직각충돌,안전거리미확보,건조,맑음,단일로 - 기타,원동기,기타불명,35세,기타불명,원동기,남,20세,중상
2016042000100505,2016년 4월 20일 19시,수요일,광주광역시 광산구 도산동,경상사고,0,0,4,0,차대차 - 정면충돌,직진우회전진행방해,건조,맑음,교차로 - 교차로안,승용,남,39세,상해없음,승용,여,42세,경상
2016042000100539,2016년 4월 20일 20시,수요일,광주광역시 북구 운암동,경상사고,0,0,1,0,차대차 - 측면직각충돌,안전운전불이행,건조,맑음,교차로 - 교차로안,승용,남,42세,상해없음,이륜,남,73세,경상
2016042000100540,2016년 4월 20일 20시,수요일,광주광역시 북구 용봉동,경상사고,0,0,1,0,차대차 - 측면충돌,교차로운행방법위반,건조,맑음,교차로 - 교차로부근,승용,여,53세,상해없음,승용,남,34세,경상
2016042000100607,2016년 4월 20일 22시,수요일,광주광역시 서구 치평동,부상신고사고,0,0,0,1,차대차 - 정면충돌,안전운전불이행,건조,맑음,단일로 - 기타,승용,남,27세,상해없음,승용,여,26세,부상신고
2016042000100634,2016년 4월 20일 23시,수요일,광주광역시 서구 치평동,경상사고,0,0,1,0,차대사람 - 횡단중,보행자보호의무위반,습기,맑음,교차로 - 교차로안,승용,남,44세,상해없음,보행자,남,21세,경상
2016042100100028,2016년 4월 21일 00시,목요일,광주광역시 서구 유촌동,경상사고,0,0,4,0,차대차 - 추돌,안전운전불이행,건조,맑음,교차로 - 교차로부근,승용,여,39세,상해없음,승용,남,67세,경상
2016042100100049,2016년 4월 21일 01시,목요일,광주광역시 동구 서석동,중상사고,0,1,0,0,차대차 - 측면충돌,신호위반,습기,비,교차로 - 교차로안,승용,남,34세,상해없음,승용,남,34세,상해없음
2016042100100050,2016년 4월 21일 01시,목요일,광주광역시 광산구 우산동,경상사고,0,0,1,0,차대차 - 추돌,안전운전불이행,습기,비,단일로 - 교량,승용,남,37세,상해없음,승용,남,43세,경상
2016042100100065,2016년 4월 21일 02시,목요일,광주광역시 서구 치평동,경상사고,0,0,1,0,차대차 - 추돌,안전운전불이행,습기,비,교차로 - 교차로부근,승용,남,35세,상해없음,승용,남,33세,경상
2016042100100066,2016년 4월 21일 02시,목요일,광주광역시 광산구 소촌동,경상사고,0,0,1,0,차량단독 - 전도전복,안전운전불이행,습기,비,단일로 - 기타,승용,남,57세,경상,,,,
2016042100100188,2016년 4월 21일 08시,목요일,광주광역시 광산구 월계동,경상사고,0,0,1,0,차대사람 - 횡단중,안전운전불이행,습기,비,단일로 - 기타,승용,남,23세,상해없음,보행자,여,23세,경상
2016042100100340,2016년 4월 21일 14시,목요일,광주광역시 서구 농성동,경상사고,0,0,1,0,차대차 - 추돌,안전운전불이행,건조,맑음,단일로 - 기타,승용,남,55세,상해없음,승용,남,47세,경상
2016042100100491,2016년 4월 21일 19시,목요일,광주광역시 남구 송하동,중상사고,0,1,1,0,차대차 - 정면충돌,중앙선침범,습기,맑음,미분류 - 미분류,승용,남,63세,경상,승용,남,64세,중상
2016042100100492,2016년 4월 21일 19시,목요일,광주광역시 남구 봉선동,경상사고,0,0,1,0,차대차 - 추돌,안전운전불이행,건조,맑음,교차로 - 교차로안,승용,여,34세,상해없음,원동기,남,18세,경상
2016042100100557,2016년 4월 21일 21시,목요일,광주광역시 북구 우산동,경상사고,0,0,2,0,차대차 - 정면충돌,안전운전불이행,건조,맑음,교차로 - 교차로안,승용,남,42세,상해없음,승용,남,24세,경상
2016042100100558,2016년 4월 21일 21시,목요일,광주광역시 광산구 쌍암동,경상사고,0,0,1,0,차대차 - 추돌,안전운전불이행,건조,흐림,단일로 - 기타,승용,남,55세,상해없음,승용,남,26세,경상
2016042100100587,2016년 4월 21일 22시,목요일,광주광역시 남구 송하동,부상신고사고,0,0,0,1,차량단독 - 공작물충돌,안전운전불이행,건조,맑음,교차로 - 교차로부근,승용,여,19세,부상신고,,,,
2016042100100588,2016년 4월 21일 22시,목요일,광주광역시 광산구 수완동,경상사고,0,0,2,0,차대차 - 측면충돌,안전운전불이행,건조,맑음,단일로 - 기타,승용,여,32세,경상,승용,여,39세,경상
2016042200100020,2016년 4월 22일 00시,금요일,광주광역시 서구 양동,경상사고,0,0,4,0,차대차 - 측면직각충돌,신호위반,건조,맑음,교차로 - 교차로안,승용,남,66세,상해없음,승용,남,46세,상해없음
2016042200100021,2016년 4월 22일 00시,금요일,광주광역시 서구 농성동,경상사고,0,0,1,0,차대차 - 측면직각충돌,차로위반,건조,맑음,단일로 - 기타,승용,남,56세,상해없음,승용,여,41세,경상
2016042200100022,2016년 4월 22일 00시,금요일,광주광역시 광산구 운남동,중상사고,0,2,1,0,차대차 - 정면충돌,신호위반,건조,맑음,교차로 - 교차로부근,승용,남,43세,상해없음,승용,남,70세,중상
2016042200100039,2016년 4월 22일 01시,금요일,광주광역시 서구 유촌동,중상사고,0,1,0,0,차대사람 - 횡단중,신호위반,건조,맑음,교차로 - 교차로부근,기타불명,기타불명,기타불명,기타불명,보행자,남,50세,중상
2016042200100040,2016년 4월 22일 01시,금요일,광주광역시 광산구 신촌동,경상사고,0,0,2,0,차대차 - 측면충돌,안전거리미확보,건조,맑음,단일로 - 기타,승용,남,57세,경상,승용,남,27세,경상
2016042200100077,2016년 4월 22일 06시,금요일,광주광역시 북구 동림동,중상사고,0,2,0,0,차대차 - 측면충돌,교차로운행방법위반,건조,맑음,교차로 - 교차로안,승용,남,77세,중상,승용,남,40세,중상
2016042200100111,2016년 4월 22일 07시,금요일,광주광역시 서구 치평동,경상사고,0,0,3,0,차대차 - 기타,직진우회전진행방해,건조,맑음,교차로 - 교차로안,승용,여,29세,경상,승용,남,47세,경상
2016042200100112,2016년 4월 22일 07시,금요일,광주광역시 북구 신안동,경상사고,0,0,1,0,차대차 - 정면충돌,교차로운행방법위반,건조,맑음,교차로 - 교차로안,승용,남,25세,상해없음,승용,남,55세,경상
2016042200100156,2016년 4월 22일 08시,금요일,광주광역시 북구 운암동,경상사고,0,0,1,0,차대사람 - 기타,안전운전불이행,건조,맑음,단일로 - 기타,승용,남,61세,상해없음,보행자,남,29세,경상
2016042200100157,2016년 4월 22일 08시,금요일,광주광역시 광산구 장덕동,중상사고,0,1,1,0,차대차 - 정면충돌,신호위반,건조,맑음,교차로 - 교차로안,화물,남,45세,기타불명,승용,남,38세,중상
2016042200100158,2016년 4월 22일 08시,금요일,광주광역시 광산구 송정동,경상사고,0,0,1,0,차대차 - 추돌,안전거리미확보,건조,맑음,단일로 - 기타,승용,남,47세,상해없음,승용,남,26세,경상
2016042200100189,2016년 4월 22일 09시,금요일,광주광역시 남구 주월동,중상사고,0,1,0,0,차대사람 - 횡단중,신호위반,건조,맑음,단일로 - 횡단보도상,승용,남,75세,상해없음,보행자,여,79세,중상
2016042200100190,2016년 4월 22일 09시,금요일,광주광역시 광산구 월곡동,경상사고,0,0,1,0,차대차 - 측면충돌,중앙선침범,건조,맑음,단일로 - 기타,승용,남,33세,상해없음,승용,여,46세,경상
2016042200100221,2016년 4월 22일 10시,금요일,광주광역시 남구 주월동,경상사고,0,0,1,0,차대차 - 추돌,안전거리미확보,건조,맑음,교차로 - 교차로안,승용,남,37세,상해없음,승용,남,65세,경상
2016042200100269,2016년 4월 22일 12시,금요일,광주광역시 남구 봉선동,경상사고,0,0,2,0,차대차 - 기타,안전운전불이행,건조,맑음,교차로 - 교차로부근,승용,남,58세,상해없음,승용,여,28세,경상
2016042200100300,2016년 4월 22일 13시,금요일,광주광역시 광산구 월계동,경상사고,0,0,2,0,차대차 - 측면직각충돌,안전운전불이행,건조,맑음,교차로 - 교차로부근,승용,남,40세,상해없음,승용,여,34세,경상
2016042200100326,2016년 4월 22일 14시,금요일,광주광역시 광산구 흑석동,중상사고,0,1,0,0,차대사람 - 횡단중,안전운전불이행,건조,맑음,단일로 - 기타,승용,여,33세,상해없음,보행자,남,8세,중상
2016042200100367,2016년 4월 22일 15시,금요일,광주광역시 광산구 신촌동,중상사고,0,1,0,0,차대차 - 측면직각충돌,신호위반,건조,맑음,교차로 - 교차로안,승용,남,23세,상해없음,이륜,남,39세,중상
2016042200100467,2016년 4월 22일 17시,금요일,광주광역시 북구 중흥동,경상사고,0,0,1,0,차대차 - 측면충돌,안전운전불이행,건조,맑음,단일로 - 기타,자전거,남,75세,경상,화물,남,40세,상해없음
2016042200100506,2016년 4월 22일 18시,금요일,광주광역시 북구 중흥동,경상사고,0,0,1,0,차대사람 - 횡단중,보행자보호의무위반,건조,맑음,단일로 - 횡단보도상,승용,남,66세,상해없음,보행자,남,8세,경상
2016042200100507,2016년 4월 22일 18시,금요일,광주광역시 북구 풍향동,경상사고,0,0,1,0,차대사람 - 횡단중,신호위반,건조,맑음,단일로 - 기타,승용,남,35세,상해없음,보행자,남,8세,경상
2016042200100549,2016년 4월 22일 19시,금요일,광주광역시 광산구 산정동,경상사고,0,0,3,0,차대차 - 추돌,안전운전불이행,건조,맑음,단일로 - 기타,승용,남,54세,상해없음,승용,남,25세,경상
2016042200100586,2016년 4월 22일 20시,금요일,광주광역시 서구 쌍촌동,경상사고,0,0,2,0,차대차 - 측면직각충돌,안전운전불이행,건조,맑음,교차로 - 교차로부근,승용,남,27세,상해없음,승용,남,32세,상해없음
2016042200100587,2016년 4월 22일 20시,금요일,광주광역시 남구 진월동,경상사고,0,0,1,0,차대차 - 정면충돌,안전운전불이행,건조,맑음,교차로 - 교차로안,승용,남,60세,상해없음,이륜,남,40세,경상
2016042200100588,2016년 4월 22일 20시,금요일,광주광역시 광산구 안청동,경상사고,0,0,2,0,차대차 - 측면충돌,안전거리미확보,건조,맑음,단일로 - 기타,승용,남,57세,경상,승용,남,45세,경상
2016042200100624,2016년 4월 22일 21시,금요일,광주광역시 남구 구동,경상사고,0,0,3,0,차대차 - 정면충돌,안전거리미확보,건조,맑음,교차로 - 교차로부근,승용,남,40세,상해없음,승용,여,25세,경상
2016042200100625,2016년 4월 22일 21시,금요일,광주광역시 광산구 산정동,중상사고,0,1,0,0,차대사람 - 횡단중,안전운전불이행,습기,비,단일로 - 기타,승용,남,34세,상해없음,보행자,남,46세,중상
2016042200100658,2016년 4월 22일 22시,금요일,광주광역시 광산구 산정동,경상사고,0,0,1,0,차대차 - 추돌,안전운전불이행,건조,맑음,단일로 - 기타,승용,여,51세,경상,승용,남,23세,상해없음
2016042200100691,2016년 4월 22일 23시,금요일,광주광역시 서구 치평동,경상사고,0,0,2,0,차대차 - 정면충돌,교차로운행방법위반,건조,맑음,교차로 - 교차로부근,승용,남,64세,상해없음,승용,남,32세,경상
2016042200100692,2016년 4월 22일 23시,금요일,광주광역시 북구 두암동,경상사고,0,0,1,0,차대차 - 추돌,안전거리미확보,건조,맑음,단일로 - 기타,승용,남,60세,상해없음,승용,여,26세,상해없음
2016042300100062,2016년 4월 23일 02시,토요일,광주광역시 서구 광천동,경상사고,0,0,3,0,차대차 - 측면충돌,신호위반,건조,맑음,교차로 - 교차로안,승용,남,43세,경상,승용,남,46세,경상
2016042300100090,2016년 4월 23일 04시,토요일,광주광역시 서구 치평동,경상사고,0,0,1,0,차대사람 - 횡단중,안전운전불이행,건조,맑음,단일로 - 기타,승용,남,29세,상해없음,보행자,여,24세,경상
2016042300100245,2016년 4월 23일 11시,토요일,광주광역시 서구 내방동,경상사고,0,0,2,0,차대차 - 측면직각충돌,직진우회전진행방해,건조,맑음,교차로 - 교차로안,승용,남,38세,경상,승용,남,52세,경상