사고번호,사고일시,요일,시군구,사고내용,사망자수,중상자수,경상자수,부상신고자수,사고유형,법규위반,노면상태,기상상태,도로형태,가해운전자 차종,가해운전자 성별,가해운전자 연령,가해운전자 상해정도,피해운전자 차종,피해운전자 성별,피해운전자 연령,피해운전자 상해정도
2016042300100246,2016년 4월 23일 11시,토요일,광주광역시 서구 마륵동,경상사고,0,0,1,0,차대차 - 추돌,안전운전불이행,건조,맑음,교차로 - 교차로부근,승용,남,44세,상해없음,화물,남,38세,경상
2016042300100287,2016년 4월 23일 12시,토요일,광주광역시 서구 화정동,중상사고,0,1,0,0,차대차 - 측면충돌,교차로운행방법위반,건조,맑음,교차로 - 교차로안,승용,남,32세,상해없음,이륜,남,37세,중상
2016042300100288,2016년 4월 23일 12시,토요일,광주광역시 북구 임동,경상사고,0,0,1,0,차대차 - 측면직각충돌,차로위반,건조,맑음,단일로 - 기타,화물,남,55세,기타불명,승용,남,59세,경상
2016042300100367,2016년 4월 23일 14시,토요일,광주광역시 서구 광천동,경상사고,0,0,1,0,차대차 - 기타,안전운전불이행,건조,맑음,교차로 - 교차로부근,승용,남,31세,기타불명,화물,남,42세,경상
2016042300100402,2016년 4월 23일 15시,토요일,광주광역시 동구 불로동,경상사고,0,0,3,0,차대차 - 측면직각충돌,안전운전불이행,건조,맑음,교차로 - 교차로안,승용,여,54세,경상,승용,남,31세,경상
2016042300100474,2016년 4월 23일 17시,토요일,광주광역시 동구 금남로5가,경상사고,0,0,1,0,차대사람 - 횡단중,안전운전불이행,건조,맑음,단일로 - 기타,승용,남,60세,상해없음,보행자,남,68세,경상
2016042300100501,2016년 4월 23일 18시,토요일,광주광역시 북구 두암동,경상사고,0,0,1,0,차대사람 - 기타,안전운전불이행,건조,맑음,교차로 - 교차로부근,승용,여,72세,기타불명,보행자,남,11세,경상
2016042300100535,2016년 4월 23일 19시,토요일,광주광역시 서구 치평동,경상사고,0,0,2,0,차대차 - 측면직각충돌,안전운전불이행,건조,맑음,단일로 - 기타,이륜,남,31세,경상,승용,여,59세,경상
2016042300100581,2016년 4월 23일 20시,토요일,광주광역시 서구 화정동,경상사고,0,0,1,0,차대차 - 기타,안전거리미확보,건조,맑음,단일로 - 기타,승용,여,45세,상해없음,승용,남,63세,상해없음
2016042300100630,2016년 4월 23일 22시,토요일,광주광역시 광산구 쌍암동,경상사고,0,0,1,0,차대차 - 추돌,안전운전불이행,건조,맑음,단일로 - 기타,승용,남,51세,상해없음,승용,여,46세,경상
2016042400100011,2016년 4월 24일 00시,일요일,광주광역시 서구 치평동,경상사고,0,0,1,0,차대차 - 추돌,안전운전불이행,건조,맑음,단일로 - 기타,기타불명,기타불명,기타불명,기타불명,승용,남,27세,경상
2016042400100038,2016년 4월 24일 01시,일요일,광주광역시 동구 금동,경상사고,0,0,1,0,차대사람 - 기타,안전운전불이행,건조,맑음,교차로 - 교차로안,승용,남,26세,상해없음,보행자,남,24세,경상
2016042400100068,2016년 4월 24일 03시,일요일,광주광역시 서구 쌍촌동,경상사고,0,0,1,0,차대차 - 기타,안전운전불이행,기타,기타,교차로 - 교차로안,이륜,남,48세,상해없음,승용,남,35세,경상
2016042400100069,2016년 4월 24일 03시,일요일,광주광역시 북구 용봉동,경상사고,0,0,2,0,차량단독 - 공작물충돌,안전운전불이행,건조,맑음,교차로 - 교차로부근,승용,남,53세,경상,,,,
2016042400100070,2016년 4월 24일 03시,일요일,광주광역시 광산구 장덕동,경상사고,0,0,1,0,차대차 - 추돌,안전운전불이행,건조,맑음,단일로 - 기타,화물,남,25세,상해없음,승용,남,66세,경상
2016042400100114,2016년 4월 24일 07시,일요일,광주광역시 북구 연제동,중상사고,0,1,0,0,차대사람 - 횡단중,안전운전불이행,건조,맑음,단일로 - 기타,승용,여,50세,기타불명,보행자,여,72세,중상
2016042400100131,2016년 4월 24일 08시,일요일,광주광역시 북구 오치동,경상사고,0,0,1,0,차대차 - 측면직각충돌,안전운전불이행,건조,맑음,교차로 - 교차로안,기타불명,기타불명,29세,기타불명,승용,남,42세,경상
2016042400100189,2016년 4월 24일 11시,일요일,광주광역시 서구 농성동,경상사고,0,0,1,0,차대차 - 측면직각충돌,안전운전불이행,건조,맑음,단일로 - 기타,승용,남,45세,상해없음,승용,남,53세,경상
2016042400100213,2016년 4월 24일 12시,일요일,광주광역시 북구 각화동,중상사고,0,1,0,0,차대차 - 측면충돌,안전운전불이행,건조,맑음,교차로 - 교차로안,승용,남,29세,상해없음,이륜,남,43세,중상
2016042400100246,2016년 4월 24일 13시,일요일,광주광역시 남구 주월동,경상사고,0,0,1,0,차대차 - 측면직각충돌,교차로운행방법위반,건조,맑음,교차로 - 교차로안,승용,남,60세,상해없음,자전거,남,10세,경상
2016042400100247,2016년 4월 24일 13시,일요일,광주광역시 북구 문흥동,경상사고,0,0,1,0,차대차 - 기타,기타,건조,맑음,단일로 - 기타,승합,남,48세,상해없음,자전거,남,13세,상해없음
2016042400100284,2016년 4월 24일 14시,일요일,광주광역시 동구 산수동,경상사고,0,0,3,0,차대차 - 기타,안전거리미확보,건조,맑음,단일로 - 기타,화물,남,51세,경상,승용,여,53세,경상
2016042400100285,2016년 4월 24일 14시,일요일,광주광역시 북구 운암동,경상사고,0,0,1,0,차대차 - 기타,안전운전불이행,건조,맑음,단일로 - 기타,승용,여,56세,상해없음,이륜,남,16세,경상
2016042400100318,2016년 4월 24일 15시,일요일,광주광역시 북구 신용동,중상사고,0,1,0,0,차대사람 - 기타,기타,건조,맑음,단일로 - 기타,이륜,남,19세,상해없음,보행자,남,25세,중상
2016042400100353,2016년 4월 24일 16시,일요일,광주광역시 북구 용봉동,경상사고,0,0,1,0,차대사람 - 기타,안전운전불이행,건조,맑음,단일로 - 기타,승용,남,29세,상해없음,보행자,남,11세,경상
2016042400100354,2016년 4월 24일 16시,일요일,광주광역시 북구 양산동,중상사고,0,1,0,0,차대사람 - 횡단중,보행자보호의무위반,건조,맑음,단일로 - 횡단보도상,승용,여,25세,상해없음,보행자,여,10세,중상
2016042400100385,2016년 4월 24일 17시,일요일,광주광역시 북구 운암동,중상사고,0,1,1,0,차대차 - 측면직각충돌,교차로운행방법위반,건조,맑음,교차로 - 교차로안,승용,여,46세,경상,원동기,남,76세,중상
2016042400100386,2016년 4월 24일 17시,일요일,광주광역시 광산구 월곡동,부상신고사고,0,0,0,1,차대차 - 측면직각충돌,교차로운행방법위반,건조,맑음,교차로 - 교차로안,이륜,남,29세,상해없음,자전거,여,7세,부상신고
2016042400100425,2016년 4월 24일 18시,일요일,광주광역시 북구 용봉동,경상사고,0,0,1,0,차대차 - 기타,안전운전불이행,건조,맑음,단일로 - 기타,이륜,남,16세,경상,승용,남,50세,상해없음
2016042400100426,2016년 4월 24일 18시,일요일,광주광역시 광산구 신창동,경상사고,0,0,1,0,차대차 - 측면직각충돌,신호위반,건조,맑음,교차로 - 교차로안,이륜,남,26세,상해없음,승용,남,42세,경상
2016042400100514,2016년 4월 24일 21시,일요일,광주광역시 광산구 우산동,경상사고,0,0,1,0,차대사람 - 횡단중,안전운전불이행,건조,맑음,단일로 - 기타,승용,여,50세,상해없음,보행자,여,16세,경상
2016042400100532,2016년 4월 24일 22시,일요일,광주광역시 서구 쌍촌동,중상사고,0,1,0,0,차대차 - 측면직각충돌,안전거리미확보,건조,맑음,교차로 - 교차로부근,승용,남,33세,상해없음,원동기,남,26세,중상
2016042400100533,2016년 4월 24일 22시,일요일,광주광역시 남구 진월동,경상사고,0,0,1,0,차대차 - 측면직각충돌,안전거리미확보,건조,맑음,단일로 - 기타,승용,남,55세,상해없음,이륜,남,21세,경상
2016042400100548,2016년 4월 24일 23시,일요일,광주광역시 광산구 도산동,경상사고,0,0,1,0,차대차 - 측면직각충돌,교차로운행방법위반,건조,맑음,교차로 - 교차로안,승용,남,58세,상해없음,승용,남,26세,경상
2016042500100010,2016년 4월 25일 00시,월요일,광주광역시 광산구 신가동,경상사고,0,0,2,0,차대차 - 추돌,안전운전불이행,건조,맑음,교차로 - 교차로부근,승용,여,46세,상해없음,승용,남,50세,경상
2016042500100044,2016년 4월 25일 04시,월요일,광주광역시 광산구 소촌동,중상사고,0,1,0,0,차량단독 - 공작물충돌,안전운전불이행,건조,맑음,단일로 - 기타,승용,남,56세,중상,,,,
2016042500100090,2016년 4월 25일 07시,월요일,광주광역시 광산구 하남동,경상사고,0,0,1,0,차대차 - 측면직각충돌,직진우회전진행방해,건조,맑음,교차로 - 교차로안,승용,남,45세,상해없음,승용,여,36세,경상
2016042500100135,2016년 4월 25일 08시,월요일,광주광역시 서구 화정동,경상사고,0,0,1,0,차대차 - 측면충돌,교차로운행방법위반,건조,맑음,교차로 - 교차로안,승용,남,64세,상해없음,자전거,남,21세,경상
2016042500100136,2016년 4월 25일 08시,월요일,광주광역시 북구 오치동,경상사고,0,0,1,0,차대차 - 추돌,안전운전불이행,건조,맑음,교차로 - 교차로부근,승용,남,51세,상해없음,승용,여,40세,경상
2016042500100137,2016년 4월 25일 08시,월요일,광주광역시 광산구 장덕동,중상사고,0,1,1,0,차대차 - 정면충돌,안전운전불이행,건조,맑음,교차로 - 교차로안,승용,남,61세,경상,승용,여,32세,중상
2016042500100138,2016년 4월 25일 08시,월요일,광주광역시 광산구 월계동,부상신고사고,0,0,0,1,차대차 - 측면직각충돌,안전운전불이행,건조,맑음,단일로 - 기타,기타불명,기타불명,기타불명,기타불명,자전거,남,13세,부상신고
2016042500100156,2016년 4월 25일 09시,월요일,광주광역시 북구 장등동,경상사고,0,0,2,0,차대차 - 기타,안전운전불이행,건조,맑음,단일로 - 기타,승용,남,22세,상해없음,승용,남,41세,경상
2016042500100240,2016년 4월 25일 11시,월요일,광주광역시 서구 화정동,중상사고,0,1,0,0,차대차 - 측면직각충돌,교차로운행방법위반,건조,맑음,교차로 - 교차로안,화물,남,55세,상해없음,자전거,남,73세,중상
2016042500100282,2016년 4월 25일 12시,월요일,광주광역시 북구 우산동,경상사고,0,0,2,0,차대차 - 측면직각충돌,차로위반,건조,맑음,교차로 - 교차로부근,승용,남,74세,상해없음,승용,남,58세,상해없음
2016042500100283,2016년 4월 25일 12시,월요일,광주광역시 광산구 운남동,경상사고,0,0,1,0,차대차 - 정면충돌,안전운전불이행,건조,맑음,교차로 - 교차로부근,승용,남,37세,상해없음,승용,남,41세,경상
2016042500100284,2016년 4월 25일 12시,월요일,광주광역시 광산구 산정동,경상사고,0,0,1,0,차대차 - 기타,직진우회전진행방해,건조,맑음,교차로 - 교차로안,승용,기타불명,기타불명,기타불명,이륜,남,37세,경상
2016042500100314,2016년 4월 25일 13시,월요일,광주광역시 북구 용봉동,부상신고사고,0,0,0,1,차량단독 - 기타,기타,건조,맑음,단일로 - 기타,승합,남,52세,상해없음,,,,
2016042500100357,2016년 4월 25일 14시,월요일,광주광역시 서구 화정동,경상사고,0,0,3,0,차대차 - 기타,교차로운행방법위반,건조,맑음,교차로 - 교차로안,승용,여,37세,상해없음,승합,남,55세,상해없음
2016042500100470,2016년 4월 25일 17시,월요일,광주광역시 북구 오치동,중상사고,0,1,0,0,차대사람 - 횡단중,안전운전불이행,건조,맑음,단일로 - 기타,승용,여,51세,상해없음,보행자,여,79세,중상
2016042500100471,2016년 4월 25일 17시,월요일,광주광역시 북구 양산동,중상사고,0,1,0,0,차대사람 - 횡단중,보행자보호의무위반,건조,맑음,단일로 - 횡단보도상,승용,여,41세,상해없음,보행자,남,58세,중상
2016042500100517,2016년 4월 25일 18시,월요일,광주광역시 서구 쌍촌동,경상사고,0,0,1,0,차대사람 - 보도통행중,보행자보호의무위반,건조,맑음,교차로 - 교차로안,승합,남,65세,상해없음,보행자,여,33세,경상
2016042500100546,2016년 4월 25일 19시,월요일,광주광역시 서구 마륵동,경상사고,0,0,3,0,차대차 - 추돌,안전운전불이행,건조,맑음,단일로 - 기타,승용,여,40세,상해없음,승용,남,42세,경상
2016042500100547,2016년 4월 25일 19시,월요일,광주광역시 북구 양산동,경상사고,0,0,1,2,차대차 - 추돌,안전거리미확보,건조,맑음,단일로 - 기타,승용,여,37세,상해없음,승용,남,33세,부상신고
2016042500100548,2016년 4월 25일 19시,월요일,광주광역시 북구 오치동,부상신고사고,0,0,0,1,차대사람 - 횡단중,안전운전불이행,건조,맑음,단일로 - 기타,승용,여,57세,기타불명,보행자,여,68세,부상신고
2016042500100588,2016년 4월 25일 20시,월요일,광주광역시 서구 쌍촌동,경상사고,0,0,1,0,차대차 - 기타,안전운전불이행,건조,맑음,단일로 - 기타,승용,여,38세,상해없음,이륜,남,24세,경상
2016042500100624,2016년 4월 25일 21시,월요일,광주광역시 남구 봉선동,부상신고사고,0,0,0,1,차대사람 - 횡단중,안전운전불이행,건조,맑음,교차로 - 교차로부근,기타불명,기타불명,기타불명,기타불명,보행자,남,26세,부상신고
2016042500100671,2016년 4월 25일 23시,월요일,광주광역시 북구 중흥동,경상사고,0,0,1,0,차대차 - 기타,안전운전불이행,건조,맑음,단일로 - 기타,이륜,남,35세,경상,승용,남,53세,상해없음
2016042600100036,2016년 4월 26일 03시,화요일,광주광역시 북구 동림동,경상사고,0,0,1,0,차대사람 - 횡단중,보행자보호의무위반,건조,맑음,교차로 - 교차로안,승용,남,32세,상해없음,보행자,남,45세,경상
2016042600100061,2016년 4월 26일 06시,화요일,광주광역시 북구 각화동,경상사고,0,0,3,0,차대차 - 추돌,안전운전불이행,건조,맑음,단일로 - 기타,화물,남,46세,상해없음,승용,남,58세,경상
2016042600100087,2016년 4월 26일 07시,화요일,광주광역시 북구 풍향동,부상신고사고,0,0,0,1,차대차 - 측면충돌,안전운전불이행,건조,맑음,교차로 - 교차로부근,자전거,남,64세,부상신고,승합,남,51세,상해없음
2016042600100088,2016년 4월 26일 07시,화요일,광주광역시 광산구 신촌동,경상사고,0,0,1,0,차대차 - 측면직각충돌,직진우회전진행방해,건조,맑음,교차로 - 교차로안,승용,남,60세,상해없음,승용,여,36세,경상
2016042600100089,2016년 4월 26일 07시,화요일,광주광역시 광산구 선암동,경상사고,0,0,1,0,차대사람 - 횡단중,안전운전불이행,건조,맑음,단일로 - 기타,승용,여,40세,상해없음,보행자,여,28세,경상
2016042600100138,2016년 4월 26일 08시,화요일,광주광역시 서구 치평동,경상사고,0,0,1,0,차대차 - 측면직각충돌,차로위반,건조,맑음,단일로 - 기타,승합,남,50세,상해없음,승용,여,55세,경상
2016042600100139,2016년 4월 26일 08시,화요일,광주광역시 서구 치평동,경상사고,0,0,1,0,차대차 - 기타,안전거리미확보,건조,맑음,단일로 - 기타,승용,여,46세,상해없음,승용,여,47세,상해없음
2016042600100183,2016년 4월 26일 09시,화요일,광주광역시 서구 마륵동,경상사고,0,0,1,0,차대차 - 측면직각충돌,안전거리미확보,건조,맑음,단일로 - 기타,승용,여,26세,상해없음,이륜,남,57세,경상
2016042600100184,2016년 4월 26일 09시,화요일,광주광역시 광산구 쌍암동,중상사고,0,1,0,0,차대사람 - 횡단중,안전운전불이행,건조,맑음,단일로 - 횡단보도상,화물,남,43세,상해없음,보행자,남,89세,중상
2016042600100214,2016년 4월 26일 10시,화요일,광주광역시 북구 우산동,경상사고,0,0,1,0,차대차 - 기타,기타,건조,맑음,단일로 - 기타,화물,남,47세,경상,승용,남,62세,상해없음
2016042600100249,2016년 4월 26일 11시,화요일,광주광역시 서구 광천동,경상사고,0,0,2,0,차대차 - 측면직각충돌,안전거리미확보,건조,맑음,단일로 - 기타,승용,여,48세,경상,승용,남,61세,경상
2016042600100250,2016년 4월 26일 11시,화요일,광주광역시 북구 두암동,부상신고사고,0,0,0,1,차대차 - 측면직각충돌,중앙선침범,건조,맑음,단일로 - 기타,자전거,남,79세,부상신고,승용,남,33세,상해없음
2016042600100285,2016년 4월 26일 12시,화요일,광주광역시 남구 노대동,중상사고,0,1,0,0,차대사람 - 횡단중,안전운전불이행,건조,맑음,단일로 - 기타,승용,여,49세,상해없음,보행자,남,67세,중상
2016042600100325,2016년 4월 26일 13시,화요일,광주광역시 동구 수기동,경상사고,0,0,1,0,차대사람 - 횡단중,안전운전불이행,건조,흐림,단일로 - 기타,승용,여,37세,상해없음,보행자,여,61세,경상
2016042600100409,2016년 4월 26일 15시,화요일,광주광역시 서구 광천동,부상신고사고,0,0,0,1,차대차 - 추돌,안전거리미확보,건조,맑음,교차로 - 교차로부근,승용,여,24세,부상신고,승용,여,61세,상해없음
2016042600100410,2016년 4월 26일 15시,화요일,광주광역시 북구 용봉동,경상사고,0,0,1,0,차대사람 - 보도통행중,중앙선침범,건조,맑음,단일로 - 기타,승용,남,64세,상해없음,보행자,남,28세,경상
2016042600100411,2016년 4월 26일 15시,화요일,광주광역시 광산구 월계동,경상사고,0,0,1,0,차대차 - 측면충돌,안전운전불이행,건조,맑음,교차로 - 교차로부근,승용,남,78세,상해없음,승용,남,53세,경상
2016042600100451,2016년 4월 26일 16시,화요일,광주광역시 북구 중흥동,경상사고,0,0,2,0,차대차 - 추돌,안전운전불이행,건조,맑음,단일로 - 기타,화물,남,57세,상해없음,화물,남,48세,경상
2016042600100482,2016년 4월 26일 17시,화요일,광주광역시 서구 금호동,경상사고,0,0,1,0,차대차 - 측면충돌,교차로운행방법위반,건조,맑음,교차로 - 교차로부근,승용,여,44세,상해없음,이륜,남,36세,경상
2016042600100483,2016년 4월 26일 17시,화요일,광주광역시 북구 두암동,중상사고,0,1,0,0,차대사람 - 횡단중,안전운전불이행,건조,맑음,교차로 - 교차로안,승용,여,52세,상해없음,보행자,남,61세,중상
2016042600100523,2016년 4월 26일 18시,화요일,광주광역시 북구 양산동,경상사고,0,0,1,0,차대차 - 정면충돌,안전운전불이행,건조,맑음,단일로 - 기타,승용,남,54세,상해없음,승용,여,50세,경상
2016042600100560,2016년 4월 26일 19시,화요일,광주광역시 북구 삼각동,경상사고,0,0,1,0,차대차 - 측면직각충돌,안전운전불이행,습기,비,교차로 - 교차로부근,승용,남,48세,상해없음,승합,남,68세,경상
2016042600100597,2016년 4월 26일 20시,화요일,광주광역시 북구 두암동,경상사고,0,0,1,0,차대사람 - 횡단중,안전운전불이행,습기,비,단일로 - 횡단보도상,승용,여,59세,상해없음,보행자,여,33세,경상
2016042600100598,2016년 4월 26일 20시,화요일,광주광역시 북구 신안동,경상사고,0,0,1,0,차대차 - 추돌,안전거리미확보,습기,비,단일로 - 기타,화물,남,23세,상해없음,승용,남,72세,경상
2016042600100622,2016년 4월 26일 21시,화요일,광주광역시 서구 금호동,중상사고,0,1,1,0,차대차 - 정면충돌,신호위반,습기,비,교차로 - 교차로안,화물,남,38세,중상,승용,남,43세,경상
2016042600100623,2016년 4월 26일 21시,화요일,광주광역시 북구 오치동,중상사고,0,1,0,0,차대사람 - 횡단중,안전운전불이행,습기,비,단일로 - 기타,승용,남,73세,상해없음,보행자,여,61세,중상
2016042600100624,2016년 4월 26일 21시,화요일,광주광역시 광산구 월계동,경상사고,0,0,1,0,차대차 - 정면충돌,안전운전불이행,습기,비,단일로 - 기타,이륜,남,17세,경상,승용,남,54세,상해없음
2016042600100651,2016년 4월 26일 22시,화요일,광주광역시 서구 쌍촌동,경상사고,0,0,1,0,차대사람 - 기타,안전운전불이행,건조,맑음,교차로 - 교차로부근,원동기,남,26세,상해없음,보행자,여,16세,경상
2016042600100652,2016년 4월 26일 22시,화요일,광주광역시 광산구 수완동,경상사고,0,0,1,0,차대사람 - 횡단중,신호위반,습기,비,단일로 - 기타,이륜,남,20세,상해없음,보행자,여,42세,경상
2016042700100011,2016년 4월 27일 00시,수요일,광주광역시 북구 운암동,경상사고,0,0,2,0,차대차 - 측면충돌,신호위반,습기,비,교차로 - 교차로안,승용,남,38세,경상,승용,남,47세,상해없음
2016042700100028,2016년 4월 27일 01시,수요일,광주광역시 북구 운암동,경상사고,0,0,2,0,차대차 - 정면충돌,안전거리미확보,습기,비,교차로 - 교차로부근,이륜,남,54세,경상,승용,남,24세,경상
2016042700100029,2016년 4월 27일 01시,수요일,광주광역시 북구 운암동,경상사고,0,0,2,0,차대차 - 측면충돌,교차로운행방법위반,습기,비,교차로 - 교차로안,승용,여,47세,경상,화물,남,46세,경상
2016042700100045,2016년 4월 27일 03시,수요일,광주광역시 서구 화정동,경상사고,0,0,1,0,차대차 - 측면직각충돌,안전운전불이행,습기,비,교차로 - 교차로부근,승용,남,23세,상해없음,승용,여,37세,경상
2016042700100046,2016년 4월 27일 03시,수요일,광주광역시 남구 월산동,경상사고,0,0,1,0,차대차 - 측면직각충돌,신호위반,습기,비,교차로 - 교차로안,기타불명,기타불명,기타불명,기타불명,승용,남,52세,경상
2016042700100053,2016년 4월 27일 04시,수요일,광주광역시 광산구 우산동,경상사고,0,0,1,0,차대차 - 추돌,안전운전불이행,습기,비,단일로 - 기타,승용,남,24세,상해없음,승용,남,24세,경상
2016042700100107,2016년 4월 27일 07시,수요일,광주광역시 서구 양동,경상사고,0,0,1,0,차대차 - 측면직각충돌,차로위반,습기,비,단일로 - 횡단보도부근,승용,남,69세,상해없음,승용,여,56세,경상
2016042700100183,2016년 4월 27일 09시,수요일,광주광역시 북구 운암동,경상사고,0,0,1,0,차대차 - 측면직각충돌,안전운전불이행,습기,비,교차로 - 교차로안,승용,여,62세,경상,승용,남,62세,상해없음
2016042700100218,2016년 4월 27일 10시,수요일,광주광역시 서구 농성동,중상사고,0,1,0,0,차대차 - 측면직각충돌,안전운전불이행,습기,비,교차로 - 교차로부근,화물,남,42세,상해없음,이륜,남,55세,중상
2016042700100219,2016년 4월 27일 10시,수요일,광주광역시 북구 용봉동,경상사고,0,0,1,0,차대사람 - 횡단중,안전운전불이행,습기,비,단일로 - 기타,승용,남,52세,상해없음,보행자,남,21세,경상
2016042700100314,2016년 4월 27일 13시,수요일,광주광역시 북구 양산동,경상사고,0,0,1,0,차대차 - 측면직각충돌,중앙선침범,습기,비,단일로 - 기타,승용,여,44세,상해없음,승용,남,27세,경상
2016042700100381,2016년 4월 27일 15시,수요일,광주광역시 남구 송하동,중상사고,0,1,1,0,차대차 - 측면직각충돌,안전운전불이행,건조,맑음,단일로 - 기타,승용,남,38세,경상,승용,남,46세,중상
2016042700100382,2016년 4월 27일 15시,수요일,광주광역시 북구 우산동,중상사고,0,1,0,0,차대사람 - 횡단중,안전운전불이행,습기,비,단일로 - 기타,화물,남,65세,상해없음,보행자,남,70세,중상
2016042700100383,2016년 4월 27일 15시,수요일,광주광역시 북구 중흥동,경상사고,0,0,1,0,차대차 - 추돌,안전운전불이행,습기,비,교차로 - 교차로부근,승용,남,53세,상해없음,승용,여,54세,경상
2016042700100585,2016년 4월 27일 20시,수요일,광주광역시 광산구 월계동,경상사고,0,0,1,0,차대차 - 추돌,차로위반,습기,비,교차로 - 교차로부근,승용,남,53세,상해없음,승용,남,54세,경상
2016042700100586,2016년 4월 27일 20시,수요일,광주광역시 광산구 우산동,경상사고,0,0,1,0,차대사람 - 횡단중,안전운전불이행,습기,비,단일로 - 기타,기타불명,기타불명,기타불명,기타불명,보행자,남,32세,경상
2016042700100619,2016년 4월 27일 21시,수요일,광주광역시 북구 문흥동,경상사고,0,0,1,0,차대사람 - 횡단중,안전운전불이행,건조,맑음,교차로 - 교차로안,승용,여,25세,상해없음,보행자,남,24세,경상
2016042700100694,2016년 4월 27일 23시,수요일,광주광역시 남구 백운동,경상사고,0,0,1,0,차대사람 - 횡단중,안전운전불이행,건조,맑음,교차로 - 교차로부근,승용,남,66세,상해없음,보행자,남,60세,경상
2016042700100695,2016년 4월 27일 23시,수요일,광주광역시 광산구 산정동,경상사고,0,0,1,0,차대차 - 측면충돌,안전거리미확보,습기,비,단일로 - 기타,승용,남,53세,상해없음,승용,남,26세,경상
2016042800100026,2016년 4월 28일 00시,목요일,광주광역시 서구 매월동,경상사고,0,0,1,0,차대차 - 추돌,안전운전불이행,건조,맑음,단일로 - 기타,승용,남,31세,상해없음,승합,남,31세,경상
2016042800100027,2016년 4월 28일 00시,목요일,광주광역시 남구 월산동,경상사고,0,0,4,0,차대차 - 추돌,안전거리미확보,습기,흐림,단일로 - 기타,승용,남,57세,상해없음,승용,여,29세,경상
2016042800100028,2016년 4월 28일 00시,목요일,광주광역시 북구 양산동,중상사고,0,1,0,0,차량단독 - 공작물충돌,안전운전불이행,습기,비,단일로 - 기타,승용,남,38세,중상,,,,
2016042800100075,2016년 4월 28일 04시,목요일,광주광역시 동구 남동,경상사고,0,0,4,0,차대차 - 측면충돌,안전운전불이행,습기,비,단일로 - 기타,승용,남,27세,상해없음,승용,남,19세,경상
2016042800100076,2016년 4월 28일 04시,목요일,광주광역시 광산구 신창동,사망사고,1,0,0,0,차대차 - 추돌,안전운전불이행,습기,비,단일로 - 기타,승용,남,75세,사망,화물,남,30세,상해없음
2016042800100153,2016년 4월 28일 08시,목요일,광주광역시 서구 매월동,중상사고,0,1,1,0,차대차 - 추돌,안전운전불이행,건조,맑음,단일로 - 기타,승용,남,34세,기타불명,승용,여,44세,중상
2016042800100154,2016년 4월 28일 08시,목요일,광주광역시 북구 오치동,중상사고,0,1,0,0,차대사람 - 횡단중,안전운전불이행,습기,비,단일로 - 기타,승용,남,50세,상해없음,보행자,여,55세,중상
2016042800100185,2016년 4월 28일 09시,목요일,광주광역시 광산구 오선동,경상사고,0,0,2,0,차대차 - 측면직각충돌,신호위반,건조,맑음,교차로 - 교차로안,화물,여,44세,경상,승합,남,54세,경상
2016042800100218,2016년 4월 28일 10시,목요일,광주광역시 서구 매월동,경상사고,0,0,1,0,차대차 - 측면직각충돌,안전운전불이행,건조,맑음,교차로 - 교차로안,승용,여,64세,상해없음,화물,남,53세,경상
2016042800100278,2016년 4월 28일 12시,목요일,광주광역시 서구 쌍촌동,경상사고,0,0,1,0,차대차 - 기타,안전운전불이행,건조,맑음,단일로 - 기타,이륜,남,21세,상해없음,승용,여,50세,경상
2016042800100346,2016년 4월 28일 14시,목요일,광주광역시 서구 쌍촌동,경상사고,0,0,1,0,차대차 - 측면충돌,안전운전불이행,건조,맑음,단일로 - 기타,승용,남,49세,상해없음,이륜,남,51세,경상
2016042800100374,2016년 4월 28일 15시,목요일,광주광역시 동구 학동,경상사고,0,0,2,0,차대차 - 측면충돌,교차로운행방법위반,건조,맑음,교차로 - 교차로안,화물,남,59세,상해없음,승용,남,63세,경상
2016042800100406,2016년 4월 28일 16시,목요일,광주광역시 서구 양동,경상사고,0,0,3,1,차대차 - 기타,안전거리미확보,건조,맑음,단일로 - 기타,이륜,남,63세,부상신고,승용,남,66세,경상
2016042800100407,2016년 4월 28일 16시,목요일,광주광역시 광산구 산정동,경상사고,0,0,1,0,차대사람 - 길가장자리구역통행중,안전운전불이행,건조,맑음,단일로 - 기타,화물,남,35세,상해없음,보행자,여,71세,경상
2016042800100408,2016년 4월 28일 16시,목요일,광주광역시 광산구 소촌동,경상사고,0,0,2,1,차대차 - 측면충돌,안전거리미확보,건조,맑음,단일로 - 기타,승용,여,40세,상해없음,승용,여,32세,경상
2016042800100458,2016년 4월 28일 17시,목요일,광주광역시 서구 금호동,중상사고,0,1,0,0,차대차 - 기타,안전거리미확보,건조,맑음,단일로 - 기타,승용,남,60세,상해없음,원동기,남,49세,중상
2016042800100459,2016년 4월 28일 17시,목요일,광주광역시 북구 용봉동,경상사고,0,0,1,0,차대차 - 추돌,기타,건조,맑음,단일로 - 기타,승용,남,58세,상해없음,이륜,여,49세,경상
2016042800100501,2016년 4월 28일 18시,목요일,광주광역시 서구 치평동,중상사고,0,1,1,0,차대차 - 측면직각충돌,신호위반,건조,맑음,교차로 - 교차로안,승용,남,45세,중상,승용,남,27세,경상