사고번호,사고일시,요일,시군구,사고내용,사망자수,중상자수,경상자수,부상신고자수,사고유형,법규위반,노면상태,기상상태,도로형태,가해운전자 차종,가해운전자 성별,가해운전자 연령,가해운전자 상해정도,피해운전자 차종,피해운전자 성별,피해운전자 연령,피해운전자 상해정도
2016051000100462,2016년 5월 10일 18시,화요일,광주광역시 북구 양산동,경상사고,0,0,1,0,차대차 - 측면직각충돌,안전운전불이행,습기,비,교차로 - 교차로부근,승용,기타불명,29세,기타불명,승용,여,30세,경상
2016051000100504,2016년 5월 10일 19시,화요일,광주광역시 남구 백운동,경상사고,0,0,5,0,차대차 - 추돌,안전운전불이행,건조,맑음,단일로 - 기타,승용,남,38세,상해없음,승용,남,35세,경상
2016051000100585,2016년 5월 10일 21시,화요일,광주광역시 남구 주월동,중상사고,0,1,0,0,차대사람 - 횡단중,안전운전불이행,습기,비,교차로 - 교차로안,승용,여,34세,상해없음,보행자,남,57세,중상
2016051000100586,2016년 5월 10일 21시,화요일,광주광역시 북구 운암동,경상사고,0,0,1,0,차대차 - 측면직각충돌,안전운전불이행,습기,비,단일로 - 기타,이륜,남,20세,경상,승용,남,50세,상해없음
2016051000100587,2016년 5월 10일 21시,화요일,광주광역시 북구 용봉동,경상사고,0,0,2,0,차대차 - 정면충돌,안전운전불이행,건조,맑음,단일로 - 기타,승용,남,37세,상해없음,승용,남,45세,경상
2016051000100588,2016년 5월 10일 21시,화요일,광주광역시 북구 동림동,경상사고,0,0,3,0,차대차 - 측면직각충돌,안전거리미확보,습기,비,단일로 - 기타,승용,여,61세,상해없음,승용,여,49세,경상
2016051000100618,2016년 5월 10일 22시,화요일,광주광역시 서구 쌍촌동,경상사고,0,0,2,0,차대차 - 추돌,안전운전불이행,습기,비,교차로 - 교차로부근,승용,남,33세,상해없음,승용,남,39세,경상
2016051000100619,2016년 5월 10일 22시,화요일,광주광역시 북구 용봉동,경상사고,0,0,2,0,차대차 - 측면직각충돌,직진우회전진행방해,습기,비,교차로 - 교차로안,승용,여,48세,상해없음,승용,남,28세,경상
2016051000100642,2016년 5월 10일 23시,화요일,광주광역시 북구 양산동,경상사고,0,0,1,0,차대차 - 추돌,안전운전불이행,건조,맑음,교차로 - 교차로안,화물,남,59세,상해없음,승용,남,62세,경상
2016051000100643,2016년 5월 10일 23시,화요일,광주광역시 광산구 월곡동,경상사고,0,0,1,0,차대차 - 추돌,안전운전불이행,건조,맑음,교차로 - 교차로부근,승용,여,32세,상해없음,승용,남,22세,경상
2016051000100644,2016년 5월 10일 23시,화요일,광주광역시 광산구 월계동,경상사고,0,0,2,0,차량단독 - 공작물충돌,안전운전불이행,건조,맑음,교차로 - 교차로안,승용,남,60세,상해없음,,,,
2016051100100009,2016년 5월 11일 00시,수요일,광주광역시 광산구 산정동,경상사고,0,0,1,0,차대차 - 측면충돌,안전거리미확보,건조,맑음,단일로 - 기타,승합,여,41세,상해없음,승용,남,44세,경상
2016051100100067,2016년 5월 11일 06시,수요일,광주광역시 서구 쌍촌동,경상사고,0,0,1,0,차대차 - 정면충돌,중앙선침범,건조,맑음,교차로 - 교차로안,승용,남,26세,상해없음,승용,여,57세,경상
2016051100100068,2016년 5월 11일 06시,수요일,광주광역시 북구 대촌동,경상사고,0,0,1,0,차대차 - 정면충돌,신호위반,건조,맑음,교차로 - 교차로안,화물,여,64세,상해없음,승용,남,33세,경상
2016051100100094,2016년 5월 11일 07시,수요일,광주광역시 서구 화정동,경상사고,0,0,1,0,차대차 - 측면직각충돌,안전거리미확보,건조,맑음,단일로 - 기타,승용,남,57세,상해없음,화물,남,44세,경상
2016051100100095,2016년 5월 11일 07시,수요일,광주광역시 북구 각화동,경상사고,0,0,6,0,차대차 - 정면충돌,신호위반,건조,맑음,교차로 - 교차로안,화물,남,51세,경상,승용,남,55세,경상
2016051100100130,2016년 5월 11일 08시,수요일,광주광역시 동구 학동,경상사고,0,0,1,0,차대사람 - 횡단중,신호위반,건조,맑음,교차로 - 교차로안,승용,남,38세,상해없음,보행자,여,72세,경상
2016051100100131,2016년 5월 11일 08시,수요일,광주광역시 동구 학동,경상사고,0,0,1,0,차대차 - 추돌,안전운전불이행,건조,맑음,단일로 - 기타,승용,남,50세,상해없음,자전거,남,37세,경상
2016051100100132,2016년 5월 11일 08시,수요일,광주광역시 광산구 쌍암동,경상사고,0,0,1,0,차대사람 - 횡단중,안전운전불이행,건조,맑음,단일로 - 기타,승용,남,26세,상해없음,보행자,남,34세,경상
2016051100100171,2016년 5월 11일 09시,수요일,광주광역시 광산구 산월동,중상사고,0,1,0,0,차대차 - 측면직각충돌,신호위반,건조,맑음,교차로 - 교차로안,승용,여,47세,상해없음,자전거,남,68세,중상
2016051100100204,2016년 5월 11일 10시,수요일,광주광역시 북구 일곡동,경상사고,0,0,1,0,차대차 - 측면직각충돌,안전운전불이행,건조,맑음,교차로 - 교차로부근,승용,여,49세,경상,승합,남,51세,기타불명
2016051100100319,2016년 5월 11일 14시,수요일,광주광역시 동구 대인동,사망사고,1,0,0,0,차대차 - 정면충돌,신호위반,건조,맑음,교차로 - 교차로안,승용,여,33세,상해없음,이륜,남,64세,사망
2016051100100320,2016년 5월 11일 14시,수요일,광주광역시 서구 화정동,경상사고,0,0,1,0,차대차 - 측면직각충돌,차로위반,건조,맑음,단일로 - 기타,승용,남,78세,기타불명,승용,여,31세,경상
2016051100100321,2016년 5월 11일 14시,수요일,광주광역시 서구 쌍촌동,경상사고,0,0,2,0,차대차 - 추돌,안전거리미확보,건조,맑음,단일로 - 기타,승용,남,68세,상해없음,승용,남,39세,경상
2016051100100322,2016년 5월 11일 14시,수요일,광주광역시 광산구 소촌동,경상사고,0,0,1,0,차대차 - 측면직각충돌,안전운전불이행,건조,맑음,단일로 - 기타,화물,남,47세,상해없음,이륜,남,33세,경상
2016051100100361,2016년 5월 11일 15시,수요일,광주광역시 남구 주월동,경상사고,0,0,1,0,차대차 - 측면충돌,안전운전불이행,건조,맑음,단일로 - 기타,원동기,남,84세,경상,승합,남,62세,상해없음
2016051100100495,2016년 5월 11일 18시,수요일,광주광역시 북구 북동,경상사고,0,0,1,0,차대차 - 측면충돌,신호위반,건조,맑음,교차로 - 교차로부근,자전거,남,33세,경상,승용,남,27세,상해없음
2016051100100496,2016년 5월 11일 18시,수요일,광주광역시 서구 치평동,경상사고,0,0,1,0,차대사람 - 횡단중,보행자보호의무위반,건조,맑음,단일로 - 횡단보도상,승용,남,38세,상해없음,보행자,남,44세,경상
2016051100100497,2016년 5월 11일 18시,수요일,광주광역시 북구 운암동,경상사고,0,0,1,0,차대차 - 기타,직진우회전진행방해,건조,맑음,교차로 - 교차로부근,자전거,남,12세,경상,승용,남,58세,상해없음
2016051100100498,2016년 5월 11일 18시,수요일,광주광역시 광산구 신창동,경상사고,0,0,2,0,차대차 - 정면충돌,안전운전불이행,건조,맑음,교차로 - 교차로안,승합,남,62세,경상,승용,여,24세,경상
2016051100100528,2016년 5월 11일 19시,수요일,광주광역시 광산구 월계동,경상사고,0,0,1,0,차대사람 - 기타,기타,건조,맑음,단일로 - 기타,승합,남,54세,상해없음,보행자,여,34세,경상
2016051100100567,2016년 5월 11일 20시,수요일,광주광역시 서구 화정동,경상사고,0,0,1,0,차대차 - 측면직각충돌,안전운전불이행,건조,기타,단일로 - 기타,승용,여,41세,기타불명,승용,남,32세,경상
2016051100100568,2016년 5월 11일 20시,수요일,광주광역시 북구 운암동,중상사고,0,1,0,0,차량단독 - 기타,안전운전불이행,건조,맑음,미분류 - 미분류,승합,남,57세,상해없음,,,,
2016051100100633,2016년 5월 11일 22시,수요일,광주광역시 북구 용봉동,경상사고,0,0,1,0,차대차 - 정면충돌,차로위반,건조,맑음,교차로 - 교차로부근,승용,남,24세,상해없음,이륜,남,38세,경상
2016051100100662,2016년 5월 11일 23시,수요일,광주광역시 남구 방림동,경상사고,0,0,1,0,차대차 - 측면직각충돌,안전운전불이행,건조,맑음,단일로 - 기타,기타불명,기타불명,기타불명,기타불명,승용,여,66세,경상
2016051200100034,2016년 5월 12일 01시,목요일,광주광역시 서구 금호동,경상사고,0,0,2,0,차대차 - 추돌,안전운전불이행,건조,맑음,교차로 - 교차로부근,승용,남,25세,상해없음,승용,남,62세,경상
2016051200100035,2016년 5월 12일 01시,목요일,광주광역시 남구 방림동,경상사고,0,0,3,0,차대차 - 측면직각충돌,교차로운행방법위반,건조,맑음,교차로 - 교차로안,승용,남,62세,경상,승용,남,32세,경상
2016051200100058,2016년 5월 12일 03시,목요일,광주광역시 북구 신안동,부상신고사고,0,0,0,1,차량단독 - 전도전복,안전운전불이행,건조,맑음,교차로 - 교차로부근,원동기,남,33세,부상신고,,,,
2016051200100119,2016년 5월 12일 07시,목요일,광주광역시 북구 신용동,경상사고,0,0,1,0,차대차 - 측면충돌,안전운전불이행,건조,맑음,단일로 - 기타,승용,남,53세,상해없음,승용,남,30세,경상
2016051200100156,2016년 5월 12일 08시,목요일,광주광역시 서구 벽진동,경상사고,0,0,3,0,차대차 - 추돌,안전운전불이행,건조,맑음,단일로 - 기타,승용,남,49세,상해없음,승용,남,24세,경상
2016051200100189,2016년 5월 12일 09시,목요일,광주광역시 서구 치평동,경상사고,0,0,4,0,차대차 - 측면직각충돌,차로위반,건조,맑음,단일로 - 기타,승용,남,44세,상해없음,승용,남,40세,경상
2016051200100266,2016년 5월 12일 11시,목요일,광주광역시 북구 문흥동,경상사고,0,0,1,0,차대차 - 측면직각충돌,교차로운행방법위반,건조,맑음,교차로 - 교차로안,승용,남,58세,상해없음,기타불명,기타불명,기타불명,기타불명
2016051200100267,2016년 5월 12일 11시,목요일,광주광역시 광산구 선암동,경상사고,0,0,4,0,차대차 - 측면직각충돌,안전거리미확보,건조,맑음,단일로 - 기타,화물,남,53세,경상,화물,남,71세,경상
2016051200100292,2016년 5월 12일 12시,목요일,광주광역시 광산구 우산동,중상사고,0,1,1,0,차대차 - 측면직각충돌,안전운전불이행,건조,맑음,단일로 - 기타,특수,남,45세,상해없음,승용,여,37세,경상
2016051200100317,2016년 5월 12일 13시,목요일,광주광역시 광산구 운남동,경상사고,0,0,1,1,차대사람 - 보도통행중,안전운전불이행,건조,맑음,단일로 - 기타,자전거,여,42세,부상신고,보행자,남,60세,경상
2016051200100348,2016년 5월 12일 14시,목요일,광주광역시 북구 우산동,경상사고,0,0,1,0,차대사람 - 기타,기타,건조,맑음,단일로 - 기타,기타불명,기타불명,50세,기타불명,보행자,여,58세,경상
2016051200100442,2016년 5월 12일 16시,목요일,광주광역시 광산구 장덕동,경상사고,0,0,4,0,차대차 - 정면충돌,교차로운행방법위반,건조,맑음,교차로 - 교차로안,승용,여,30세,경상,승용,남,23세,상해없음
2016051200100489,2016년 5월 12일 17시,목요일,광주광역시 북구 용봉동,중상사고,0,1,0,0,차대차 - 측면충돌,안전운전불이행,건조,맑음,교차로 - 교차로부근,승용,기타불명,29세,기타불명,이륜,남,41세,중상
2016051200100490,2016년 5월 12일 17시,목요일,광주광역시 광산구 월계동,경상사고,0,0,1,0,차량단독 - 기타,기타,건조,맑음,단일로 - 기타,승합,남,56세,상해없음,,,,
2016051200100533,2016년 5월 12일 18시,목요일,광주광역시 남구 월산동,경상사고,0,0,1,0,차대차 - 측면충돌,불법유턴,건조,맑음,단일로 - 기타,화물,여,60세,상해없음,승용,남,31세,경상
2016051200100534,2016년 5월 12일 18시,목요일,광주광역시 광산구 신촌동,중상사고,0,1,0,0,차대차 - 측면충돌,안전운전불이행,건조,맑음,단일로 - 기타,승용,남,53세,상해없음,자전거,여,48세,중상
2016051200100623,2016년 5월 12일 21시,목요일,광주광역시 서구 쌍촌동,경상사고,0,0,1,0,차대사람 - 횡단중,보행자보호의무위반,건조,맑음,교차로 - 교차로부근,승용,남,21세,상해없음,보행자,여,44세,경상
2016051200100624,2016년 5월 12일 21시,목요일,광주광역시 남구 주월동,경상사고,0,0,1,0,차대차 - 측면충돌,교차로운행방법위반,건조,맑음,교차로 - 교차로안,승용,여,53세,상해없음,이륜,남,33세,경상
2016051200100625,2016년 5월 12일 21시,목요일,광주광역시 북구 문흥동,경상사고,0,0,1,0,차대차 - 추돌,안전운전불이행,건조,맑음,교차로 - 교차로부근,원동기,남,42세,경상,승용,남,43세,상해없음
2016051200100650,2016년 5월 12일 22시,목요일,광주광역시 북구 문흥동,경상사고,0,0,1,0,차대사람 - 횡단중,안전운전불이행,건조,맑음,단일로 - 기타,승용,남,49세,상해없음,보행자,여,43세,경상
2016051200100651,2016년 5월 12일 22시,목요일,광주광역시 광산구 신가동,중상사고,0,1,0,0,차대사람 - 횡단중,안전운전불이행,건조,맑음,단일로 - 기타,승용,남,21세,상해없음,보행자,남,17세,중상
2016051200100681,2016년 5월 12일 23시,목요일,광주광역시 서구 화정동,경상사고,0,0,1,0,차대차 - 측면직각충돌,신호위반,건조,기타,교차로 - 교차로안,승용,남,65세,상해없음,승용,여,31세,경상
2016051300100076,2016년 5월 13일 05시,금요일,광주광역시 북구 각화동,경상사고,0,0,1,0,차대차 - 측면충돌,중앙선침범,건조,맑음,단일로 - 기타,원동기,남,64세,경상,승합,남,69세,상해없음
2016051300100118,2016년 5월 13일 07시,금요일,광주광역시 남구 주월동,경상사고,0,0,1,0,차대차 - 측면직각충돌,교차로운행방법위반,건조,맑음,교차로 - 교차로안,승용,여,40세,상해없음,자전거,여,49세,경상
2016051300100145,2016년 5월 13일 08시,금요일,광주광역시 서구 덕흥동,경상사고,0,0,1,0,차대차 - 측면직각충돌,차로위반,건조,맑음,단일로 - 기타,승용,남,48세,상해없음,승합,남,69세,상해없음
2016051300100217,2016년 5월 13일 10시,금요일,광주광역시 북구 두암동,경상사고,0,0,2,0,차대차 - 기타,교차로운행방법위반,건조,맑음,교차로 - 교차로안,승용,남,47세,상해없음,승용,여,57세,상해없음
2016051300100243,2016년 5월 13일 11시,금요일,광주광역시 서구 양동,경상사고,0,0,1,0,차대차 - 측면직각충돌,안전운전불이행,건조,맑음,단일로 - 기타,승용,남,49세,기타불명,자전거,남,51세,경상
2016051300100270,2016년 5월 13일 12시,금요일,광주광역시 서구 유촌동,경상사고,0,0,3,0,차대차 - 측면직각충돌,안전거리미확보,건조,맑음,교차로 - 교차로부근,승용,남,60세,상해없음,승용,여,36세,경상
2016051300100339,2016년 5월 13일 14시,금요일,광주광역시 북구 문흥동,경상사고,0,0,1,0,차대사람 - 횡단중,안전운전불이행,건조,맑음,단일로 - 기타,승용,여,33세,상해없음,보행자,여,54세,경상
2016051300100340,2016년 5월 13일 14시,금요일,광주광역시 북구 문흥동,경상사고,0,0,2,0,차대차 - 측면직각충돌,안전운전불이행,건조,맑음,단일로 - 기타,승용,여,51세,경상,화물,남,36세,상해없음
2016051300100390,2016년 5월 13일 15시,금요일,광주광역시 서구 농성동,경상사고,0,0,1,0,차대차 - 측면직각충돌,교차로운행방법위반,건조,맑음,교차로 - 교차로안,승용,남,57세,상해없음,승용,남,45세,경상
2016051300100391,2016년 5월 13일 15시,금요일,광주광역시 북구 용봉동,경상사고,0,0,1,0,차대사람 - 횡단중,보행자보호의무위반,건조,맑음,단일로 - 횡단보도상,승용,남,36세,상해없음,보행자,남,8세,경상
2016051300100426,2016년 5월 13일 16시,금요일,광주광역시 북구 우산동,경상사고,0,0,1,0,차대차 - 기타,안전운전불이행,건조,맑음,단일로 - 기타,자전거,남,62세,경상,승용,남,65세,상해없음
2016051300100427,2016년 5월 13일 16시,금요일,광주광역시 북구 운암동,경상사고,0,0,1,0,차대사람 - 횡단중,보행자보호의무위반,건조,맑음,교차로 - 교차로안,승용,남,62세,상해없음,보행자,남,14세,경상
2016051300100473,2016년 5월 13일 17시,금요일,광주광역시 서구 쌍촌동,경상사고,0,0,1,0,차대사람 - 횡단중,안전운전불이행,건조,맑음,단일로 - 기타,승용,여,70세,상해없음,보행자,남,12세,경상
2016051300100518,2016년 5월 13일 18시,금요일,광주광역시 서구 광천동,경상사고,0,0,2,0,차대차 - 측면직각충돌,교차로운행방법위반,건조,맑음,교차로 - 교차로안,화물,남,69세,상해없음,승용,여,43세,경상
2016051300100557,2016년 5월 13일 19시,금요일,광주광역시 북구 두암동,경상사고,0,0,2,0,차대차 - 정면충돌,안전운전불이행,건조,맑음,교차로 - 교차로안,승용,남,62세,기타불명,승용,남,46세,경상
2016051300100592,2016년 5월 13일 20시,금요일,광주광역시 남구 봉선동,중상사고,0,1,0,0,차대차 - 기타,교차로운행방법위반,건조,흐림,교차로 - 교차로안,승용,여,30세,상해없음,자전거,남,14세,중상
2016051300100593,2016년 5월 13일 20시,금요일,광주광역시 광산구 월계동,경상사고,0,0,1,0,차대차 - 기타,교차로운행방법위반,건조,맑음,교차로 - 교차로안,승용,남,47세,상해없음,이륜,남,20세,경상
2016051300100617,2016년 5월 13일 21시,금요일,광주광역시 북구 동림동,부상신고사고,0,0,0,2,차대차 - 기타,차로위반,건조,맑음,단일로 - 기타,기타불명,기타불명,40세,기타불명,승용,여,28세,부상신고
2016051300100624,2016년 5월 13일 21시,금요일,광주광역시 남구 진월동,중상사고,0,1,0,0,차대사람 - 횡단중,보행자보호의무위반,건조,맑음,단일로 - 횡단보도상,승용,남,56세,상해없음,보행자,여,14세,중상
2016051300100625,2016년 5월 13일 21시,금요일,광주광역시 북구 운암동,경상사고,0,0,1,1,차대차 - 측면직각충돌,차로위반,건조,맑음,단일로 - 기타,승용,남,47세,상해없음,승용,남,44세,경상
2016051300100626,2016년 5월 13일 21시,금요일,광주광역시 광산구 산정동,경상사고,0,0,1,0,차대차 - 측면직각충돌,신호위반,건조,맑음,교차로 - 교차로안,승용,여,40세,상해없음,승용,여,61세,경상
2016051300100659,2016년 5월 13일 22시,금요일,광주광역시 서구 치평동,경상사고,0,0,1,0,차대차 - 측면직각충돌,교차로운행방법위반,건조,맑음,교차로 - 교차로안,승용,여,24세,기타불명,이륜,남,30세,경상
2016051300100660,2016년 5월 13일 22시,금요일,광주광역시 북구 중흥동,경상사고,0,0,1,0,차대차 - 측면직각충돌,안전거리미확보,건조,맑음,단일로 - 기타,승용,남,53세,상해없음,이륜,남,20세,경상
2016051300100685,2016년 5월 13일 23시,금요일,광주광역시 북구 중흥동,경상사고,0,0,1,0,차대사람 - 횡단중,안전운전불이행,건조,맑음,단일로 - 기타,승용,남,22세,상해없음,보행자,여,76세,경상
2016051400100024,2016년 5월 14일 00시,토요일,광주광역시 광산구 월전동,부상신고사고,0,0,0,1,차대차 - 측면충돌,안전거리미확보,건조,맑음,단일로 - 기타,승용,여,40세,상해없음,승용,여,29세,부상신고
2016051400100044,2016년 5월 14일 01시,토요일,광주광역시 서구 화정동,경상사고,0,0,1,0,차대사람 - 횡단중,안전운전불이행,건조,흐림,단일로 - 기타,승용,남,51세,상해없음,보행자,남,38세,경상
2016051400100045,2016년 5월 14일 01시,토요일,광주광역시 서구 쌍촌동,부상신고사고,0,0,0,1,차대차 - 측면직각충돌,차로위반,건조,맑음,단일로 - 기타,승용,남,52세,상해없음,승용,남,58세,상해없음
2016051400100072,2016년 5월 14일 03시,토요일,광주광역시 서구 치평동,경상사고,0,0,1,0,차대사람 - 기타,안전운전불이행,건조,맑음,단일로 - 기타,승용,여,30세,상해없음,보행자,남,31세,경상
2016051400100084,2016년 5월 14일 04시,토요일,광주광역시 남구 월산동,경상사고,0,0,1,0,차대차 - 측면직각충돌,교차로운행방법위반,건조,맑음,교차로 - 교차로안,승용,여,55세,경상,승용,남,40세,상해없음
2016051400100085,2016년 5월 14일 04시,토요일,광주광역시 북구 오치동,중상사고,0,1,3,0,차대차 - 측면직각충돌,안전운전불이행,건조,맑음,교차로 - 교차로안,승용,남,55세,상해없음,승용,남,63세,중상
2016051400100094,2016년 5월 14일 05시,토요일,광주광역시 동구 대인동,경상사고,0,0,4,0,차대차 - 측면직각충돌,신호위반,건조,맑음,교차로 - 교차로안,승용,남,38세,경상,승용,남,54세,경상
2016051400100095,2016년 5월 14일 05시,토요일,광주광역시 광산구 산정동,경상사고,0,0,2,0,차대차 - 측면충돌,신호위반,건조,맑음,교차로 - 교차로안,승용,여,20세,상해없음,승용,남,50세,경상
2016051400100231,2016년 5월 14일 10시,토요일,광주광역시 북구 두암동,경상사고,0,0,2,0,차대차 - 정면충돌,안전운전불이행,건조,맑음,교차로 - 교차로안,승용,남,67세,상해없음,화물,남,55세,경상
2016051400100267,2016년 5월 14일 11시,토요일,광주광역시 북구 두암동,경상사고,0,0,1,0,차대차 - 기타,안전운전불이행,건조,맑음,교차로 - 교차로부근,승용,남,29세,상해없음,이륜,남,79세,경상
2016051400100387,2016년 5월 14일 14시,토요일,광주광역시 서구 금호동,중상사고,0,1,0,0,차대사람 - 보도통행중,보행자보호의무위반,건조,맑음,교차로 - 교차로부근,승용,여,41세,상해없음,보행자,여,53세,중상
2016051400100427,2016년 5월 14일 15시,토요일,광주광역시 서구 치평동,경상사고,0,0,1,0,차대차 - 측면충돌,교차로운행방법위반,건조,맑음,교차로 - 교차로부근,승용,남,37세,상해없음,자전거,남,19세,경상
2016051400100428,2016년 5월 14일 15시,토요일,광주광역시 광산구 신촌동,경상사고,0,0,4,0,차대차 - 측면충돌,신호위반,건조,맑음,교차로 - 교차로안,승용,남,44세,상해없음,승용,남,33세,경상
2016051400100459,2016년 5월 14일 16시,토요일,광주광역시 서구 치평동,경상사고,0,0,1,0,차대차 - 추돌,안전운전불이행,건조,맑음,교차로 - 교차로부근,기타불명,남,37세,기타불명,승용,남,43세,경상
2016051400100592,2016년 5월 14일 20시,토요일,광주광역시 동구 궁동,경상사고,0,0,2,0,차대차 - 측면직각충돌,신호위반,건조,맑음,교차로 - 교차로안,승용,남,56세,상해없음,승용,남,64세,상해없음
2016051400100593,2016년 5월 14일 20시,토요일,광주광역시 북구 운암동,경상사고,0,0,1,0,차대사람 - 횡단중,안전운전불이행,건조,맑음,교차로 - 교차로안,승용,남,56세,상해없음,보행자,남,49세,경상
2016051500100017,2016년 5월 15일 00시,일요일,광주광역시 북구 오치동,중상사고,0,1,0,0,차대차 - 기타,신호위반,건조,맑음,단일로 - 기타,승용,남,58세,상해없음,자전거,남,23세,중상
2016051500100042,2016년 5월 15일 02시,일요일,광주광역시 서구 풍암동,중상사고,0,1,0,0,차대사람 - 횡단중,안전운전불이행,건조,맑음,단일로 - 기타,승용,남,67세,상해없음,보행자,남,40세,중상
2016051500100107,2016년 5월 15일 09시,일요일,광주광역시 북구 양산동,경상사고,0,0,1,0,차대차 - 추돌,안전운전불이행,건조,맑음,단일로 - 기타,승용,남,60세,기타불명,승용,여,26세,경상
2016051500100134,2016년 5월 15일 10시,일요일,광주광역시 서구 내방동,경상사고,0,0,1,0,차대사람 - 횡단중,안전운전불이행,건조,맑음,단일로 - 기타,승용,남,30세,상해없음,보행자,남,17세,경상
2016051500100155,2016년 5월 15일 11시,일요일,광주광역시 서구 쌍촌동,경상사고,0,0,2,0,차대차 - 측면직각충돌,안전거리미확보,건조,맑음,단일로 - 기타,승용,여,52세,상해없음,승용,남,52세,경상
2016051500100175,2016년 5월 15일 12시,일요일,광주광역시 남구 진월동,경상사고,0,0,1,0,차대차 - 측면충돌,교차로운행방법위반,건조,흐림,교차로 - 교차로부근,승용,남,61세,상해없음,이륜,남,31세,경상
2016051500100345,2016년 5월 15일 17시,일요일,광주광역시 북구 일곡동,경상사고,0,0,1,0,차대사람 - 횡단중,안전운전불이행,건조,맑음,교차로 - 교차로안,승용,남,74세,상해없음,보행자,여,21세,경상
2016051500100384,2016년 5월 15일 18시,일요일,광주광역시 남구 백운동,경상사고,0,0,1,0,차대차 - 추돌,안전운전불이행,건조,맑음,단일로 - 기타,승용,남,31세,상해없음,승용,여,58세,경상
2016051500100416,2016년 5월 15일 19시,일요일,광주광역시 서구 화정동,경상사고,0,0,1,0,차대차 - 측면직각충돌,안전거리미확보,건조,맑음,단일로 - 기타,승용,남,45세,상해없음,이륜,남,21세,경상
2016051500100456,2016년 5월 15일 20시,일요일,광주광역시 서구 광천동,중상사고,0,1,0,0,차대사람 - 보도통행중,보행자보호의무위반,습기,비,단일로 - 횡단보도상,승용,남,47세,상해없음,보행자,남,17세,중상
2016051500100457,2016년 5월 15일 20시,일요일,광주광역시 광산구 신가동,경상사고,0,0,1,0,차대차 - 측면충돌,안전운전불이행,습기,비,교차로 - 교차로부근,화물,남,55세,상해없음,승용,남,23세,상해없음
2016051500100498,2016년 5월 15일 21시,일요일,광주광역시 광산구 장덕동,경상사고,0,0,1,0,차대차 - 측면직각충돌,교차로운행방법위반,습기,비,교차로 - 교차로안,승용,여,52세,상해없음,승용,남,57세,경상
2016051500100537,2016년 5월 15일 22시,일요일,광주광역시 북구 문흥동,부상신고사고,0,0,0,1,차대사람 - 횡단중,안전운전불이행,습기,비,단일로 - 기타,이륜,남,23세,상해없음,보행자,남,18세,부상신고
2016051500100538,2016년 5월 15일 22시,일요일,광주광역시 광산구 신창동,경상사고,0,0,3,0,차대차 - 추돌,안전거리미확보,건조,맑음,단일로 - 기타,승용,남,47세,상해없음,승합,남,52세,경상
2016051500100566,2016년 5월 15일 23시,일요일,광주광역시 남구 송하동,경상사고,0,0,1,0,차대차 - 추돌,안전운전불이행,건조,맑음,단일로 - 기타,화물,남,41세,상해없음,원동기,남,42세,경상
2016051600100016,2016년 5월 16일 00시,월요일,광주광역시 남구 백운동,경상사고,0,0,1,0,차대차 - 추돌,안전거리미확보,건조,맑음,단일로 - 기타,승용,남,65세,상해없음,승용,남,47세,경상
2016051600100023,2016년 5월 16일 01시,월요일,광주광역시 동구 지산동,중상사고,0,1,0,0,차대차 - 측면직각충돌,신호위반,습기,비,교차로 - 교차로안,승용,남,30세,상해없음,승용,남,55세,중상
2016051600100024,2016년 5월 16일 01시,월요일,광주광역시 서구 광천동,경상사고,0,0,2,0,차대차 - 기타,안전거리미확보,습기,비,단일로 - 기타,승용,남,54세,상해없음,승용,여,53세,경상
2016051600100025,2016년 5월 16일 01시,월요일,광주광역시 북구 신용동,중상사고,0,2,0,0,차량단독 - 공작물충돌,안전운전불이행,습기,비,교차로 - 교차로안,승용,여,38세,중상,,,,
2016051600100044,2016년 5월 16일 03시,월요일,광주광역시 서구 치평동,중상사고,0,1,0,0,차대사람 - 차도통행중,안전운전불이행,습기,비,단일로 - 기타,승용,남,56세,상해없음,보행자,여,59세,중상
2016051600100066,2016년 5월 16일 06시,월요일,광주광역시 북구 신용동,경상사고,0,0,1,0,차대차 - 측면직각충돌,안전거리미확보,습기,비,교차로 - 교차로부근,승용,남,30세,상해없음,승용,여,33세,경상
2016051600100130,2016년 5월 16일 08시,월요일,광주광역시 광산구 산월동,경상사고,0,0,1,0,차대차 - 추돌,안전운전불이행,건조,맑음,단일로 - 기타,자전거,남,12세,경상,승용,여,36세,상해없음
2016051600100168,2016년 5월 16일 09시,월요일,광주광역시 북구 두암동,중상사고,0,1,0,0,차대차 - 측면충돌,교차로운행방법위반,건조,맑음,교차로 - 교차로안,승용,남,40세,상해없음,승용,남,61세,중상
2016051600100209,2016년 5월 16일 10시,월요일,광주광역시 서구 광천동,경상사고,0,0,1,0,차대차 - 추돌,안전운전불이행,건조,맑음,교차로 - 교차로부근,승용,남,54세,상해없음,승용,여,40세,경상
2016051600100210,2016년 5월 16일 10시,월요일,광주광역시 북구 두암동,경상사고,0,0,2,0,차대차 - 측면직각충돌,안전운전불이행,건조,맑음,단일로 - 기타,화물,남,51세,경상,승용,여,52세,기타불명