사고번호,사고일시,요일,시군구,사고내용,사망자수,중상자수,경상자수,부상신고자수,사고유형,법규위반,노면상태,기상상태,도로형태,가해운전자 차종,가해운전자 성별,가해운전자 연령,가해운전자 상해정도,피해운전자 차종,피해운전자 성별,피해운전자 연령,피해운전자 상해정도
2016051600100211,2016년 5월 16일 10시,월요일,광주광역시 북구 용두동,경상사고,0,0,1,0,차대차 - 추돌,안전운전불이행,건조,맑음,단일로 - 기타,승용,남,64세,상해없음,승용,여,34세,경상
2016051600100307,2016년 5월 16일 13시,월요일,광주광역시 서구 풍암동,경상사고,0,0,1,0,차대차 - 기타,안전운전불이행,기타,맑음,교차로 - 교차로안,승용,남,27세,상해없음,이륜,남,19세,경상
2016051600100308,2016년 5월 16일 13시,월요일,광주광역시 남구 백운동,경상사고,0,0,1,0,차대차 - 측면직각충돌,안전운전불이행,건조,맑음,교차로 - 교차로안,승용,여,25세,상해없음,승용,여,33세,기타불명
2016051600100309,2016년 5월 16일 13시,월요일,광주광역시 북구 운암동,경상사고,0,0,1,0,차대차 - 측면충돌,안전운전불이행,건조,맑음,기타 - 기타,이륜,남,36세,경상,승용,남,70세,상해없음
2016051600100310,2016년 5월 16일 13시,월요일,광주광역시 북구 우산동,경상사고,0,0,2,0,차대차 - 측면직각충돌,안전운전불이행,건조,맑음,교차로 - 교차로안,승용,남,65세,상해없음,승용,여,50세,경상
2016051600100311,2016년 5월 16일 13시,월요일,광주광역시 광산구 소촌동,중상사고,0,1,0,0,차대차 - 측면직각충돌,안전운전불이행,건조,맑음,단일로 - 기타,승용,남,61세,상해없음,자전거,남,81세,중상
2016051600100440,2016년 5월 16일 16시,월요일,광주광역시 북구 중흥동,경상사고,0,0,1,0,차대차 - 기타,안전거리미확보,건조,맑음,단일로 - 기타,화물,남,47세,상해없음,원동기,남,65세,경상
2016051600100441,2016년 5월 16일 16시,월요일,광주광역시 북구 일곡동,경상사고,0,0,1,0,차대사람 - 횡단중,보행자보호의무위반,건조,맑음,단일로 - 기타,승용,남,55세,상해없음,보행자,남,6세,경상
2016051600100442,2016년 5월 16일 16시,월요일,광주광역시 광산구 월곡동,중상사고,0,1,0,0,차대사람 - 횡단중,안전운전불이행,건조,맑음,단일로 - 기타,승용,여,38세,상해없음,보행자,여,7세,중상
2016051600100482,2016년 5월 16일 17시,월요일,광주광역시 서구 풍암동,경상사고,0,0,1,0,차대차 - 기타,안전운전불이행,건조,맑음,교차로 - 교차로안,승용,여,51세,상해없음,승합,남,50세,경상
2016051600100483,2016년 5월 16일 17시,월요일,광주광역시 남구 주월동,경상사고,0,0,2,0,차대차 - 측면직각충돌,안전운전불이행,건조,맑음,교차로 - 교차로부근,승용,기타불명,기타불명,기타불명,승용,여,41세,경상
2016051600100484,2016년 5월 16일 17시,월요일,광주광역시 북구 운암동,경상사고,0,0,1,0,차대사람 - 횡단중,안전운전불이행,건조,맑음,단일로 - 기타,승용,남,22세,상해없음,보행자,남,4세,경상
2016051600100537,2016년 5월 16일 18시,월요일,광주광역시 서구 벽진동,경상사고,0,0,1,0,차대차 - 측면충돌,안전운전불이행,건조,맑음,단일로 - 기타,승용,여,55세,상해없음,화물,남,33세,경상
2016051600100649,2016년 5월 16일 21시,월요일,광주광역시 광산구 우산동,경상사고,0,0,1,0,차대차 - 추돌,안전운전불이행,건조,맑음,미분류 - 미분류,화물,남,40세,상해없음,승용,남,26세,경상
2016051600100650,2016년 5월 16일 21시,월요일,광주광역시 광산구 수완동,경상사고,0,0,5,0,차대차 - 측면충돌,안전거리미확보,건조,맑음,단일로 - 기타,승용,남,44세,경상,승용,여,50세,경상
2016051600100668,2016년 5월 16일 22시,월요일,광주광역시 북구 용봉동,중상사고,0,1,0,0,차대차 - 측면충돌,교차로운행방법위반,건조,맑음,교차로 - 교차로안,승용,남,51세,상해없음,이륜,남,22세,중상
2016051600100686,2016년 5월 16일 23시,월요일,광주광역시 북구 운암동,경상사고,0,0,1,0,차대차 - 추돌,안전운전불이행,건조,맑음,교차로 - 교차로부근,승용,남,28세,상해없음,승용,남,34세,경상
2016051700100022,2016년 5월 17일 00시,화요일,광주광역시 북구 용봉동,부상신고사고,0,0,0,2,차대차 - 측면충돌,차로위반,건조,맑음,단일로 - 기타,원동기,여,42세,부상신고,원동기,남,19세,부상신고
2016051700100032,2016년 5월 17일 01시,화요일,광주광역시 남구 월산동,경상사고,0,0,1,0,차대차 - 측면직각충돌,신호위반,건조,맑음,교차로 - 교차로안,승용,남,36세,상해없음,승용,남,61세,경상
2016051700100138,2016년 5월 17일 08시,화요일,광주광역시 서구 치평동,중상사고,0,1,0,0,차대사람 - 횡단중,안전운전불이행,건조,맑음,단일로 - 기타,승용,여,52세,상해없음,보행자,여,4세,중상
2016051700100177,2016년 5월 17일 09시,화요일,광주광역시 서구 매월동,경상사고,0,0,1,0,차대차 - 측면충돌,신호위반,건조,맑음,교차로 - 교차로안,화물,남,62세,상해없음,화물,남,73세,경상
2016051700100178,2016년 5월 17일 09시,화요일,광주광역시 남구 백운동,경상사고,0,0,1,0,차대차 - 기타,신호위반,건조,맑음,교차로 - 교차로안,승용,남,40세,상해없음,이륜,남,73세,경상
2016051700100199,2016년 5월 17일 10시,화요일,광주광역시 북구 연제동,경상사고,0,0,2,0,차대차 - 추돌,안전거리미확보,건조,맑음,단일로 - 기타,승용,남,60세,상해없음,화물,남,42세,경상
2016051700100242,2016년 5월 17일 11시,화요일,광주광역시 서구 풍암동,경상사고,0,0,3,0,차대차 - 정면충돌,중앙선침범,건조,맑음,단일로 - 기타,승용,남,45세,경상,승용,남,56세,경상
2016051700100272,2016년 5월 17일 12시,화요일,광주광역시 북구 용봉동,경상사고,0,0,1,0,차대차 - 측면직각충돌,안전거리미확보,건조,맑음,단일로 - 기타,승용,남,25세,상해없음,승용,여,41세,경상
2016051700100346,2016년 5월 17일 14시,화요일,광주광역시 서구 금호동,중상사고,0,1,0,0,차대사람 - 횡단중,안전운전불이행,건조,맑음,단일로 - 기타,승용,여,41세,상해없음,보행자,여,70세,중상
2016051700100379,2016년 5월 17일 15시,화요일,광주광역시 북구 중흥동,중상사고,0,1,0,0,차대차 - 추돌,차로위반,건조,맑음,단일로 - 기타,승용,남,57세,상해없음,이륜,남,27세,중상
2016051700100380,2016년 5월 17일 15시,화요일,광주광역시 광산구 송정동,중상사고,0,1,0,0,차대차 - 측면충돌,안전운전불이행,건조,맑음,교차로 - 교차로안,화물,남,45세,상해없음,승합,남,59세,중상
2016051700100381,2016년 5월 17일 15시,화요일,광주광역시 광산구 장덕동,경상사고,0,0,1,0,차대사람 - 횡단중,안전운전불이행,건조,맑음,단일로 - 기타,승용,여,30세,상해없음,보행자,여,69세,경상
2016051700100474,2016년 5월 17일 17시,화요일,광주광역시 서구 화정동,경상사고,0,0,3,0,차대차 - 측면직각충돌,교차로운행방법위반,건조,맑음,교차로 - 교차로안,승용,여,65세,경상,승용,여,39세,경상
2016051700100475,2016년 5월 17일 17시,화요일,광주광역시 북구 운암동,부상신고사고,0,0,0,2,차대차 - 측면충돌,안전거리미확보,건조,맑음,단일로 - 기타,승용,남,39세,상해없음,승용,남,39세,상해없음
2016051700100515,2016년 5월 17일 18시,화요일,광주광역시 동구 산수동,경상사고,0,0,1,0,차대사람 - 기타,안전운전불이행,건조,맑음,단일로 - 기타,승합,남,52세,상해없음,보행자,남,52세,경상
2016051700100516,2016년 5월 17일 18시,화요일,광주광역시 남구 이장동,중상사고,0,1,2,0,차대차 - 측면직각충돌,안전거리미확보,건조,맑음,단일로 - 기타,승용,여,56세,경상,승용,남,27세,경상
2016051700100542,2016년 5월 17일 19시,화요일,광주광역시 서구 풍암동,경상사고,0,0,1,0,차대차 - 추돌,안전거리미확보,건조,맑음,교차로 - 교차로부근,승용,여,43세,상해없음,승용,남,44세,경상
2016051700100543,2016년 5월 17일 19시,화요일,광주광역시 북구 용봉동,경상사고,0,0,1,0,차대차 - 측면충돌,신호위반,건조,맑음,교차로 - 교차로안,화물,남,45세,상해없음,승용,남,43세,경상
2016051700100568,2016년 5월 17일 20시,화요일,광주광역시 광산구 서봉동,경상사고,0,0,2,0,차대차 - 측면직각충돌,안전운전불이행,건조,맑음,단일로 - 기타,원동기,남,16세,경상,승용,남,63세,상해없음
2016051700100634,2016년 5월 17일 22시,화요일,광주광역시 서구 마륵동,경상사고,0,0,3,0,차대차 - 추돌,안전운전불이행,건조,맑음,단일로 - 기타,승용,여,47세,상해없음,승용,여,44세,경상
2016051700100635,2016년 5월 17일 22시,화요일,광주광역시 북구 오치동,경상사고,0,0,1,0,차대사람 - 횡단중,안전운전불이행,건조,맑음,단일로 - 기타,승용,남,34세,상해없음,보행자,남,34세,경상
2016051700100652,2016년 5월 17일 23시,화요일,광주광역시 서구 덕흥동,사망사고,1,0,1,0,차대차 - 추돌,안전운전불이행,건조,맑음,단일로 - 기타,화물,남,47세,상해없음,화물,남,65세,사망
2016051700100653,2016년 5월 17일 23시,화요일,광주광역시 서구 치평동,경상사고,0,0,1,0,차대차 - 측면직각충돌,신호위반,건조,맑음,교차로 - 교차로안,승용,여,39세,상해없음,승용,여,47세,경상
2016051700100654,2016년 5월 17일 23시,화요일,광주광역시 북구 동림동,중상사고,0,1,0,0,차대차 - 추돌,안전거리미확보,건조,맑음,단일로 - 기타,승용,여,26세,상해없음,승용,남,38세,중상
2016051800100019,2016년 5월 18일 00시,수요일,광주광역시 서구 쌍촌동,중상사고,0,1,0,0,차대사람 - 횡단중,안전운전불이행,건조,맑음,단일로 - 기타,승용,남,31세,상해없음,보행자,남,59세,중상
2016051800100048,2016년 5월 18일 03시,수요일,광주광역시 광산구 신가동,경상사고,0,0,1,0,차대차 - 추돌,안전운전불이행,건조,맑음,단일로 - 기타,승용,남,24세,경상,승용,남,43세,기타불명
2016051800100106,2016년 5월 18일 07시,수요일,광주광역시 서구 화정동,경상사고,0,0,1,0,차대차 - 정면충돌,교차로운행방법위반,건조,맑음,교차로 - 교차로안,승용,남,58세,기타불명,승용,여,40세,경상
2016051800100153,2016년 5월 18일 08시,수요일,광주광역시 북구 우산동,중상사고,0,2,2,0,차대차 - 측면직각충돌,안전운전불이행,건조,맑음,단일로 - 기타,승용,남,68세,상해없음,승합,남,59세,경상
2016051800100190,2016년 5월 18일 09시,수요일,광주광역시 북구 운암동,경상사고,0,0,2,0,차대차 - 측면직각충돌,교차로운행방법위반,건조,맑음,교차로 - 교차로안,승용,여,50세,경상,승용,여,50세,경상
2016051800100236,2016년 5월 18일 10시,수요일,광주광역시 광산구 우산동,경상사고,0,0,2,0,차대차 - 추돌,안전거리미확보,건조,맑음,단일로 - 기타,승용,남,24세,상해없음,승용,여,45세,경상
2016051800100263,2016년 5월 18일 11시,수요일,광주광역시 서구 광천동,중상사고,0,1,0,0,차대사람 - 기타,안전운전불이행,건조,맑음,단일로 - 기타,화물,남,44세,상해없음,보행자,여,29세,중상
2016051800100264,2016년 5월 18일 11시,수요일,광주광역시 광산구 소촌동,경상사고,0,0,1,0,차량단독 - 기타,기타,건조,맑음,단일로 - 기타,승합,남,64세,상해없음,,,,
2016051800100287,2016년 5월 18일 12시,수요일,광주광역시 서구 농성동,경상사고,0,0,1,0,차대차 - 측면직각충돌,안전운전불이행,건조,맑음,단일로 - 기타,승용,여,54세,상해없음,승용,남,30세,경상
2016051800100326,2016년 5월 18일 13시,수요일,광주광역시 광산구 선암동,경상사고,0,0,1,0,차대차 - 측면직각충돌,안전거리미확보,건조,맑음,단일로 - 기타,승용,여,40세,상해없음,승용,남,36세,경상
2016051800100390,2016년 5월 18일 15시,수요일,광주광역시 북구 용봉동,중상사고,0,1,0,0,차대사람 - 횡단중,안전운전불이행,건조,맑음,단일로 - 기타,승용,남,53세,상해없음,보행자,남,12세,중상
2016051800100391,2016년 5월 18일 15시,수요일,광주광역시 광산구 장덕동,경상사고,0,0,1,0,차대차 - 추돌,안전운전불이행,건조,맑음,단일로 - 기타,승용,남,41세,상해없음,승용,여,32세,경상
2016051800100439,2016년 5월 18일 16시,수요일,광주광역시 서구 유촌동,경상사고,0,0,1,0,차대차 - 측면직각충돌,교차로운행방법위반,건조,맑음,교차로 - 교차로안,승합,남,59세,상해없음,승용,여,43세,경상
2016051800100545,2016년 5월 18일 18시,수요일,광주광역시 서구 내방동,중상사고,0,1,0,0,차대사람 - 횡단중,보행자보호의무위반,건조,맑음,단일로 - 횡단보도상,승용,여,43세,상해없음,보행자,여,70세,중상
2016051800100611,2016년 5월 18일 20시,수요일,광주광역시 서구 치평동,경상사고,0,0,1,0,차대차 - 측면직각충돌,교차로운행방법위반,건조,맑음,교차로 - 교차로안,승용,여,69세,상해없음,승용,여,36세,경상
2016051800100612,2016년 5월 18일 20시,수요일,광주광역시 북구 각화동,경상사고,0,0,1,0,차대차 - 측면직각충돌,안전운전불이행,건조,맑음,단일로 - 횡단보도부근,자전거,남,12세,경상,승용,여,58세,상해없음
2016051800100613,2016년 5월 18일 20시,수요일,광주광역시 광산구 신촌동,경상사고,0,0,1,0,차대차 - 추돌,안전운전불이행,건조,맑음,교차로 - 교차로안,승용,남,51세,상해없음,승용,남,61세,상해없음
2016051800100643,2016년 5월 18일 21시,수요일,광주광역시 광산구 산정동,경상사고,0,0,2,0,차대차 - 기타,안전운전불이행,건조,맑음,단일로 - 기타,승용,남,56세,상해없음,승용,남,29세,경상
2016051800100667,2016년 5월 18일 22시,수요일,광주광역시 동구 동명동,경상사고,0,0,6,0,차대차 - 추돌,안전운전불이행,건조,맑음,단일로 - 기타,화물,남,34세,상해없음,승용,남,47세,경상
2016051800100668,2016년 5월 18일 22시,수요일,광주광역시 광산구 운남동,경상사고,0,0,1,0,차대사람 - 횡단중,보행자보호의무위반,건조,맑음,단일로 - 횡단보도상,승용,남,49세,상해없음,보행자,여,59세,경상
2016051800100669,2016년 5월 18일 22시,수요일,광주광역시 광산구 신가동,경상사고,0,0,1,0,차대차 - 측면직각충돌,차로위반,건조,맑음,단일로 - 기타,승용,남,47세,상해없음,승용,남,40세,경상
2016051900100021,2016년 5월 19일 01시,목요일,광주광역시 북구 용봉동,경상사고,0,0,1,0,차대사람 - 횡단중,보행자보호의무위반,건조,맑음,단일로 - 횡단보도상,승용,여,58세,상해없음,보행자,남,24세,경상
2016051900100022,2016년 5월 19일 01시,목요일,광주광역시 광산구 수완동,경상사고,0,0,2,0,차대사람 - 횡단중,신호위반,건조,맑음,교차로 - 교차로안,승용,남,24세,상해없음,보행자,여,20세,경상
2016051900100152,2016년 5월 19일 08시,목요일,광주광역시 광산구 운남동,중상사고,0,1,0,0,차대사람 - 횡단중,안전운전불이행,건조,맑음,단일로 - 기타,승용,여,44세,상해없음,보행자,남,7세,중상
2016051900100262,2016년 5월 19일 12시,목요일,광주광역시 북구 중흥동,부상신고사고,0,0,0,1,차량단독 - 기타,안전운전불이행,건조,맑음,단일로 - 기타,승용,남,57세,상해없음,,,,
2016051900100294,2016년 5월 19일 13시,목요일,광주광역시 북구 각화동,부상신고사고,0,0,0,1,차대사람 - 기타,안전운전불이행,건조,맑음,기타 - 기타,화물,남,49세,기타불명,보행자,남,54세,부상신고
2016051900100381,2016년 5월 19일 15시,목요일,광주광역시 광산구 사호동,중상사고,0,1,0,0,차량단독 - 공작물충돌,안전운전불이행,건조,맑음,단일로 - 기타,승용,여,62세,중상,,,,
2016051900100417,2016년 5월 19일 16시,목요일,광주광역시 서구 금호동,경상사고,0,0,1,0,차대차 - 측면직각충돌,차로위반,건조,맑음,단일로 - 기타,승용,남,74세,상해없음,승용,남,54세,경상
2016051900100418,2016년 5월 19일 16시,목요일,광주광역시 북구 운암동,경상사고,0,0,1,0,차대차 - 추돌,안전운전불이행,건조,맑음,교차로 - 교차로안,승용,남,49세,상해없음,승용,남,69세,경상
2016051900100501,2016년 5월 19일 18시,목요일,광주광역시 광산구 쌍암동,경상사고,0,0,1,0,차대차 - 측면직각충돌,안전운전불이행,건조,맑음,교차로 - 교차로안,기타불명,기타불명,기타불명,기타불명,승용,여,47세,경상
2016051900100527,2016년 5월 19일 19시,목요일,광주광역시 북구 장등동,경상사고,0,0,2,0,차대차 - 추돌,안전운전불이행,건조,맑음,단일로 - 기타,승용,남,57세,상해없음,승용,남,45세,상해없음
2016051900100528,2016년 5월 19일 19시,목요일,광주광역시 북구 동림동,경상사고,0,0,1,0,차대차 - 정면충돌,안전운전불이행,건조,맑음,단일로 - 기타,승용,남,45세,상해없음,화물,남,42세,경상
2016051900100570,2016년 5월 19일 20시,목요일,광주광역시 서구 화정동,경상사고,0,0,1,0,차대차 - 측면직각충돌,안전운전불이행,건조,맑음,교차로 - 교차로안,승용,남,41세,상해없음,원동기,남,23세,경상
2016051900100597,2016년 5월 19일 21시,목요일,광주광역시 광산구 운남동,경상사고,0,0,1,0,차대차 - 측면직각충돌,불법유턴,건조,맑음,교차로 - 교차로안,승용,남,48세,상해없음,승용,여,49세,경상
2016051900100655,2016년 5월 19일 23시,목요일,광주광역시 광산구 비아동,경상사고,0,0,1,0,차대차 - 측면직각충돌,안전운전불이행,건조,맑음,교차로 - 교차로안,승용,남,40세,상해없음,승용,남,59세,경상
2016051900100656,2016년 5월 19일 23시,목요일,광주광역시 광산구 송정동,경상사고,0,0,2,0,차대차 - 측면직각충돌,안전운전불이행,건조,맑음,교차로 - 교차로부근,이륜,남,17세,경상,승용,남,26세,경상
2016052000100042,2016년 5월 20일 03시,금요일,광주광역시 남구 주월동,중상사고,0,1,0,0,차량단독 - 전도전복,안전운전불이행,건조,맑음,단일로 - 기타,원동기,남,25세,상해없음,,,,
2016052000100064,2016년 5월 20일 05시,금요일,광주광역시 서구 화정동,경상사고,0,0,1,0,차대차 - 정면충돌,안전운전불이행,건조,맑음,교차로 - 교차로부근,승용,남,45세,상해없음,승용,남,56세,경상
2016052000100077,2016년 5월 20일 06시,금요일,광주광역시 광산구 하남동,중상사고,0,1,0,0,차대차 - 측면직각충돌,신호위반,건조,맑음,교차로 - 교차로안,승용,남,46세,상해없음,화물,남,36세,중상
2016052000100106,2016년 5월 20일 07시,금요일,광주광역시 북구 운암동,경상사고,0,0,1,0,차대차 - 측면직각충돌,안전운전불이행,건조,맑음,단일로 - 기타,자전거,남,15세,경상,승용,남,47세,상해없음
2016052000100189,2016년 5월 20일 09시,금요일,광주광역시 서구 쌍촌동,경상사고,0,0,1,0,차대사람 - 길가장자리구역통행중,안전운전불이행,건조,맑음,단일로 - 기타,기타불명,기타불명,기타불명,기타불명,보행자,여,20세,경상
2016052000100218,2016년 5월 20일 10시,금요일,광주광역시 남구 양림동,경상사고,0,0,1,0,차대차 - 측면직각충돌,교차로운행방법위반,건조,맑음,교차로 - 교차로안,승용,남,64세,상해없음,승용,여,39세,경상
2016052000100248,2016년 5월 20일 11시,금요일,광주광역시 서구 내방동,경상사고,0,0,1,0,차대차 - 정면충돌,교차로운행방법위반,건조,맑음,교차로 - 교차로안,승용,여,61세,경상,화물,남,34세,상해없음
2016052000100279,2016년 5월 20일 12시,금요일,광주광역시 서구 매월동,경상사고,0,0,1,0,차대차 - 기타,안전운전불이행,기타,기타,단일로 - 기타,승용,남,58세,상해없음,승용,남,40세,경상
2016052000100280,2016년 5월 20일 12시,금요일,광주광역시 북구 신안동,경상사고,0,0,1,0,차대사람 - 횡단중,안전운전불이행,건조,맑음,교차로 - 교차로부근,승용,남,49세,상해없음,보행자,여,66세,경상
2016052000100309,2016년 5월 20일 13시,금요일,광주광역시 서구 치평동,중상사고,0,1,2,0,차대차 - 측면직각충돌,교차로운행방법위반,건조,맑음,교차로 - 교차로안,승용,남,47세,상해없음,승용,남,55세,경상
2016052000100347,2016년 5월 20일 14시,금요일,광주광역시 남구 방림동,경상사고,0,0,3,0,차대차 - 측면충돌,교차로운행방법위반,건조,맑음,교차로 - 교차로안,승용,남,57세,상해없음,승용,남,23세,경상
2016052000100384,2016년 5월 20일 15시,금요일,광주광역시 광산구 우산동,사망사고,1,0,3,0,차대차 - 측면충돌,안전운전불이행,건조,맑음,미분류 - 미분류,화물,남,48세,사망,승용,남,41세,상해없음
2016052000100470,2016년 5월 20일 17시,금요일,광주광역시 광산구 월계동,사망사고,1,0,0,0,차대사람 - 횡단중,과속,건조,맑음,단일로 - 기타,승용,남,26세,상해없음,보행자,여,54세,사망
2016052000100471,2016년 5월 20일 17시,금요일,광주광역시 광산구 도덕동,경상사고,0,0,1,0,차대차 - 추돌,안전운전불이행,건조,맑음,단일로 - 기타,자전거,남,35세,경상,이륜,남,71세,상해없음
2016052000100528,2016년 5월 20일 18시,금요일,광주광역시 광산구 월전동,중상사고,0,1,0,0,차대차 - 정면충돌,신호위반,건조,맑음,교차로 - 교차로안,승용,남,35세,상해없음,승용,여,53세,중상
2016052000100562,2016년 5월 20일 19시,금요일,광주광역시 북구 신용동,부상신고사고,0,0,0,1,차대차 - 측면충돌,안전운전불이행,건조,맑음,교차로 - 교차로안,자전거,남,23세,부상신고,승용,여,26세,상해없음
2016052000100602,2016년 5월 20일 20시,금요일,광주광역시 광산구 하남동,중상사고,0,1,0,0,차대사람 - 횡단중,안전운전불이행,건조,맑음,단일로 - 기타,승용,남,40세,상해없음,보행자,남,33세,중상
2016052000100644,2016년 5월 20일 21시,금요일,광주광역시 서구 풍암동,경상사고,0,0,1,0,차대차 - 추돌,안전운전불이행,건조,맑음,교차로 - 교차로부근,기타불명,기타불명,기타불명,기타불명,이륜,남,20세,경상
2016052000100672,2016년 5월 20일 22시,금요일,광주광역시 광산구 산정동,중상사고,0,1,0,0,차대차 - 측면직각충돌,안전거리미확보,건조,맑음,단일로 - 기타,승용,남,51세,상해없음,원동기,남,56세,중상
2016052100100030,2016년 5월 21일 01시,토요일,광주광역시 남구 주월동,경상사고,0,0,1,0,차대사람 - 기타,불법유턴,건조,맑음,단일로 - 기타,화물,남,55세,상해없음,보행자,남,33세,경상
2016052100100059,2016년 5월 21일 03시,토요일,광주광역시 서구 금호동,중상사고,0,1,0,0,차대차 - 추돌,직진우회전진행방해,건조,맑음,교차로 - 교차로안,승용,여,47세,상해없음,자전거,남,77세,중상
2016052100100060,2016년 5월 21일 03시,토요일,광주광역시 서구 치평동,경상사고,0,0,1,0,차대사람 - 기타,안전운전불이행,건조,맑음,단일로 - 기타,승용,남,64세,기타불명,보행자,남,30세,경상
2016052100100088,2016년 5월 21일 05시,토요일,광주광역시 광산구 신가동,경상사고,0,0,2,0,차대차 - 정면충돌,불법유턴,건조,맑음,단일로 - 기타,승용,남,34세,상해없음,승용,남,26세,경상
2016052100100131,2016년 5월 21일 08시,토요일,광주광역시 서구 금호동,경상사고,0,0,1,0,차대차 - 추돌,안전운전불이행,건조,맑음,교차로 - 교차로부근,화물,남,49세,상해없음,승용,남,47세,경상
2016052100100180,2016년 5월 21일 09시,토요일,광주광역시 남구 백운동,경상사고,0,0,1,0,차대차 - 측면충돌,차로위반,건조,맑음,교차로 - 교차로부근,화물,남,37세,상해없음,승용,남,44세,경상
2016052100100211,2016년 5월 21일 10시,토요일,광주광역시 서구 동천동,경상사고,0,0,1,0,차대사람 - 횡단중,보행자보호의무위반,건조,맑음,단일로 - 횡단보도상,승용,여,51세,상해없음,보행자,남,9세,경상
2016052100100212,2016년 5월 21일 10시,토요일,광주광역시 남구 서동,경상사고,0,0,1,0,차대사람 - 길가장자리구역통행중,안전운전불이행,건조,맑음,단일로 - 기타,승용,남,62세,상해없음,보행자,남,82세,경상
2016052100100213,2016년 5월 21일 10시,토요일,광주광역시 북구 임동,경상사고,0,0,1,0,차대사람 - 횡단중,안전운전불이행,건조,맑음,기타 - 기타,자전거,남,38세,기타불명,보행자,남,44세,경상
2016052100100214,2016년 5월 21일 10시,토요일,광주광역시 광산구 운남동,중상사고,0,1,0,0,차대차 - 정면충돌,안전운전불이행,건조,맑음,교차로 - 교차로안,승용,여,57세,상해없음,이륜,남,30세,중상
2016052100100215,2016년 5월 21일 10시,토요일,광주광역시 광산구 신가동,경상사고,0,0,1,0,차대차 - 측면충돌,안전운전불이행,건조,맑음,교차로 - 교차로안,화물,남,42세,상해없음,자전거,남,71세,경상
2016052100100257,2016년 5월 21일 11시,토요일,광주광역시 서구 쌍촌동,중상사고,0,1,0,0,차대사람 - 횡단중,안전운전불이행,건조,맑음,교차로 - 교차로부근,승용,여,58세,상해없음,보행자,여,75세,중상
2016052100100258,2016년 5월 21일 11시,토요일,광주광역시 서구 서창동,경상사고,0,0,1,0,차대차 - 측면직각충돌,교차로운행방법위반,건조,맑음,교차로 - 교차로안,승용,남,33세,상해없음,승용,남,66세,경상
2016052100100290,2016년 5월 21일 12시,토요일,광주광역시 서구 금호동,경상사고,0,0,1,0,차대차 - 추돌,안전거리미확보,건조,맑음,교차로 - 교차로부근,승용,남,40세,상해없음,승용,남,43세,경상
2016052100100336,2016년 5월 21일 13시,토요일,광주광역시 동구 동명동,중상사고,0,1,0,0,차대사람 - 횡단중,안전운전불이행,건조,맑음,단일로 - 기타,승용,남,70세,상해없음,보행자,남,48세,중상
2016052100100337,2016년 5월 21일 13시,토요일,광주광역시 광산구 하남동,부상신고사고,0,0,0,1,차대차 - 정면충돌,신호위반,건조,맑음,교차로 - 교차로안,승용,여,37세,부상신고,화물,남,57세,상해없음
2016052100100383,2016년 5월 21일 14시,토요일,광주광역시 서구 내방동,경상사고,0,0,2,0,차대차 - 추돌,안전운전불이행,건조,맑음,교차로 - 교차로부근,화물,남,49세,상해없음,승용,남,27세,경상
2016052100100384,2016년 5월 21일 14시,토요일,광주광역시 광산구 운남동,경상사고,0,0,1,0,차대사람 - 길가장자리구역통행중,안전운전불이행,건조,맑음,교차로 - 교차로부근,승용,여,39세,상해없음,보행자,여,23세,경상
2016052100100420,2016년 5월 21일 15시,토요일,광주광역시 남구 월산동,중상사고,0,1,0,0,차대차 - 기타,안전운전불이행,건조,맑음,교차로 - 교차로부근,이륜,남,87세,중상,승용,남,49세,상해없음
2016052100100487,2016년 5월 21일 17시,토요일,광주광역시 북구 운암동,경상사고,0,0,1,0,차대차 - 측면직각충돌,안전운전불이행,건조,맑음,단일로 - 기타,화물,남,47세,상해없음,승용,남,48세,경상
2016052100100524,2016년 5월 21일 18시,토요일,광주광역시 광산구 소촌동,중상사고,0,1,0,0,차대차 - 측면충돌,안전운전불이행,건조,맑음,교차로 - 교차로안,승용,남,30세,상해없음,이륜,남,41세,중상
2016052100100555,2016년 5월 21일 19시,토요일,광주광역시 서구 치평동,경상사고,0,0,1,0,차대차 - 정면충돌,교차로운행방법위반,건조,맑음,교차로 - 교차로안,승용,남,64세,상해없음,승용,여,25세,경상
2016052100100594,2016년 5월 21일 20시,토요일,광주광역시 서구 동천동,중상사고,0,1,1,0,차대차 - 측면직각충돌,안전운전불이행,건조,맑음,단일로 - 기타,원동기,남,24세,중상,승용,남,34세,경상
2016052100100619,2016년 5월 21일 21시,토요일,광주광역시 광산구 도산동,중상사고,0,1,0,0,차대사람 - 길가장자리구역통행중,안전운전불이행,건조,맑음,교차로 - 교차로안,승용,남,66세,상해없음,보행자,남,66세,중상
2016052100100620,2016년 5월 21일 21시,토요일,광주광역시 광산구 운남동,경상사고,0,0,1,0,차대사람 - 횡단중,안전운전불이행,건조,맑음,기타 - 기타,승합,남,42세,기타불명,보행자,남,17세,경상
2016052100100653,2016년 5월 21일 22시,토요일,광주광역시 서구 쌍촌동,경상사고,0,0,1,0,차대차 - 측면직각충돌,차로위반,건조,맑음,단일로 - 기타,승용,남,51세,상해없음,승용,남,34세,경상