사고번호,사고일시,요일,시군구,사고내용,사망자수,중상자수,경상자수,부상신고자수,사고유형,법규위반,노면상태,기상상태,도로형태,가해운전자 차종,가해운전자 성별,가해운전자 연령,가해운전자 상해정도,피해운전자 차종,피해운전자 성별,피해운전자 연령,피해운전자 상해정도
2016060400100108,2016년 6월 4일 06시,토요일,광주광역시 광산구 우산동,경상사고,0,0,1,0,차대차 - 추돌,안전운전불이행,건조,맑음,교차로 - 교차로부근,승합,남,45세,상해없음,승용,남,24세,경상
2016060400100147,2016년 6월 4일 08시,토요일,광주광역시 남구 지석동,경상사고,0,0,4,0,차대차 - 추돌,안전운전불이행,습기,흐림,교차로 - 교차로부근,승용,여,49세,상해없음,승용,남,42세,경상
2016060400100148,2016년 6월 4일 08시,토요일,광주광역시 북구 우산동,경상사고,0,0,2,1,차대차 - 측면충돌,교차로운행방법위반,건조,맑음,교차로 - 교차로안,승용,여,29세,부상신고,승용,남,69세,경상
2016060400100216,2016년 6월 4일 10시,토요일,광주광역시 서구 풍암동,경상사고,0,0,2,0,차대차 - 측면직각충돌,안전운전불이행,건조,맑음,교차로 - 교차로안,승용,여,47세,상해없음,승용,남,62세,경상
2016060400100217,2016년 6월 4일 10시,토요일,광주광역시 북구 일곡동,경상사고,0,0,2,0,차대차 - 정면충돌,안전운전불이행,건조,맑음,단일로 - 기타,승용,남,42세,상해없음,화물,남,69세,경상
2016060400100249,2016년 6월 4일 11시,토요일,광주광역시 남구 봉선동,경상사고,0,0,3,0,차대차 - 측면직각충돌,교차로운행방법위반,습기,비,교차로 - 교차로부근,승용,여,66세,경상,승용,남,48세,경상
2016060400100250,2016년 6월 4일 11시,토요일,광주광역시 북구 오치동,경상사고,0,0,1,0,차대사람 - 기타,안전운전불이행,습기,비,기타 - 기타,승용,남,55세,상해없음,보행자,남,23세,경상
2016060400100334,2016년 6월 4일 13시,토요일,광주광역시 북구 풍향동,경상사고,0,0,4,0,차대차 - 추돌,안전운전불이행,습기,비,단일로 - 기타,승용,남,51세,상해없음,승용,남,43세,경상
2016060400100386,2016년 6월 4일 14시,토요일,광주광역시 북구 용두동,경상사고,0,0,1,0,차대사람 - 기타,안전운전불이행,습기,비,단일로 - 기타,승용,남,38세,상해없음,보행자,남,36세,경상
2016060400100426,2016년 6월 4일 15시,토요일,광주광역시 서구 광천동,경상사고,0,0,1,0,차대차 - 추돌,안전운전불이행,습기,비,교차로 - 교차로부근,승용,남,52세,상해없음,승용,남,28세,경상
2016060400100427,2016년 6월 4일 15시,토요일,광주광역시 광산구 도산동,경상사고,0,0,1,0,차대사람 - 횡단중,안전운전불이행,습기,비,단일로 - 기타,승용,여,45세,상해없음,보행자,여,49세,경상
2016060400100466,2016년 6월 4일 16시,토요일,광주광역시 북구 풍향동,경상사고,0,0,1,0,차대차 - 기타,기타,습기,흐림,단일로 - 기타,승용,남,26세,상해없음,원동기,남,46세,경상
2016060400100467,2016년 6월 4일 16시,토요일,광주광역시 북구 우산동,중상사고,0,1,2,0,차대차 - 추돌,안전운전불이행,건조,흐림,교차로 - 교차로안,승용,여,50세,상해없음,승합,남,36세,경상
2016060400100499,2016년 6월 4일 17시,토요일,광주광역시 동구 호남동,경상사고,0,0,1,0,차대사람 - 횡단중,보행자보호의무위반,건조,맑음,단일로 - 횡단보도상,승용,남,59세,상해없음,보행자,남,73세,경상
2016060400100500,2016년 6월 4일 17시,토요일,광주광역시 서구 쌍촌동,중상사고,0,1,0,0,차대차 - 추돌,안전거리미확보,건조,맑음,단일로 - 기타,승용,남,35세,상해없음,승용,남,48세,상해없음
2016060400100501,2016년 6월 4일 17시,토요일,광주광역시 서구 광천동,경상사고,0,0,1,0,차대차 - 추돌,안전거리미확보,건조,맑음,단일로 - 기타,승용,남,43세,기타불명,승용,남,47세,경상
2016060400100532,2016년 6월 4일 18시,토요일,광주광역시 동구 동명동,경상사고,0,0,1,0,차대차 - 기타,안전운전불이행,습기,흐림,교차로 - 교차로안,화물,남,60세,상해없음,이륜,남,30세,경상
2016060400100533,2016년 6월 4일 18시,토요일,광주광역시 광산구 소촌동,경상사고,0,0,1,0,차대차 - 정면충돌,차로위반,건조,맑음,교차로 - 교차로부근,승합,여,50세,상해없음,이륜,남,57세,경상
2016060400100562,2016년 6월 4일 19시,토요일,광주광역시 북구 용두동,경상사고,0,0,1,0,차대사람 - 횡단중,신호위반,건조,맑음,단일로 - 횡단보도상,승용,여,24세,상해없음,보행자,남,16세,경상
2016060400100563,2016년 6월 4일 19시,토요일,광주광역시 광산구 도천동,경상사고,0,0,1,0,차대차 - 측면충돌,신호위반,건조,맑음,교차로 - 교차로안,승용,남,58세,상해없음,승용,남,36세,경상
2016060400100598,2016년 6월 4일 20시,토요일,광주광역시 광산구 수완동,경상사고,0,0,2,0,차대차 - 측면직각충돌,직진우회전진행방해,건조,맑음,교차로 - 교차로안,승용,남,50세,경상,승용,남,25세,경상
2016060400100621,2016년 6월 4일 21시,토요일,광주광역시 북구 오치동,경상사고,0,0,2,3,차대차 - 추돌,안전운전불이행,건조,맑음,단일로 - 기타,승용,남,46세,상해없음,승용,여,56세,경상
2016060400100622,2016년 6월 4일 21시,토요일,광주광역시 광산구 하남동,경상사고,0,0,4,0,차대차 - 정면충돌,교차로운행방법위반,건조,맑음,교차로 - 교차로안,승용,여,56세,상해없음,승용,여,23세,경상
2016060500100037,2016년 6월 5일 02시,일요일,광주광역시 북구 임동,경상사고,0,0,1,0,차대차 - 측면충돌,신호위반,건조,맑음,교차로 - 교차로안,승용,남,25세,상해없음,승용,남,42세,상해없음
2016060500100048,2016년 6월 5일 03시,일요일,광주광역시 북구 용봉동,경상사고,0,0,1,0,차대사람 - 기타,안전운전불이행,건조,맑음,단일로 - 기타,승용,남,43세,상해없음,보행자,남,54세,경상
2016060500100062,2016년 6월 5일 04시,일요일,광주광역시 서구 금호동,경상사고,0,0,2,0,차대차 - 추돌,교차로운행방법위반,건조,맑음,교차로 - 교차로안,승용,남,42세,상해없음,승용,남,56세,경상
2016060500100179,2016년 6월 5일 11시,일요일,광주광역시 남구 진월동,중상사고,0,1,0,0,차대차 - 측면충돌,안전운전불이행,건조,맑음,교차로 - 교차로부근,승용,남,49세,상해없음,이륜,남,52세,중상
2016060500100207,2016년 6월 5일 12시,일요일,광주광역시 서구 광천동,중상사고,0,2,0,0,차대차 - 기타,차로위반,건조,맑음,단일로 - 기타,승용,남,58세,상해없음,승용,남,29세,중상
2016060500100208,2016년 6월 5일 12시,일요일,광주광역시 광산구 월계동,중상사고,0,1,1,0,차대차 - 측면충돌,안전운전불이행,건조,맑음,단일로 - 기타,승용,여,35세,경상,원동기,남,22세,중상
2016060500100352,2016년 6월 5일 16시,일요일,광주광역시 북구 신안동,경상사고,0,0,1,0,차량단독 - 기타,안전운전불이행,건조,맑음,단일로 - 기타,이륜,남,37세,경상,,,,
2016060500100353,2016년 6월 5일 16시,일요일,광주광역시 북구 문흥동,경상사고,0,0,3,0,차대차 - 정면충돌,교차로운행방법위반,건조,맑음,교차로 - 교차로안,승용,여,61세,기타불명,승용,여,39세,경상
2016060500100396,2016년 6월 5일 17시,일요일,광주광역시 북구 운암동,경상사고,0,0,2,0,차대차 - 측면충돌,안전운전불이행,건조,맑음,교차로 - 교차로부근,원동기,남,26세,기타불명,승용,남,29세,경상
2016060500100397,2016년 6월 5일 17시,일요일,광주광역시 북구 용봉동,경상사고,0,0,2,0,차대차 - 추돌,안전운전불이행,건조,맑음,단일로 - 기타,승용,남,45세,경상,승용,여,47세,경상
2016060500100398,2016년 6월 5일 17시,일요일,광주광역시 북구 문흥동,경상사고,0,0,2,0,차대사람 - 횡단중,보행자보호의무위반,건조,맑음,단일로 - 횡단보도상,승용,남,45세,상해없음,보행자,여,12세,경상
2016060500100449,2016년 6월 5일 18시,일요일,광주광역시 남구 양림동,경상사고,0,0,2,0,차대차 - 측면직각충돌,교차로운행방법위반,건조,맑음,교차로 - 교차로안,승용,남,37세,상해없음,승용,여,50세,경상
2016060500100507,2016년 6월 5일 20시,일요일,광주광역시 북구 매곡동,경상사고,0,0,1,0,차대사람 - 길가장자리구역통행중,안전운전불이행,건조,맑음,단일로 - 기타,승용,남,45세,상해없음,보행자,여,60세,경상
2016060500100508,2016년 6월 5일 20시,일요일,광주광역시 북구 신안동,경상사고,0,0,6,0,차대차 - 측면충돌,안전운전불이행,건조,맑음,단일로 - 기타,승용,남,31세,상해없음,승용,여,45세,경상
2016060500100509,2016년 6월 5일 20시,일요일,광주광역시 광산구 운남동,경상사고,0,0,1,0,차대차 - 측면직각충돌,신호위반,건조,맑음,교차로 - 교차로안,원동기,남,15세,경상,승용,남,63세,상해없음
2016060500100561,2016년 6월 5일 22시,일요일,광주광역시 북구 두암동,경상사고,0,0,2,0,차대차 - 추돌,안전운전불이행,건조,맑음,교차로 - 교차로부근,승용,남,60세,상해없음,승용,남,27세,경상
2016060500100562,2016년 6월 5일 22시,일요일,광주광역시 북구 중흥동,경상사고,0,0,1,0,차대사람 - 횡단중,보행자보호의무위반,건조,맑음,단일로 - 횡단보도상,승용,남,24세,상해없음,보행자,남,24세,경상
2016060500100588,2016년 6월 5일 23시,일요일,광주광역시 서구 금호동,경상사고,0,0,1,0,차대사람 - 횡단중,안전운전불이행,건조,기타,단일로 - 기타,승용,남,50세,상해없음,보행자,남,4세,경상
2016060600100019,2016년 6월 6일 00시,월요일,광주광역시 서구 광천동,경상사고,0,0,1,0,차대차 - 측면충돌,교차로운행방법위반,건조,흐림,교차로 - 교차로안,승용,남,27세,상해없음,승용,남,35세,경상
2016060600100035,2016년 6월 6일 01시,월요일,광주광역시 서구 쌍촌동,경상사고,0,0,1,0,차대차 - 추돌,안전운전불이행,건조,맑음,단일로 - 기타,승용,남,36세,상해없음,승용,남,50세,상해없음
2016060600100049,2016년 6월 6일 03시,월요일,광주광역시 광산구 하남동,중상사고,0,1,1,0,차대차 - 측면충돌,신호위반,습기,흐림,교차로 - 교차로안,화물,남,49세,상해없음,승용,남,57세,경상
2016060600100067,2016년 6월 6일 05시,월요일,광주광역시 서구 양동,중상사고,0,1,0,0,차대차 - 측면충돌,불법유턴,습기,비,단일로 - 횡단보도부근,자전거,남,63세,중상,승용,남,36세,상해없음
2016060600100076,2016년 6월 6일 06시,월요일,광주광역시 서구 유촌동,경상사고,0,0,2,0,차대차 - 추돌,안전운전불이행,건조,기타,단일로 - 기타,승용,남,35세,기타불명,화물,남,34세,경상
2016060600100094,2016년 6월 6일 07시,월요일,광주광역시 북구 용봉동,중상사고,0,1,0,0,차대사람 - 횡단중,안전운전불이행,습기,비,교차로 - 교차로안,승용,남,53세,상해없음,보행자,여,67세,중상
2016060600100143,2016년 6월 6일 10시,월요일,광주광역시 북구 용봉동,중상사고,0,2,1,0,차대차 - 측면직각충돌,중앙선침범,건조,맑음,단일로 - 기타,승용,남,32세,경상,승용,여,56세,중상
2016060600100186,2016년 6월 6일 12시,월요일,광주광역시 남구 주월동,경상사고,0,0,1,0,차대차 - 측면충돌,교차로운행방법위반,습기,비,교차로 - 교차로안,승용,남,64세,상해없음,자전거,남,59세,경상
2016060600100187,2016년 6월 6일 12시,월요일,광주광역시 북구 매곡동,경상사고,0,0,6,0,차대차 - 측면직각충돌,교차로운행방법위반,건조,맑음,교차로 - 교차로안,승용,남,63세,경상,승용,남,33세,경상
2016060600100218,2016년 6월 6일 13시,월요일,광주광역시 북구 용봉동,중상사고,0,1,0,0,차대사람 - 기타,안전운전불이행,건조,맑음,단일로 - 기타,승합,남,55세,상해없음,보행자,여,56세,중상
2016060600100294,2016년 6월 6일 15시,월요일,광주광역시 동구 계림동,경상사고,0,0,6,0,차대차 - 측면직각충돌,교차로운행방법위반,건조,맑음,교차로 - 교차로안,승용,남,22세,경상,승용,남,33세,경상
2016060600100295,2016년 6월 6일 15시,월요일,광주광역시 동구 금남로5가,경상사고,0,0,3,0,차대차 - 기타,안전거리미확보,건조,맑음,단일로 - 기타,승용,남,31세,상해없음,승용,남,63세,경상
2016060600100351,2016년 6월 6일 17시,월요일,광주광역시 서구 화정동,경상사고,0,0,5,0,차대차 - 측면직각충돌,직진우회전진행방해,건조,흐림,교차로 - 교차로안,승용,여,35세,상해없음,승용,남,34세,경상
2016060600100352,2016년 6월 6일 17시,월요일,광주광역시 북구 오치동,경상사고,0,0,1,0,차량단독 - 기타,기타,건조,맑음,단일로 - 기타,승용,남,54세,상해없음,,,,
2016060600100380,2016년 6월 6일 18시,월요일,광주광역시 서구 치평동,경상사고,0,0,1,0,차대차 - 측면직각충돌,안전운전불이행,건조,맑음,교차로 - 교차로부근,승용,남,34세,상해없음,이륜,남,26세,경상
2016060600100389,2016년 6월 6일 19시,월요일,광주광역시 북구 용봉동,경상사고,0,0,1,0,차대차 - 추돌,안전거리미확보,건조,맑음,단일로 - 기타,승용,남,34세,상해없음,승용,남,36세,경상
2016060600100394,2016년 6월 6일 19시,월요일,광주광역시 북구 신안동,경상사고,0,0,1,0,차량단독 - 공작물충돌,안전운전불이행,건조,맑음,단일로 - 기타,승용,남,18세,상해없음,,,,
2016060600100423,2016년 6월 6일 20시,월요일,광주광역시 서구 화정동,경상사고,0,0,1,0,차대차 - 정면충돌,교차로운행방법위반,건조,맑음,교차로 - 교차로안,승용,여,36세,상해없음,승용,남,23세,경상
2016060600100436,2016년 6월 6일 21시,월요일,광주광역시 서구 광천동,사망사고,1,0,0,0,차대사람 - 횡단중,안전운전불이행,습기,비,단일로 - 기타,승용,남,64세,상해없음,보행자,남,78세,사망
2016060600100437,2016년 6월 6일 21시,월요일,광주광역시 남구 노대동,경상사고,0,0,1,0,차대차 - 추돌,안전운전불이행,건조,흐림,교차로 - 교차로안,승용,여,37세,상해없음,승용,남,31세,경상
2016060600100438,2016년 6월 6일 21시,월요일,광주광역시 북구 운암동,중상사고,0,1,0,0,차대사람 - 횡단중,안전운전불이행,건조,맑음,교차로 - 교차로부근,승용,남,64세,상해없음,보행자,남,52세,중상
2016060600100475,2016년 6월 6일 23시,월요일,광주광역시 남구 백운동,부상신고사고,0,0,0,1,차대차 - 정면충돌,차로위반,건조,맑음,교차로 - 교차로부근,승용,남,20세,상해없음,이륜,남,26세,부상신고
2016060700100011,2016년 6월 7일 00시,화요일,광주광역시 북구 중흥동,경상사고,0,0,1,0,차대차 - 측면직각충돌,신호위반,건조,흐림,교차로 - 교차로안,승용,남,27세,상해없음,승용,남,38세,경상
2016060700100018,2016년 6월 7일 01시,화요일,광주광역시 서구 치평동,경상사고,0,0,5,0,차대차 - 측면직각충돌,신호위반,습기,비,교차로 - 교차로안,승용,여,43세,상해없음,승용,남,47세,경상
2016060700100089,2016년 6월 7일 07시,화요일,광주광역시 광산구 등임동,경상사고,0,0,1,0,차대차 - 측면직각충돌,안전운전불이행,건조,맑음,단일로 - 기타,자전거,남,62세,경상,승용,남,33세,상해없음
2016060700100134,2016년 6월 7일 08시,화요일,광주광역시 서구 화정동,경상사고,0,0,1,0,차대차 - 추돌,안전거리미확보,습기,흐림,단일로 - 기타,승용,남,47세,기타불명,자전거,남,14세,경상
2016060700100135,2016년 6월 7일 08시,화요일,광주광역시 남구 월산동,부상신고사고,0,0,0,1,차대차 - 측면직각충돌,안전운전불이행,건조,맑음,단일로 - 기타,자전거,남,75세,부상신고,승용,여,49세,상해없음
2016060700100136,2016년 6월 7일 08시,화요일,광주광역시 북구 우산동,경상사고,0,0,1,0,차대사람 - 횡단중,안전운전불이행,습기,흐림,단일로 - 기타,승용,남,59세,상해없음,보행자,남,58세,경상
2016060700100170,2016년 6월 7일 09시,화요일,광주광역시 서구 치평동,경상사고,0,0,1,0,차대차 - 추돌,안전운전불이행,건조,맑음,교차로 - 교차로안,승용,여,50세,상해없음,승용,남,55세,상해없음
2016060700100220,2016년 6월 7일 11시,화요일,광주광역시 북구 두암동,경상사고,0,0,1,0,차대사람 - 기타,안전운전불이행,건조,맑음,단일로 - 횡단보도부근,승용,남,71세,상해없음,보행자,여,61세,경상
2016060700100383,2016년 6월 7일 16시,화요일,광주광역시 동구 지산동,경상사고,0,0,2,0,차대차 - 측면충돌,안전거리미확보,건조,맑음,단일로 - 기타,승용,남,50세,상해없음,승합,남,32세,경상
2016060700100384,2016년 6월 7일 16시,화요일,광주광역시 서구 치평동,경상사고,0,0,3,0,차대차 - 측면직각충돌,안전운전불이행,건조,맑음,단일로 - 기타,승용,남,40세,상해없음,승용,남,43세,상해없음
2016060700100385,2016년 6월 7일 16시,화요일,광주광역시 광산구 서봉동,중상사고,0,2,0,0,차량단독 - 전도전복,안전운전불이행,건조,맑음,단일로 - 기타,원동기,남,72세,중상,,,,
2016060700100431,2016년 6월 7일 17시,화요일,광주광역시 남구 방림동,경상사고,0,0,2,0,차대차 - 추돌,안전운전불이행,건조,맑음,단일로 - 기타,승용,남,59세,상해없음,승용,남,43세,경상
2016060700100432,2016년 6월 7일 17시,화요일,광주광역시 광산구 신창동,중상사고,0,1,1,0,차대차 - 정면충돌,안전운전불이행,건조,맑음,교차로 - 교차로부근,승용,여,45세,상해없음,원동기,여,28세,경상
2016060700100433,2016년 6월 7일 17시,화요일,광주광역시 광산구 우산동,경상사고,0,0,1,0,차대사람 - 횡단중,안전운전불이행,건조,맑음,단일로 - 기타,기타불명,기타불명,기타불명,기타불명,보행자,남,7세,경상
2016060700100474,2016년 6월 7일 18시,화요일,광주광역시 서구 농성동,경상사고,0,0,1,0,차대차 - 정면충돌,안전운전불이행,건조,맑음,단일로 - 기타,화물,남,23세,상해없음,승용,남,48세,경상
2016060700100475,2016년 6월 7일 18시,화요일,광주광역시 광산구 우산동,중상사고,0,1,0,0,차대차 - 측면충돌,기타,건조,맑음,단일로 - 기타,승용,남,64세,상해없음,이륜,남,48세,중상
2016060700100502,2016년 6월 7일 19시,화요일,광주광역시 서구 풍암동,경상사고,0,0,2,0,차대차 - 정면충돌,안전거리미확보,건조,흐림,단일로 - 기타,승용,여,18세,상해없음,승용,남,46세,경상
2016060700100503,2016년 6월 7일 19시,화요일,광주광역시 서구 양동,경상사고,0,0,1,0,차대사람 - 횡단중,안전운전불이행,건조,흐림,단일로 - 기타,화물,남,55세,상해없음,보행자,남,60세,경상
2016060700100504,2016년 6월 7일 19시,화요일,광주광역시 북구 임동,경상사고,0,0,6,0,차대차 - 측면직각충돌,안전운전불이행,건조,맑음,단일로 - 기타,승용,남,42세,상해없음,승용,여,57세,경상
2016060700100566,2016년 6월 7일 21시,화요일,광주광역시 북구 운암동,경상사고,0,0,4,0,차대차 - 측면충돌,직진우회전진행방해,건조,맑음,교차로 - 교차로안,승용,남,77세,상해없음,승용,여,34세,경상
2016060700100592,2016년 6월 7일 22시,화요일,광주광역시 남구 봉선동,경상사고,0,0,1,0,차대사람 - 기타,안전운전불이행,건조,맑음,단일로 - 기타,승용,여,50세,상해없음,보행자,여,24세,경상
2016060800100014,2016년 6월 8일 00시,수요일,광주광역시 서구 금호동,경상사고,0,0,1,0,차대차 - 측면직각충돌,안전운전불이행,건조,맑음,단일로 - 기타,승용,남,47세,상해없음,승합,남,32세,경상
2016060800100122,2016년 6월 8일 08시,수요일,광주광역시 서구 화정동,중상사고,0,1,0,0,차대사람 - 횡단중,안전운전불이행,건조,맑음,단일로 - 기타,승용,여,35세,상해없음,보행자,남,35세,중상
2016060800100123,2016년 6월 8일 08시,수요일,광주광역시 광산구 쌍암동,경상사고,0,0,2,0,차대차 - 측면직각충돌,직진우회전진행방해,건조,맑음,교차로 - 교차로안,승용,남,42세,상해없음,승용,남,63세,경상
2016060800100161,2016년 6월 8일 09시,수요일,광주광역시 서구 쌍촌동,경상사고,0,0,1,0,차대차 - 추돌,안전거리미확보,건조,맑음,단일로 - 기타,승용,남,54세,상해없음,승용,남,35세,경상
2016060800100213,2016년 6월 8일 11시,수요일,광주광역시 남구 월산동,경상사고,0,0,1,0,차대사람 - 길가장자리구역통행중,안전운전불이행,건조,맑음,단일로 - 기타,화물,남,57세,상해없음,보행자,남,51세,경상
2016060800100230,2016년 6월 8일 12시,수요일,광주광역시 남구 주월동,경상사고,0,0,4,0,차대차 - 정면충돌,안전거리미확보,건조,맑음,단일로 - 기타,승용,남,38세,상해없음,이륜,남,46세,상해없음
2016060800100231,2016년 6월 8일 12시,수요일,광주광역시 광산구 송정동,경상사고,0,0,1,0,차대차 - 기타,안전운전불이행,건조,맑음,단일로 - 기타,화물,남,43세,상해없음,자전거,남,45세,경상
2016060800100326,2016년 6월 8일 15시,수요일,광주광역시 동구 서석동,경상사고,0,0,3,0,차대차 - 측면직각충돌,안전운전불이행,건조,맑음,교차로 - 교차로안,승용,여,62세,상해없음,승용,남,25세,경상
2016060800100386,2016년 6월 8일 17시,수요일,광주광역시 광산구 비아동,중상사고,0,1,2,0,차대차 - 추돌,안전운전불이행,건조,맑음,단일로 - 기타,화물,남,53세,중상,승용,여,42세,경상
2016060800100400,2016년 6월 8일 17시,수요일,광주광역시 광산구 신가동,경상사고,0,0,1,0,차대사람 - 횡단중,안전운전불이행,건조,맑음,단일로 - 기타,승용,남,39세,상해없음,보행자,남,5세,경상
2016060800100437,2016년 6월 8일 18시,수요일,광주광역시 남구 월산동,중상사고,0,1,0,0,차대사람 - 횡단중,안전운전불이행,건조,흐림,단일로 - 기타,승용,남,54세,상해없음,보행자,남,19세,중상
2016060800100438,2016년 6월 8일 18시,수요일,광주광역시 남구 백운동,중상사고,0,1,0,0,차대사람 - 횡단중,안전운전불이행,건조,맑음,교차로 - 교차로부근,승용,남,68세,상해없음,보행자,남,18세,중상
2016060800100501,2016년 6월 8일 20시,수요일,광주광역시 광산구 신창동,경상사고,0,0,1,0,차대차 - 측면충돌,안전거리미확보,건조,맑음,단일로 - 기타,승용,남,24세,상해없음,원동기,남,21세,경상
2016060800100525,2016년 6월 8일 21시,수요일,광주광역시 남구 진월동,경상사고,0,0,2,0,차대차 - 측면직각충돌,신호위반,건조,맑음,교차로 - 교차로안,승용,여,26세,경상,승용,남,51세,경상
2016060900100082,2016년 6월 9일 07시,목요일,광주광역시 광산구 송촌동,경상사고,0,0,1,0,차대차 - 추돌,안전운전불이행,건조,맑음,단일로 - 기타,화물,남,44세,상해없음,승용,여,49세,경상
2016060900100120,2016년 6월 9일 08시,목요일,광주광역시 남구 방림동,경상사고,0,0,1,0,차대사람 - 횡단중,안전운전불이행,건조,맑음,단일로 - 횡단보도부근,승용,남,24세,기타불명,보행자,여,31세,경상
2016060900100121,2016년 6월 9일 08시,목요일,광주광역시 북구 동림동,경상사고,0,0,1,0,차대차 - 정면충돌,안전운전불이행,건조,맑음,단일로 - 기타,승용,여,31세,상해없음,승용,남,42세,경상
2016060900100182,2016년 6월 9일 10시,목요일,광주광역시 광산구 월곡동,경상사고,0,0,1,0,차대차 - 추돌,안전거리미확보,건조,맑음,단일로 - 기타,화물,남,34세,상해없음,승용,남,36세,경상
2016060900100208,2016년 6월 9일 11시,목요일,광주광역시 북구 각화동,경상사고,0,0,1,0,차대사람 - 길가장자리구역통행중,안전운전불이행,건조,맑음,기타 - 기타,승용,여,52세,상해없음,보행자,남,59세,경상
2016060900100346,2016년 6월 9일 16시,목요일,광주광역시 서구 내방동,경상사고,0,0,1,0,차량단독 - 기타,안전운전불이행,건조,맑음,교차로 - 교차로부근,승합,남,52세,상해없음,,,,
2016060900100347,2016년 6월 9일 16시,목요일,광주광역시 북구 신용동,경상사고,0,0,1,0,차대사람 - 기타,안전운전불이행,건조,맑음,단일로 - 기타,승용,남,64세,상해없음,보행자,남,3세,경상
2016060900100396,2016년 6월 9일 17시,목요일,광주광역시 서구 광천동,경상사고,0,0,1,0,차대차 - 정면충돌,안전운전불이행,건조,맑음,단일로 - 기타,자전거,남,67세,경상,승용,여,36세,상해없음
2016060900100449,2016년 6월 9일 18시,목요일,광주광역시 동구 광산동,경상사고,0,0,2,0,차대차 - 측면충돌,안전운전불이행,건조,맑음,단일로 - 기타,승합,남,52세,상해없음,화물,남,37세,경상
2016060900100450,2016년 6월 9일 18시,목요일,광주광역시 북구 용봉동,경상사고,0,0,2,0,차대차 - 측면충돌,직진우회전진행방해,건조,맑음,교차로 - 교차로안,원동기,남,25세,경상,승용,여,61세,경상
2016060900100489,2016년 6월 9일 19시,목요일,광주광역시 북구 우산동,경상사고,0,0,1,0,차대차 - 정면충돌,안전운전불이행,건조,맑음,단일로 - 기타,승용,남,54세,상해없음,승용,남,77세,경상
2016060900100514,2016년 6월 9일 20시,목요일,광주광역시 광산구 명도동,중상사고,0,1,0,0,차대차 - 추돌,안전운전불이행,건조,맑음,단일로 - 기타,화물,남,66세,중상,화물,남,45세,상해없음
2016060900100589,2016년 6월 9일 23시,목요일,광주광역시 서구 광천동,경상사고,0,0,3,0,차대차 - 추돌,안전운전불이행,건조,맑음,교차로 - 교차로부근,승용,여,49세,상해없음,승용,남,31세,경상
2016061000100017,2016년 6월 10일 00시,금요일,광주광역시 북구 운암동,경상사고,0,0,1,0,차대차 - 측면직각충돌,안전운전불이행,건조,맑음,교차로 - 교차로부근,원동기,남,33세,경상,승용,남,49세,상해없음
2016061000100029,2016년 6월 10일 01시,금요일,광주광역시 서구 유촌동,경상사고,0,0,1,0,차대차 - 기타,안전거리미확보,건조,맑음,단일로 - 기타,승용,남,38세,상해없음,승용,남,25세,경상
2016061000100030,2016년 6월 10일 01시,금요일,광주광역시 남구 주월동,사망사고,1,0,0,0,차량단독 - 전도전복,안전운전불이행,건조,맑음,미분류 - 미분류,이륜,남,23세,사망,,,,
2016061000100066,2016년 6월 10일 05시,금요일,광주광역시 광산구 도천동,경상사고,0,0,1,0,차대차 - 정면충돌,신호위반,건조,맑음,교차로 - 교차로안,이륜,남,15세,경상,특수,남,42세,상해없음
2016061000100079,2016년 6월 10일 06시,금요일,광주광역시 서구 광천동,중상사고,0,1,0,0,차대차 - 측면충돌,신호위반,건조,맑음,단일로 - 기타,자전거,남,75세,중상,승용,여,59세,상해없음
2016061000100169,2016년 6월 10일 09시,금요일,광주광역시 남구 백운동,경상사고,0,0,20,0,차대차 - 추돌,안전거리미확보,건조,맑음,교차로 - 교차로부근,승합,남,67세,상해없음,승용,남,29세,경상
2016061000100170,2016년 6월 10일 09시,금요일,광주광역시 북구 양산동,경상사고,0,0,2,0,차대차 - 측면충돌,안전운전불이행,건조,맑음,단일로 - 기타,승용,여,68세,경상,승용,여,37세,경상
2016061000100204,2016년 6월 10일 10시,금요일,광주광역시 서구 쌍촌동,경상사고,0,0,2,0,차대차 - 기타,불법유턴,건조,맑음,교차로 - 교차로안,화물,남,63세,상해없음,승용,남,25세,경상
2016061000100230,2016년 6월 10일 11시,금요일,광주광역시 북구 중흥동,경상사고,0,0,1,0,차대차 - 추돌,안전거리미확보,건조,맑음,교차로 - 교차로부근,승용,남,61세,상해없음,이륜,남,83세,경상
2016061000100231,2016년 6월 10일 11시,금요일,광주광역시 광산구 신촌동,경상사고,0,0,2,0,차대차 - 측면직각충돌,신호위반,건조,맑음,교차로 - 교차로안,화물,남,67세,상해없음,승용,여,50세,경상
2016061000100301,2016년 6월 10일 13시,금요일,광주광역시 북구 각화동,중상사고,0,3,2,0,차대차 - 측면충돌,신호위반,건조,맑음,교차로 - 교차로안,승용,여,68세,중상,승용,여,37세,경상
2016061000100340,2016년 6월 10일 14시,금요일,광주광역시 서구 용두동,사망사고,1,0,0,0,차대사람 - 차도통행중,안전운전불이행,건조,맑음,교차로 - 교차로안,승용,여,48세,상해없음,보행자,여,73세,사망
2016061000100341,2016년 6월 10일 14시,금요일,광주광역시 서구 금호동,경상사고,0,0,1,0,차대차 - 측면직각충돌,교차로운행방법위반,건조,맑음,교차로 - 교차로안,승용,남,39세,상해없음,승용,여,57세,경상