사고번호,사고일시,요일,시군구,사고내용,사망자수,중상자수,경상자수,부상신고자수,사고유형,법규위반,노면상태,기상상태,도로형태,가해운전자 차종,가해운전자 성별,가해운전자 연령,가해운전자 상해정도,피해운전자 차종,피해운전자 성별,피해운전자 연령,피해운전자 상해정도
2016061000100378,2016년 6월 10일 15시,금요일,광주광역시 북구 운암동,중상사고,0,1,0,0,차대사람 - 횡단중,안전운전불이행,건조,맑음,교차로 - 교차로부근,화물,남,49세,상해없음,보행자,남,47세,중상
2016061000100424,2016년 6월 10일 16시,금요일,광주광역시 동구 계림동,경상사고,0,0,1,0,차대차 - 측면직각충돌,안전운전불이행,건조,맑음,교차로 - 교차로부근,이륜,남,24세,경상,승합,남,54세,상해없음
2016061000100425,2016년 6월 10일 16시,금요일,광주광역시 동구 광산동,경상사고,0,0,1,0,차대차 - 측면충돌,안전운전불이행,건조,맑음,단일로 - 기타,자전거,남,17세,경상,승용,남,60세,상해없음
2016061000100426,2016년 6월 10일 16시,금요일,광주광역시 서구 덕흥동,경상사고,0,0,1,0,차대차 - 측면직각충돌,안전거리미확보,건조,맑음,단일로 - 기타,화물,여,54세,상해없음,승용,남,41세,경상
2016061000100523,2016년 6월 10일 18시,금요일,광주광역시 동구 산수동,경상사고,0,0,2,0,차대차 - 측면직각충돌,안전거리미확보,건조,맑음,단일로 - 기타,승용,남,54세,경상,승용,여,44세,경상
2016061000100524,2016년 6월 10일 18시,금요일,광주광역시 북구 오치동,경상사고,0,0,1,0,차대차 - 추돌,안전거리미확보,건조,맑음,단일로 - 기타,승용,남,52세,상해없음,승용,여,51세,상해없음
2016061000100559,2016년 6월 10일 19시,금요일,광주광역시 북구 오치동,경상사고,0,0,1,0,차대차 - 측면충돌,교차로운행방법위반,건조,맑음,교차로 - 교차로안,승용,여,35세,상해없음,이륜,남,45세,경상
2016061000100588,2016년 6월 10일 20시,금요일,광주광역시 광산구 월곡동,중상사고,0,1,0,0,차대차 - 정면충돌,안전운전불이행,건조,맑음,교차로 - 교차로부근,승용,남,50세,상해없음,자전거,남,34세,중상
2016061000100619,2016년 6월 10일 21시,금요일,광주광역시 광산구 산정동,경상사고,0,0,1,0,차대사람 - 횡단중,신호위반,건조,맑음,단일로 - 횡단보도상,승용,남,59세,상해없음,보행자,여,22세,경상
2016061000100620,2016년 6월 10일 21시,금요일,광주광역시 광산구 우산동,경상사고,0,0,1,0,차대차 - 정면충돌,안전운전불이행,건조,맑음,단일로 - 기타,승용,남,58세,상해없음,승용,여,45세,상해없음
2016061000100657,2016년 6월 10일 22시,금요일,광주광역시 북구 임동,경상사고,0,0,2,0,차대차 - 측면충돌,신호위반,건조,맑음,교차로 - 교차로안,승용,남,25세,상해없음,승용,남,54세,경상
2016061000100683,2016년 6월 10일 23시,금요일,광주광역시 서구 양동,경상사고,0,0,1,0,차대차 - 측면직각충돌,신호위반,건조,맑음,교차로 - 교차로안,승용,남,62세,상해없음,승용,여,25세,경상
2016061100100064,2016년 6월 11일 03시,토요일,광주광역시 북구 매곡동,경상사고,0,0,1,0,차량단독 - 전도전복,안전운전불이행,건조,맑음,교차로 - 교차로부근,원동기,남,37세,경상,,,,
2016061100100076,2016년 6월 11일 04시,토요일,광주광역시 남구 양림동,중상사고,0,1,0,0,차량단독 - 기타,안전운전불이행,건조,맑음,교차로 - 교차로부근,승용,남,24세,상해없음,,,,
2016061100100077,2016년 6월 11일 04시,토요일,광주광역시 남구 칠석동,경상사고,0,0,1,0,차대차 - 기타,안전운전불이행,건조,맑음,단일로 - 터널,승용,남,25세,경상,승용,남,67세,기타불명
2016061100100078,2016년 6월 11일 04시,토요일,광주광역시 북구 중흥동,경상사고,0,0,1,0,차대차 - 추돌,안전거리미확보,건조,맑음,단일로 - 기타,승용,남,24세,상해없음,승용,남,62세,경상
2016061100100107,2016년 6월 11일 06시,토요일,광주광역시 북구 삼각동,경상사고,0,0,1,0,차대차 - 측면충돌,교차로운행방법위반,건조,맑음,교차로 - 교차로안,승용,남,61세,상해없음,승용,남,65세,상해없음
2016061100100246,2016년 6월 11일 11시,토요일,광주광역시 북구 양산동,중상사고,0,1,0,0,차대차 - 추돌,안전운전불이행,건조,맑음,단일로 - 기타,화물,남,70세,기타불명,승용,여,39세,기타불명
2016061100100285,2016년 6월 11일 12시,토요일,광주광역시 서구 화정동,경상사고,0,0,5,0,차대차 - 측면충돌,신호위반,건조,맑음,교차로 - 교차로안,승용,남,38세,경상,승용,여,54세,경상
2016061100100286,2016년 6월 11일 12시,토요일,광주광역시 서구 치평동,중상사고,0,1,0,0,차대차 - 측면직각충돌,교차로운행방법위반,건조,맑음,교차로 - 교차로안,승용,남,34세,상해없음,이륜,남,25세,중상
2016061100100359,2016년 6월 11일 14시,토요일,광주광역시 서구 치평동,중상사고,0,1,0,0,차대사람 - 횡단중,보행자보호의무위반,건조,맑음,교차로 - 교차로부근,승용,남,33세,상해없음,보행자,여,37세,중상
2016061100100403,2016년 6월 11일 15시,토요일,광주광역시 동구 학동,경상사고,0,0,1,0,차대사람 - 기타,안전운전불이행,건조,맑음,기타 - 기타,화물,남,45세,상해없음,보행자,남,40세,경상
2016061100100404,2016년 6월 11일 15시,토요일,광주광역시 북구 동림동,경상사고,0,0,1,0,차대차 - 추돌,안전운전불이행,건조,맑음,단일로 - 기타,승용,남,24세,상해없음,승용,여,29세,경상
2016061100100405,2016년 6월 11일 15시,토요일,광주광역시 북구 신안동,중상사고,0,1,0,0,차대차 - 기타,안전운전불이행,건조,맑음,단일로 - 기타,원동기,남,45세,중상,승용,남,45세,상해없음
2016061100100487,2016년 6월 11일 17시,토요일,광주광역시 서구 농성동,경상사고,0,0,5,0,차대차 - 측면직각충돌,직진우회전진행방해,건조,맑음,교차로 - 교차로안,승용,남,44세,상해없음,승용,남,40세,경상
2016061100100520,2016년 6월 11일 18시,토요일,광주광역시 북구 각화동,중상사고,0,1,0,0,차대차 - 측면직각충돌,안전거리미확보,건조,맑음,단일로 - 기타,승용,남,53세,상해없음,승용,여,48세,중상
2016061100100521,2016년 6월 11일 18시,토요일,광주광역시 광산구 쌍암동,경상사고,0,0,5,0,차대차 - 측면직각충돌,신호위반,건조,맑음,교차로 - 교차로안,승용,남,27세,상해없음,승용,남,52세,경상
2016061100100571,2016년 6월 11일 20시,토요일,광주광역시 북구 운암동,부상신고사고,0,0,0,1,차대차 - 기타,안전운전불이행,건조,맑음,교차로 - 교차로부근,이륜,남,17세,부상신고,승용,남,36세,상해없음
2016061100100572,2016년 6월 11일 20시,토요일,광주광역시 북구 중흥동,경상사고,0,0,5,0,차대차 - 측면직각충돌,교차로운행방법위반,건조,맑음,교차로 - 교차로안,승용,여,40세,경상,승용,남,34세,경상
2016061100100615,2016년 6월 11일 21시,토요일,광주광역시 서구 쌍촌동,중상사고,0,2,3,0,차대차 - 정면충돌,중앙선침범,건조,맑음,단일로 - 기타,승용,남,29세,상해없음,승용,여,48세,중상
2016061100100616,2016년 6월 11일 21시,토요일,광주광역시 서구 치평동,경상사고,0,0,1,0,차대사람 - 횡단중,신호위반,건조,맑음,단일로 - 횡단보도상,승용,여,26세,상해없음,보행자,여,22세,경상
2016061100100617,2016년 6월 11일 21시,토요일,광주광역시 서구 풍암동,중상사고,0,1,0,0,차대차 - 기타,안전거리미확보,건조,맑음,단일로 - 기타,기타불명,기타불명,기타불명,기타불명,이륜,남,24세,중상
2016061100100677,2016년 6월 11일 23시,토요일,광주광역시 북구 임동,중상사고,0,2,3,1,차대차 - 측면직각충돌,신호위반,건조,맑음,교차로 - 교차로안,승용,남,50세,상해없음,승용,남,58세,중상
2016061100100678,2016년 6월 11일 23시,토요일,광주광역시 북구 두암동,경상사고,0,0,2,0,차대차 - 정면충돌,안전운전불이행,건조,맑음,단일로 - 기타,승용,남,28세,기타불명,승용,여,61세,경상
2016061200100017,2016년 6월 12일 00시,일요일,광주광역시 서구 치평동,경상사고,0,0,1,0,차대차 - 추돌,안전운전불이행,건조,맑음,교차로 - 교차로부근,승용,남,31세,상해없음,승용,남,64세,경상
2016061200100018,2016년 6월 12일 00시,일요일,광주광역시 광산구 장덕동,경상사고,0,0,1,0,차대차 - 추돌,안전운전불이행,건조,맑음,단일로 - 기타,승용,남,41세,상해없음,승용,여,35세,경상
2016061200100077,2016년 6월 12일 04시,일요일,광주광역시 서구 덕흥동,경상사고,0,0,2,0,차대차 - 추돌,안전운전불이행,건조,맑음,단일로 - 기타,승용,남,32세,상해없음,승용,남,52세,경상
2016061200100096,2016년 6월 12일 05시,일요일,광주광역시 북구 두암동,경상사고,0,0,3,0,차대차 - 측면직각충돌,안전운전불이행,건조,맑음,교차로 - 교차로안,승용,여,22세,상해없음,승용,남,26세,경상
2016061200100114,2016년 6월 12일 07시,일요일,광주광역시 서구 금호동,중상사고,0,1,0,0,차대사람 - 횡단중,신호위반,건조,맑음,단일로 - 횡단보도상,승용,남,69세,상해없음,보행자,여,62세,중상
2016061200100115,2016년 6월 12일 07시,일요일,광주광역시 광산구 신촌동,경상사고,0,0,1,0,차대차 - 추돌,안전거리미확보,건조,흐림,단일로 - 기타,승용,여,24세,기타불명,승용,여,34세,경상
2016061200100126,2016년 6월 12일 08시,일요일,광주광역시 광산구 산정동,중상사고,0,1,1,0,차대차 - 측면충돌,신호위반,건조,맑음,교차로 - 교차로안,승용,남,40세,상해없음,화물,남,63세,중상
2016061200100171,2016년 6월 12일 11시,일요일,광주광역시 서구 치평동,경상사고,0,0,2,0,차대차 - 측면직각충돌,신호위반,건조,맑음,교차로 - 교차로부근,승용,여,34세,기타불명,승용,남,55세,경상
2016061200100172,2016년 6월 12일 11시,일요일,광주광역시 광산구 서봉동,경상사고,0,0,1,1,차대차 - 측면직각충돌,안전거리미확보,건조,맑음,단일로 - 기타,화물,남,40세,부상신고,승용,남,32세,경상
2016061200100200,2016년 6월 12일 12시,일요일,광주광역시 서구 화정동,경상사고,0,0,5,0,차대차 - 정면충돌,안전운전불이행,건조,흐림,단일로 - 기타,승용,남,25세,상해없음,화물,남,47세,상해없음
2016061200100256,2016년 6월 12일 14시,일요일,광주광역시 북구 연제동,경상사고,0,0,3,0,차대차 - 측면직각충돌,안전거리미확보,건조,맑음,단일로 - 기타,승용,여,33세,경상,승용,남,52세,경상
2016061200100257,2016년 6월 12일 14시,일요일,광주광역시 북구 동림동,경상사고,0,0,3,0,차대차 - 추돌,안전거리미확보,건조,맑음,단일로 - 기타,승용,여,32세,경상,승용,남,38세,상해없음
2016061200100291,2016년 6월 12일 15시,일요일,광주광역시 광산구 산월동,경상사고,0,0,3,0,차대차 - 추돌,안전거리미확보,건조,맑음,단일로 - 기타,승용,남,53세,상해없음,승용,남,35세,경상
2016061200100317,2016년 6월 12일 16시,일요일,광주광역시 광산구 서봉동,경상사고,0,0,2,0,차대차 - 측면직각충돌,안전거리미확보,건조,맑음,단일로 - 기타,승용,남,60세,상해없음,승용,남,34세,경상
2016061200100346,2016년 6월 12일 17시,일요일,광주광역시 북구 연제동,경상사고,0,0,3,0,차대차 - 측면충돌,안전운전불이행,건조,맑음,단일로 - 기타,승용,남,53세,상해없음,승용,여,38세,경상
2016061200100366,2016년 6월 12일 18시,일요일,광주광역시 남구 송하동,경상사고,0,0,1,0,차대차 - 측면충돌,안전거리미확보,건조,맑음,교차로 - 교차로부근,원동기,남,63세,경상,승용,남,62세,상해없음
2016061200100468,2016년 6월 12일 22시,일요일,광주광역시 남구 서동,경상사고,0,0,1,0,차대차 - 측면직각충돌,안전거리미확보,습기,흐림,교차로 - 교차로부근,승용,여,39세,상해없음,이륜,남,20세,경상
2016061200100469,2016년 6월 12일 22시,일요일,광주광역시 북구 중흥동,경상사고,0,0,2,0,차대차 - 측면직각충돌,불법유턴,건조,맑음,단일로 - 기타,승용,남,29세,상해없음,승용,남,33세,경상
2016061300100007,2016년 6월 13일 00시,월요일,광주광역시 서구 농성동,경상사고,0,0,1,0,차대차 - 기타,안전운전불이행,건조,맑음,단일로 - 기타,승용,남,33세,상해없음,원동기,남,21세,경상
2016061300100081,2016년 6월 13일 07시,월요일,광주광역시 북구 운암동,중상사고,0,1,0,0,차대사람 - 횡단중,보행자보호의무위반,건조,맑음,단일로 - 횡단보도상,승용,남,36세,상해없음,보행자,남,77세,중상
2016061300100082,2016년 6월 13일 07시,월요일,광주광역시 광산구 비아동,경상사고,0,0,1,0,차대사람 - 기타,안전운전불이행,건조,맑음,교차로 - 교차로안,승용,남,39세,상해없음,보행자,남,36세,경상
2016061300100115,2016년 6월 13일 08시,월요일,광주광역시 서구 광천동,중상사고,0,3,2,0,차대차 - 정면충돌,중앙선침범,건조,맑음,단일로 - 기타,승합,남,67세,중상,승용,남,29세,중상
2016061300100145,2016년 6월 13일 09시,월요일,광주광역시 북구 풍향동,경상사고,0,0,1,0,차대사람 - 횡단중,안전운전불이행,건조,맑음,교차로 - 교차로안,승합,여,50세,상해없음,보행자,남,68세,경상
2016061300100187,2016년 6월 13일 10시,월요일,광주광역시 서구 매월동,경상사고,0,0,1,0,차대차 - 추돌,안전거리미확보,건조,맑음,교차로 - 교차로부근,승합,남,64세,상해없음,승용,여,23세,경상
2016061300100188,2016년 6월 13일 10시,월요일,광주광역시 북구 일곡동,경상사고,0,0,1,0,차대차 - 측면충돌,교차로운행방법위반,건조,맑음,교차로 - 교차로안,승용,남,21세,상해없음,승용,여,52세,경상
2016061300100212,2016년 6월 13일 11시,월요일,광주광역시 광산구 신촌동,중상사고,0,1,0,0,차대차 - 측면충돌,중앙선침범,건조,맑음,교차로 - 교차로안,승용,남,42세,상해없음,원동기,남,38세,중상
2016061300100268,2016년 6월 13일 13시,월요일,광주광역시 서구 화정동,경상사고,0,0,1,0,차대사람 - 횡단중,신호위반,건조,맑음,교차로 - 교차로부근,승용,여,39세,상해없음,보행자,여,74세,경상
2016061300100340,2016년 6월 13일 15시,월요일,광주광역시 서구 매월동,경상사고,0,0,1,1,차대차 - 측면직각충돌,안전운전불이행,건조,맑음,교차로 - 교차로안,화물,남,26세,부상신고,건설기계,남,42세,경상
2016061300100341,2016년 6월 13일 15시,월요일,광주광역시 남구 송하동,경상사고,0,0,1,0,차대차 - 추돌,안전거리미확보,건조,맑음,단일로 - 기타,화물,남,46세,상해없음,승용,남,42세,경상
2016061300100382,2016년 6월 13일 16시,월요일,광주광역시 북구 임동,경상사고,0,0,1,0,차대차 - 측면충돌,신호위반,건조,맑음,교차로 - 교차로안,승용,여,44세,상해없음,승용,남,36세,상해없음
2016061300100383,2016년 6월 13일 16시,월요일,광주광역시 북구 망월동,중상사고,0,1,5,0,차대차 - 측면충돌,안전운전불이행,건조,맑음,단일로 - 기타,승용,여,56세,상해없음,승합,남,48세,경상
2016061300100469,2016년 6월 13일 18시,월요일,광주광역시 서구 양동,경상사고,0,0,1,0,차대차 - 추돌,안전운전불이행,건조,맑음,교차로 - 교차로부근,승용,남,59세,상해없음,승용,여,34세,경상
2016061300100470,2016년 6월 13일 18시,월요일,광주광역시 북구 일곡동,경상사고,0,0,2,0,차대차 - 기타,안전운전불이행,건조,맑음,단일로 - 기타,이륜,남,16세,경상,자전거,남,12세,경상
2016061300100471,2016년 6월 13일 18시,월요일,광주광역시 북구 신용동,중상사고,0,1,0,0,차대차 - 추돌,안전운전불이행,건조,맑음,단일로 - 기타,화물,남,52세,상해없음,승용,여,45세,중상
2016061300100472,2016년 6월 13일 18시,월요일,광주광역시 광산구 운남동,경상사고,0,0,2,0,차대차 - 측면직각충돌,안전운전불이행,건조,맑음,단일로 - 기타,승용,남,56세,기타불명,승용,남,35세,경상
2016061300100511,2016년 6월 13일 19시,월요일,광주광역시 북구 운암동,경상사고,0,0,1,0,차대사람 - 기타,안전운전불이행,건조,맑음,단일로 - 기타,화물,남,63세,상해없음,보행자,남,51세,경상
2016061300100512,2016년 6월 13일 19시,월요일,광주광역시 북구 오치동,경상사고,0,0,1,0,차대차 - 추돌,안전운전불이행,건조,맑음,교차로 - 교차로부근,승용,남,22세,상해없음,승용,남,65세,경상
2016061400100133,2016년 6월 14일 08시,화요일,광주광역시 남구 봉선동,중상사고,0,1,0,0,차대차 - 측면충돌,교차로운행방법위반,건조,맑음,교차로 - 교차로안,승용,남,67세,상해없음,자전거,여,55세,중상
2016061400100134,2016년 6월 14일 08시,화요일,광주광역시 남구 지석동,경상사고,0,0,1,0,차대차 - 기타,안전거리미확보,건조,맑음,단일로 - 기타,승합,남,48세,상해없음,승용,남,29세,경상
2016061400100135,2016년 6월 14일 08시,화요일,광주광역시 북구 양산동,중상사고,0,1,0,0,차대사람 - 횡단중,보행자보호의무위반,건조,맑음,단일로 - 횡단보도상,승용,여,44세,상해없음,보행자,여,7세,중상
2016061400100250,2016년 6월 14일 12시,화요일,광주광역시 남구 봉선동,경상사고,0,0,3,0,차대차 - 측면충돌,교차로운행방법위반,건조,맑음,교차로 - 교차로안,승용,남,58세,상해없음,승용,남,25세,경상
2016061400100310,2016년 6월 14일 14시,화요일,광주광역시 북구 문흥동,경상사고,0,0,1,0,차대차 - 기타,안전거리미확보,건조,맑음,단일로 - 기타,승용,남,73세,상해없음,승합,남,47세,경상
2016061400100384,2016년 6월 14일 16시,화요일,광주광역시 서구 금호동,경상사고,0,0,1,0,차대차 - 추돌,안전운전불이행,건조,맑음,단일로 - 기타,승용,남,35세,상해없음,승용,남,51세,경상
2016061400100385,2016년 6월 14일 16시,화요일,광주광역시 광산구 운남동,경상사고,0,0,1,0,차대사람 - 횡단중,보행자보호의무위반,건조,맑음,단일로 - 횡단보도상,승용,기타불명,기타불명,기타불명,보행자,여,7세,경상
2016061400100457,2016년 6월 14일 18시,화요일,광주광역시 남구 월산동,경상사고,0,0,1,0,차대차 - 추돌,안전운전불이행,건조,맑음,단일로 - 기타,승용,남,32세,기타불명,승용,남,50세,경상
2016061400100458,2016년 6월 14일 18시,화요일,광주광역시 북구 운암동,사망사고,1,0,0,0,차대사람 - 횡단중,안전운전불이행,건조,맑음,단일로 - 기타,승용,남,53세,상해없음,보행자,남,35세,사망
2016061400100459,2016년 6월 14일 18시,화요일,광주광역시 북구 유동,경상사고,0,0,1,0,차량단독 - 기타,안전운전불이행,건조,맑음,교차로 - 교차로부근,승용,남,53세,상해없음,,,,
2016061400100539,2016년 6월 14일 20시,화요일,광주광역시 광산구 선암동,경상사고,0,0,1,0,차대사람 - 횡단중,안전운전불이행,건조,맑음,단일로 - 기타,승용,여,50세,상해없음,보행자,남,58세,경상
2016061400100571,2016년 6월 14일 21시,화요일,광주광역시 남구 진월동,경상사고,0,0,1,0,차대사람 - 횡단중,안전운전불이행,건조,흐림,교차로 - 교차로부근,이륜,남,18세,기타불명,보행자,남,28세,경상
2016061400100572,2016년 6월 14일 21시,화요일,광주광역시 북구 용봉동,경상사고,0,0,1,0,차대사람 - 횡단중,안전운전불이행,건조,맑음,단일로 - 기타,승용,남,25세,상해없음,보행자,여,19세,경상
2016061400100614,2016년 6월 14일 23시,화요일,광주광역시 서구 치평동,경상사고,0,0,2,0,차대차 - 측면직각충돌,안전운전불이행,건조,맑음,교차로 - 교차로부근,승용,남,46세,상해없음,승용,남,26세,경상
2016061400100615,2016년 6월 14일 23시,화요일,광주광역시 북구 용봉동,경상사고,0,0,1,0,차대차 - 정면충돌,교차로운행방법위반,건조,맑음,교차로 - 교차로안,승용,남,52세,상해없음,승용,여,50세,경상
2016061500100016,2016년 6월 15일 00시,수요일,광주광역시 북구 우산동,경상사고,0,0,1,0,차대사람 - 횡단중,안전운전불이행,건조,맑음,단일로 - 기타,승용,남,47세,상해없음,보행자,남,46세,경상
2016061500100017,2016년 6월 15일 00시,수요일,광주광역시 북구 신안동,경상사고,0,0,2,0,차대차 - 측면직각충돌,교차로운행방법위반,건조,맑음,교차로 - 교차로안,승용,남,70세,상해없음,화물,남,28세,경상
2016061500100044,2016년 6월 15일 03시,수요일,광주광역시 서구 금호동,부상신고사고,0,0,0,1,차대사람 - 차도통행중,안전운전불이행,건조,맑음,단일로 - 기타,승용,기타불명,기타불명,기타불명,보행자,남,52세,부상신고
2016061500100045,2016년 6월 15일 03시,수요일,광주광역시 남구 방림동,경상사고,0,0,1,0,차대차 - 측면충돌,직진우회전진행방해,건조,맑음,교차로 - 교차로안,승용,여,36세,상해없음,승용,남,49세,경상
2016061500100107,2016년 6월 15일 07시,수요일,광주광역시 광산구 수완동,중상사고,0,1,0,0,차대차 - 측면직각충돌,차로위반,건조,맑음,교차로 - 교차로안,이륜,남,66세,중상,승용,여,58세,상해없음
2016061500100156,2016년 6월 15일 08시,수요일,광주광역시 동구 산수동,경상사고,0,0,1,0,차량단독 - 기타,기타,건조,맑음,단일로 - 기타,승합,남,48세,상해없음,,,,
2016061500100157,2016년 6월 15일 08시,수요일,광주광역시 북구 신안동,경상사고,0,0,3,0,차대차 - 측면직각충돌,교차로운행방법위반,건조,맑음,교차로 - 교차로안,승용,여,35세,상해없음,승용,남,67세,상해없음
2016061500100202,2016년 6월 15일 09시,수요일,광주광역시 남구 봉선동,경상사고,0,0,2,0,차대차 - 정면충돌,안전운전불이행,건조,맑음,교차로 - 교차로부근,승용,여,41세,상해없음,승용,남,23세,경상
2016061500100406,2016년 6월 15일 16시,수요일,광주광역시 남구 주월동,경상사고,0,0,1,0,차대차 - 측면직각충돌,교차로운행방법위반,건조,맑음,교차로 - 교차로안,승용,남,59세,상해없음,자전거,남,14세,경상
2016061500100407,2016년 6월 15일 16시,수요일,광주광역시 남구 진월동,부상신고사고,0,0,0,1,차대차 - 측면충돌,안전운전불이행,건조,맑음,교차로 - 교차로부근,이륜,남,18세,부상신고,화물,남,58세,상해없음
2016061500100408,2016년 6월 15일 16시,수요일,광주광역시 광산구 운남동,중상사고,0,1,0,0,차대차 - 추돌,안전운전불이행,습기,비,단일로 - 기타,화물,남,24세,중상,승용,남,38세,기타불명
2016061500100477,2016년 6월 15일 18시,수요일,광주광역시 남구 방림동,경상사고,0,0,2,0,차대차 - 추돌,안전운전불이행,건조,맑음,단일로 - 기타,승용,남,30세,상해없음,승합,남,53세,경상
2016061500100506,2016년 6월 15일 19시,수요일,광주광역시 북구 용봉동,경상사고,0,0,3,0,차대차 - 추돌,안전운전불이행,건조,맑음,단일로 - 기타,승용,남,35세,상해없음,승용,남,30세,경상
2016061500100538,2016년 6월 15일 20시,수요일,광주광역시 서구 농성동,경상사고,0,0,1,0,차대사람 - 횡단중,신호위반,기타,비,단일로 - 기타,승용,남,28세,상해없음,보행자,여,28세,경상
2016061500100539,2016년 6월 15일 20시,수요일,광주광역시 북구 일곡동,경상사고,0,0,2,0,차대차 - 측면직각충돌,중앙선침범,습기,비,단일로 - 기타,승용,남,63세,상해없음,승용,남,55세,경상
2016061500100540,2016년 6월 15일 20시,수요일,광주광역시 광산구 송정동,중상사고,0,1,0,0,차대차 - 측면충돌,안전운전불이행,습기,비,교차로 - 교차로안,승용,남,24세,상해없음,이륜,남,16세,중상
2016061500100568,2016년 6월 15일 21시,수요일,광주광역시 북구 연제동,경상사고,0,0,1,0,차대차 - 기타,교차로운행방법위반,습기,흐림,교차로 - 교차로부근,승합,남,55세,기타불명,승용,여,40세,경상
2016061500100569,2016년 6월 15일 21시,수요일,광주광역시 광산구 운남동,경상사고,0,0,1,1,차대사람 - 횡단중,안전운전불이행,건조,맑음,단일로 - 기타,이륜,남,24세,부상신고,보행자,남,17세,경상
2016061500100594,2016년 6월 15일 22시,수요일,광주광역시 북구 신안동,경상사고,0,0,3,0,차대차 - 측면직각충돌,안전운전불이행,습기,비,단일로 - 기타,승용,남,25세,상해없음,승용,남,37세,경상
2016061500100595,2016년 6월 15일 22시,수요일,광주광역시 북구 용봉동,경상사고,0,0,1,0,차량단독 - 전도전복,안전운전불이행,습기,비,단일로 - 기타,승용,남,56세,상해없음,,,,
2016061500100621,2016년 6월 15일 23시,수요일,광주광역시 동구 계림동,경상사고,0,0,2,0,차대차 - 측면직각충돌,교차로운행방법위반,건조,맑음,기타 - 기타,승용,남,19세,상해없음,승용,남,24세,경상
2016061500100622,2016년 6월 15일 23시,수요일,광주광역시 서구 마륵동,경상사고,0,0,1,0,차대차 - 추돌,안전운전불이행,습기,비,교차로 - 교차로부근,승용,남,49세,상해없음,승용,남,41세,경상
2016061500100623,2016년 6월 15일 23시,수요일,광주광역시 광산구 산정동,경상사고,0,0,1,0,차대차 - 정면충돌,안전운전불이행,건조,맑음,단일로 - 기타,승용,남,58세,상해없음,승용,기타불명,기타불명,기타불명
2016061500100624,2016년 6월 15일 23시,수요일,광주광역시 광산구 우산동,경상사고,0,0,4,0,차대차 - 측면충돌,안전운전불이행,습기,비,단일로 - 기타,승용,남,32세,상해없음,승용,여,41세,경상
2016061600100012,2016년 6월 16일 00시,목요일,광주광역시 광산구 월계동,경상사고,0,0,1,0,차대차 - 정면충돌,중앙선침범,습기,비,교차로 - 교차로부근,승용,남,18세,기타불명,승용,여,55세,경상
2016061600100043,2016년 6월 16일 03시,목요일,광주광역시 광산구 우산동,중상사고,0,1,1,0,차대차 - 추돌,안전운전불이행,건조,맑음,단일로 - 기타,승용,남,44세,중상,화물,남,52세,경상
2016061600100151,2016년 6월 16일 09시,목요일,광주광역시 광산구 하남동,경상사고,0,0,2,0,차대차 - 정면충돌,교차로운행방법위반,건조,맑음,교차로 - 교차로안,승용,여,46세,상해없음,승용,남,49세,경상
2016061600100179,2016년 6월 16일 10시,목요일,광주광역시 광산구 송정동,경상사고,0,0,1,0,차대사람 - 횡단중,안전운전불이행,건조,흐림,단일로 - 기타,기타불명,기타불명,기타불명,기타불명,보행자,남,42세,경상
2016061600100262,2016년 6월 16일 13시,목요일,광주광역시 동구 학동,경상사고,0,0,1,0,차대사람 - 기타,안전운전불이행,건조,맑음,단일로 - 기타,승용,남,70세,상해없음,보행자,남,55세,경상
2016061600100329,2016년 6월 16일 15시,목요일,광주광역시 광산구 신가동,중상사고,0,1,1,0,차대사람 - 횡단중,안전운전불이행,건조,맑음,단일로 - 기타,승용,여,46세,상해없음,보행자,여,70세,중상
2016061600100396,2016년 6월 16일 17시,목요일,광주광역시 북구 중흥동,경상사고,0,0,1,0,차대차 - 측면직각충돌,신호위반,건조,맑음,교차로 - 교차로안,이륜,남,17세,경상,승용,남,50세,상해없음
2016061600100397,2016년 6월 16일 17시,목요일,광주광역시 북구 두암동,경상사고,0,0,1,0,차대사람 - 횡단중,보행자보호의무위반,건조,맑음,단일로 - 횡단보도상,승용,여,68세,상해없음,보행자,남,11세,경상
2016061600100431,2016년 6월 16일 18시,목요일,광주광역시 서구 쌍촌동,경상사고,0,0,2,0,차대차 - 추돌,안전운전불이행,건조,맑음,단일로 - 기타,승용,남,62세,상해없음,승용,여,49세,경상
2016061600100432,2016년 6월 16일 18시,목요일,광주광역시 광산구 월계동,중상사고,0,1,0,0,차대사람 - 횡단중,보행자보호의무위반,건조,맑음,교차로 - 교차로부근,승용,여,43세,상해없음,보행자,여,8세,중상
2016061600100433,2016년 6월 16일 18시,목요일,광주광역시 광산구 월곡동,경상사고,0,0,2,0,차대차 - 측면충돌,안전운전불이행,건조,맑음,단일로 - 기타,승용,남,36세,경상,승용,남,54세,경상
2016061600100491,2016년 6월 16일 20시,목요일,광주광역시 북구 우산동,경상사고,0,0,1,0,차대사람 - 기타,안전운전불이행,건조,맑음,단일로 - 기타,승용,여,61세,상해없음,보행자,남,54세,경상