사고번호,사고일시,요일,시군구,사고내용,사망자수,중상자수,경상자수,부상신고자수,사고유형,법규위반,노면상태,기상상태,도로형태,가해운전자 차종,가해운전자 성별,가해운전자 연령,가해운전자 상해정도,피해운전자 차종,피해운전자 성별,피해운전자 연령,피해운전자 상해정도
2016062200100125,2016년 6월 22일 08시,수요일,광주광역시 북구 삼각동,경상사고,0,0,1,0,차대사람 - 횡단중,신호위반,건조,맑음,단일로 - 횡단보도상,승용,여,22세,상해없음,보행자,여,10세,경상
2016062200100148,2016년 6월 22일 09시,수요일,광주광역시 북구 신안동,중상사고,0,1,0,0,차대사람 - 횡단중,신호위반,건조,맑음,단일로 - 기타,승용,남,68세,상해없음,보행자,여,68세,중상
2016062200100162,2016년 6월 22일 10시,수요일,광주광역시 서구 광천동,중상사고,0,1,0,0,차대사람 - 횡단중,보행자보호의무위반,건조,맑음,단일로 - 기타,승용,여,56세,상해없음,보행자,여,65세,중상
2016062200100187,2016년 6월 22일 11시,수요일,광주광역시 북구 두암동,경상사고,0,0,1,0,차대사람 - 횡단중,안전운전불이행,건조,맑음,단일로 - 기타,승용,여,68세,상해없음,보행자,남,31세,경상
2016062200100188,2016년 6월 22일 11시,수요일,광주광역시 북구 용두동,경상사고,0,0,1,0,차대사람 - 기타,기타,습기,비,단일로 - 횡단보도부근,승용,남,44세,상해없음,보행자,여,17세,경상
2016062200100258,2016년 6월 22일 13시,수요일,광주광역시 남구 봉선동,사망사고,1,0,0,0,차대사람 - 횡단중,안전운전불이행,습기,비,교차로 - 교차로안,승용,여,46세,상해없음,보행자,남,84세,사망
2016062200100259,2016년 6월 22일 13시,수요일,광주광역시 광산구 우산동,경상사고,0,0,2,0,차대차 - 정면충돌,안전운전불이행,습기,비,단일로 - 기타,승용,여,51세,경상,승용,남,34세,경상
2016062200100327,2016년 6월 22일 15시,수요일,광주광역시 북구 신안동,경상사고,0,0,1,0,차대차 - 추돌,신호위반,습기,비,교차로 - 교차로안,이륜,남,45세,경상,승용,남,26세,상해없음
2016062200100328,2016년 6월 22일 15시,수요일,광주광역시 북구 신안동,경상사고,0,0,1,0,차대차 - 정면충돌,안전거리미확보,건조,맑음,교차로 - 교차로부근,승용,여,21세,상해없음,승용,여,31세,경상
2016062200100407,2016년 6월 22일 17시,수요일,광주광역시 북구 동림동,경상사고,0,0,3,0,차대차 - 추돌,안전운전불이행,건조,맑음,단일로 - 기타,승용,남,66세,상해없음,화물,남,55세,상해없음
2016062200100457,2016년 6월 22일 18시,수요일,광주광역시 서구 화정동,경상사고,0,0,1,0,차대차 - 측면직각충돌,안전거리미확보,건조,맑음,단일로 - 기타,승용,남,41세,상해없음,원동기,남,34세,경상
2016062200100487,2016년 6월 22일 19시,수요일,광주광역시 남구 봉선동,경상사고,0,0,1,0,차대차 - 기타,교차로운행방법위반,건조,흐림,교차로 - 교차로부근,이륜,남,18세,경상,승용,남,31세,상해없음
2016062200100515,2016년 6월 22일 20시,수요일,광주광역시 동구 대인동,중상사고,0,1,1,0,차대차 - 정면충돌,신호위반,습기,흐림,교차로 - 교차로안,승용,여,45세,경상,승용,남,58세,중상
2016062200100516,2016년 6월 22일 20시,수요일,광주광역시 남구 진월동,중상사고,0,1,0,0,차대사람 - 횡단중,중앙선침범,건조,맑음,단일로 - 기타,이륜,남,17세,상해없음,보행자,여,82세,중상
2016062200100561,2016년 6월 22일 22시,수요일,광주광역시 서구 농성동,경상사고,0,0,2,0,차대차 - 측면직각충돌,차로위반,건조,맑음,단일로 - 기타,승용,남,66세,상해없음,이륜,남,22세,경상
2016062200100562,2016년 6월 22일 22시,수요일,광주광역시 광산구 월계동,경상사고,0,0,1,0,차대사람 - 횡단중,안전운전불이행,건조,흐림,단일로 - 기타,승용,남,29세,기타불명,보행자,여,21세,경상
2016062200100563,2016년 6월 22일 22시,수요일,광주광역시 광산구 수완동,경상사고,0,0,1,0,차대사람 - 횡단중,신호위반,습기,비,단일로 - 기타,승용,남,56세,상해없음,보행자,여,17세,경상
2016062300100139,2016년 6월 23일 08시,목요일,광주광역시 동구 산수동,경상사고,0,0,1,0,차대차 - 측면직각충돌,안전운전불이행,건조,맑음,단일로 - 횡단보도부근,이륜,남,42세,경상,화물,남,28세,상해없음
2016062300100140,2016년 6월 23일 08시,목요일,광주광역시 북구 매곡동,경상사고,0,0,1,0,차대차 - 정면충돌,안전운전불이행,건조,맑음,교차로 - 교차로안,승용,남,30세,기타불명,승용,남,42세,경상
2016062300100141,2016년 6월 23일 08시,목요일,광주광역시 북구 동림동,중상사고,0,1,0,0,차대사람 - 횡단중,보행자보호의무위반,건조,맑음,교차로 - 교차로안,화물,남,47세,상해없음,보행자,여,63세,중상
2016062300100176,2016년 6월 23일 09시,목요일,광주광역시 북구 각화동,경상사고,0,0,2,0,차대차 - 측면충돌,안전운전불이행,건조,맑음,교차로 - 교차로안,특수,남,60세,상해없음,승용,남,50세,경상
2016062300100219,2016년 6월 23일 11시,목요일,광주광역시 서구 광천동,경상사고,0,0,1,0,차대사람 - 길가장자리구역통행중,안전운전불이행,건조,맑음,교차로 - 교차로부근,승용,여,67세,상해없음,보행자,남,58세,경상
2016062300100220,2016년 6월 23일 11시,목요일,광주광역시 북구 문흥동,부상신고사고,0,0,0,1,차대차 - 정면충돌,안전운전불이행,건조,맑음,단일로 - 기타,승용,여,44세,상해없음,원동기,남,19세,부상신고
2016062300100304,2016년 6월 23일 14시,목요일,광주광역시 광산구 송정동,중상사고,0,1,3,0,차대차 - 측면직각충돌,직진우회전진행방해,건조,맑음,교차로 - 교차로안,승용,여,45세,경상,승용,남,50세,경상
2016062300100341,2016년 6월 23일 15시,목요일,광주광역시 북구 연제동,부상신고사고,0,0,0,1,차대사람 - 횡단중,안전운전불이행,건조,맑음,교차로 - 교차로부근,승합,기타불명,29세,기타불명,보행자,여,8세,부상신고
2016062300100373,2016년 6월 23일 16시,목요일,광주광역시 서구 풍암동,경상사고,0,0,1,0,차대차 - 측면직각충돌,안전운전불이행,건조,맑음,단일로 - 기타,승용,남,67세,상해없음,승용,여,38세,경상
2016062300100446,2016년 6월 23일 18시,목요일,광주광역시 남구 서동,중상사고,0,1,0,0,차대사람 - 횡단중,안전운전불이행,건조,맑음,단일로 - 기타,승용,남,57세,상해없음,보행자,남,8세,중상
2016062300100501,2016년 6월 23일 20시,목요일,광주광역시 광산구 수완동,경상사고,0,0,1,0,차대차 - 기타,차로위반,건조,맑음,단일로 - 기타,승용,남,39세,상해없음,원동기,남,22세,경상
2016062300100528,2016년 6월 23일 21시,목요일,광주광역시 북구 동림동,경상사고,0,0,1,0,차대차 - 추돌,안전운전불이행,건조,맑음,교차로 - 교차로부근,화물,남,52세,상해없음,승용,남,50세,경상
2016062300100566,2016년 6월 23일 22시,목요일,광주광역시 북구 운암동,경상사고,0,0,1,0,차대차 - 정면충돌,안전운전불이행,건조,맑음,교차로 - 교차로안,원동기,남,34세,상해없음,승용,남,49세,경상
2016062400100218,2016년 6월 24일 09시,금요일,광주광역시 서구 광천동,경상사고,0,0,6,0,차대차 - 측면충돌,안전거리미확보,건조,맑음,단일로 - 기타,화물,남,57세,상해없음,승용,남,22세,경상
2016062400100279,2016년 6월 24일 11시,금요일,광주광역시 광산구 소촌동,경상사고,0,0,1,0,차대차 - 측면충돌,안전운전불이행,습기,흐림,교차로 - 교차로부근,화물,남,40세,상해없음,원동기,남,61세,경상
2016062400100359,2016년 6월 24일 14시,금요일,광주광역시 북구 두암동,중상사고,0,1,0,0,차대차 - 측면직각충돌,중앙선침범,건조,맑음,단일로 - 기타,승용,여,40세,상해없음,승용,남,49세,중상
2016062400100389,2016년 6월 24일 15시,금요일,광주광역시 서구 농성동,경상사고,0,0,1,0,차대사람 - 횡단중,보행자보호의무위반,건조,흐림,단일로 - 횡단보도상,승용,여,75세,상해없음,보행자,여,10세,경상
2016062400100424,2016년 6월 24일 16시,금요일,광주광역시 광산구 월곡동,중상사고,0,1,0,0,차대차 - 측면직각충돌,교차로운행방법위반,건조,맑음,교차로 - 교차로안,승용,남,34세,상해없음,원동기,남,24세,중상
2016062400100465,2016년 6월 24일 17시,금요일,광주광역시 동구 광산동,경상사고,0,0,1,0,차대차 - 기타,안전거리미확보,건조,맑음,교차로 - 교차로안,승용,남,25세,상해없음,승용,여,51세,경상
2016062400100497,2016년 6월 24일 18시,금요일,광주광역시 서구 화정동,경상사고,0,0,4,0,차대차 - 추돌,안전운전불이행,건조,맑음,단일로 - 기타,승용,남,57세,상해없음,화물,남,58세,경상
2016062400100498,2016년 6월 24일 18시,금요일,광주광역시 광산구 장덕동,경상사고,0,0,1,0,차대차 - 측면충돌,안전운전불이행,건조,맑음,교차로 - 교차로부근,승용,남,40세,상해없음,승용,여,36세,경상
2016062400100562,2016년 6월 24일 20시,금요일,광주광역시 동구 학동,경상사고,0,0,1,0,차대차 - 측면충돌,신호위반,건조,맑음,교차로 - 교차로부근,이륜,남,60세,경상,승용,남,56세,상해없음
2016062400100563,2016년 6월 24일 20시,금요일,광주광역시 북구 삼각동,경상사고,0,0,3,0,차대차 - 측면직각충돌,안전거리미확보,건조,맑음,교차로 - 교차로부근,승용,남,34세,경상,화물,남,46세,경상
2016062400100593,2016년 6월 24일 21시,금요일,광주광역시 남구 주월동,경상사고,0,0,1,0,차대사람 - 기타,기타,건조,맑음,단일로 - 기타,승합,남,50세,상해없음,보행자,여,57세,경상
2016062400100622,2016년 6월 24일 22시,금요일,광주광역시 서구 광천동,경상사고,0,0,1,0,차대차 - 측면직각충돌,교차로운행방법위반,건조,맑음,교차로 - 교차로안,승용,남,57세,상해없음,승용,남,26세,경상
2016062400100623,2016년 6월 24일 22시,금요일,광주광역시 북구 유동,사망사고,1,0,0,0,차대사람 - 횡단중,안전운전불이행,건조,맑음,단일로 - 기타,승용,남,32세,상해없음,보행자,남,71세,사망
2016062400100624,2016년 6월 24일 22시,금요일,광주광역시 광산구 송정동,경상사고,0,0,1,0,차대차 - 측면직각충돌,안전거리미확보,건조,맑음,교차로 - 교차로안,자전거,남,13세,경상,승합,남,60세,상해없음
2016062400100646,2016년 6월 24일 23시,금요일,광주광역시 광산구 장덕동,중상사고,0,1,1,0,차대사람 - 횡단중,신호위반,건조,맑음,단일로 - 횡단보도상,이륜,남,16세,중상,보행자,여,20세,경상
2016062500100019,2016년 6월 25일 00시,토요일,광주광역시 북구 유동,경상사고,0,0,3,0,차대차 - 정면충돌,안전운전불이행,건조,맑음,단일로 - 기타,승용,남,32세,상해없음,승용,여,27세,경상
2016062500100039,2016년 6월 25일 01시,토요일,광주광역시 광산구 신창동,경상사고,0,0,2,0,차대사람 - 기타,안전운전불이행,건조,맑음,단일로 - 기타,승용,남,40세,상해없음,보행자,남,28세,경상
2016062500100073,2016년 6월 25일 03시,토요일,광주광역시 서구 치평동,중상사고,0,1,0,0,차대차 - 측면충돌,신호위반,건조,맑음,교차로 - 교차로안,승용,남,58세,상해없음,승용,남,21세,상해없음
2016062500100074,2016년 6월 25일 03시,토요일,광주광역시 광산구 장덕동,중상사고,0,2,1,0,차대차 - 측면충돌,신호위반,건조,맑음,교차로 - 교차로안,승용,남,60세,상해없음,승용,남,49세,중상
2016062500100085,2016년 6월 25일 04시,토요일,광주광역시 북구 양산동,사망사고,1,0,0,0,차량단독 - 전도전복,안전운전불이행,건조,맑음,단일로 - 기타,승용,남,25세,사망,,,,
2016062500100100,2016년 6월 25일 05시,토요일,광주광역시 광산구 월곡동,경상사고,0,0,1,0,차대차 - 측면직각충돌,안전운전불이행,건조,맑음,단일로 - 기타,승용,남,30세,상해없음,승용,남,32세,경상
2016062500100136,2016년 6월 25일 07시,토요일,광주광역시 광산구 도산동,경상사고,0,0,1,0,차대차 - 추돌,안전운전불이행,건조,맑음,단일로 - 기타,화물,남,53세,상해없음,승용,남,49세,경상
2016062500100164,2016년 6월 25일 08시,토요일,광주광역시 서구 유촌동,경상사고,0,0,3,0,차대차 - 측면직각충돌,안전운전불이행,건조,맑음,교차로 - 교차로부근,승용,남,36세,상해없음,화물,남,29세,경상
2016062500100188,2016년 6월 25일 09시,토요일,광주광역시 북구 운암동,경상사고,0,0,1,0,차대사람 - 횡단중,안전운전불이행,건조,맑음,단일로 - 기타,승용,남,51세,상해없음,보행자,여,76세,경상
2016062500100237,2016년 6월 25일 10시,토요일,광주광역시 서구 풍암동,경상사고,0,0,1,0,차대사람 - 횡단중,보행자보호의무위반,건조,맑음,단일로 - 기타,승용,남,44세,상해없음,보행자,남,7세,경상
2016062500100238,2016년 6월 25일 10시,토요일,광주광역시 북구 두암동,중상사고,0,1,0,0,차대사람 - 횡단중,안전운전불이행,건조,맑음,단일로 - 기타,승용,남,49세,상해없음,보행자,남,8세,중상
2016062500100256,2016년 6월 25일 11시,토요일,광주광역시 서구 광천동,중상사고,0,1,0,0,차대사람 - 횡단중,안전운전불이행,건조,맑음,단일로 - 기타,승용,남,55세,상해없음,보행자,여,32세,중상
2016062500100257,2016년 6월 25일 11시,토요일,광주광역시 광산구 쌍암동,경상사고,0,0,2,0,차대차 - 추돌,안전운전불이행,건조,맑음,교차로 - 교차로안,승용,여,61세,상해없음,자전거,남,19세,경상
2016062500100292,2016년 6월 25일 12시,토요일,광주광역시 광산구 송정동,경상사고,0,0,1,0,차대사람 - 기타,안전운전불이행,건조,맑음,단일로 - 기타,승용,남,68세,상해없음,보행자,남,44세,경상
2016062500100293,2016년 6월 25일 12시,토요일,광주광역시 광산구 월곡동,경상사고,0,0,1,0,차대사람 - 보도통행중,기타,건조,맑음,단일로 - 기타,승용,남,38세,상해없음,보행자,여,10세,경상
2016062500100334,2016년 6월 25일 13시,토요일,광주광역시 남구 주월동,경상사고,0,0,1,0,차대차 - 측면충돌,안전거리미확보,건조,맑음,단일로 - 기타,화물,남,37세,상해없음,승용,남,63세,경상
2016062500100335,2016년 6월 25일 13시,토요일,광주광역시 남구 주월동,중상사고,0,1,0,0,차대차 - 측면직각충돌,신호위반,건조,맑음,단일로 - 횡단보도부근,승용,남,75세,상해없음,자전거,남,14세,중상
2016062500100379,2016년 6월 25일 14시,토요일,광주광역시 북구 매곡동,경상사고,0,0,1,0,차대차 - 정면충돌,안전운전불이행,건조,맑음,단일로 - 기타,승용,남,63세,상해없음,승용,남,37세,경상
2016062500100466,2016년 6월 25일 16시,토요일,광주광역시 동구 충장로4가,경상사고,0,0,3,0,차대차 - 기타,안전거리미확보,건조,맑음,단일로 - 기타,승용,남,50세,상해없음,승용,남,28세,경상
2016062500100506,2016년 6월 25일 17시,토요일,광주광역시 서구 쌍촌동,경상사고,0,0,3,0,차대차 - 기타,안전거리미확보,건조,맑음,단일로 - 기타,승용,여,38세,상해없음,승용,여,48세,경상
2016062500100551,2016년 6월 25일 18시,토요일,광주광역시 광산구 선암동,경상사고,0,0,1,0,차대차 - 측면충돌,안전운전불이행,건조,맑음,교차로 - 교차로안,승용,남,42세,상해없음,자전거,남,12세,경상
2016062500100552,2016년 6월 25일 18시,토요일,광주광역시 광산구 운남동,경상사고,0,0,3,4,차대차 - 측면직각충돌,안전운전불이행,건조,맑음,교차로 - 교차로부근,승용,남,44세,부상신고,승용,여,30세,경상
2016062500100605,2016년 6월 25일 20시,토요일,광주광역시 북구 양산동,중상사고,0,1,0,0,차대차 - 측면직각충돌,안전운전불이행,건조,맑음,단일로 - 기타,원동기,남,16세,중상,승용,남,52세,상해없음
2016062500100660,2016년 6월 25일 22시,토요일,광주광역시 서구 농성동,경상사고,0,0,1,0,차대차 - 측면직각충돌,안전운전불이행,건조,맑음,교차로 - 교차로안,승용,남,32세,상해없음,승용,여,24세,경상
2016062600100018,2016년 6월 26일 00시,일요일,광주광역시 북구 임동,경상사고,0,0,3,0,차대차 - 측면충돌,신호위반,건조,맑음,교차로 - 교차로안,승용,남,65세,경상,승용,남,37세,경상
2016062600100075,2016년 6월 26일 05시,일요일,광주광역시 남구 송하동,경상사고,0,0,2,0,차대차 - 측면직각충돌,신호위반,건조,맑음,교차로 - 교차로안,승용,여,57세,경상,승합,남,45세,경상
2016062600100076,2016년 6월 26일 05시,일요일,광주광역시 북구 청풍동,중상사고,0,1,0,0,차대차 - 측면충돌,중앙선침범,건조,맑음,단일로 - 기타,원동기,남,18세,중상,승용,남,50세,상해없음
2016062600100184,2016년 6월 26일 11시,일요일,광주광역시 서구 금호동,중상사고,0,1,0,0,차대차 - 측면직각충돌,교차로운행방법위반,건조,맑음,교차로 - 교차로안,승용,여,41세,상해없음,이륜,남,58세,중상
2016062600100282,2016년 6월 26일 14시,일요일,광주광역시 서구 농성동,경상사고,0,0,1,0,차대사람 - 길가장자리구역통행중,안전운전불이행,건조,맑음,단일로 - 기타,승용,여,56세,상해없음,보행자,남,56세,경상
2016062600100283,2016년 6월 26일 14시,일요일,광주광역시 북구 임동,경상사고,0,0,1,0,차대차 - 추돌,안전운전불이행,건조,맑음,교차로 - 교차로안,승용,남,25세,상해없음,승용,여,31세,경상
2016062600100307,2016년 6월 26일 15시,일요일,광주광역시 서구 치평동,경상사고,0,0,1,0,차량단독 - 기타,신호위반,건조,맑음,교차로 - 교차로안,승용,남,32세,상해없음,,,,
2016062600100331,2016년 6월 26일 16시,일요일,광주광역시 서구 양동,경상사고,0,0,3,0,차대차 - 측면직각충돌,차로위반,건조,맑음,단일로 - 기타,승용,남,46세,기타불명,승용,남,35세,경상
2016062600100378,2016년 6월 26일 18시,일요일,광주광역시 서구 치평동,경상사고,0,0,3,0,차대차 - 정면충돌,신호위반,건조,맑음,교차로 - 교차로안,승용,여,34세,상해없음,승합,남,55세,경상
2016062600100379,2016년 6월 26일 18시,일요일,광주광역시 광산구 소촌동,중상사고,0,2,0,0,차대차 - 추돌,안전거리미확보,건조,맑음,단일로 - 기타,승용,남,51세,중상,화물,남,66세,중상
2016062600100433,2016년 6월 26일 20시,일요일,광주광역시 동구 월남동,경상사고,0,0,1,0,차량단독 - 기타,안전운전불이행,건조,맑음,교차로 - 교차로부근,승용,남,32세,상해없음,,,,
2016062600100434,2016년 6월 26일 20시,일요일,광주광역시 북구 운암동,경상사고,0,0,1,0,차대차 - 기타,교차로운행방법위반,건조,맑음,단일로 - 기타,승용,남,59세,상해없음,승용,남,43세,경상
2016062700100011,2016년 6월 27일 00시,월요일,광주광역시 북구 용봉동,경상사고,0,0,1,0,차대차 - 측면충돌,안전운전불이행,건조,맑음,교차로 - 교차로안,승용,남,49세,상해없음,자전거,남,54세,경상
2016062700100038,2016년 6월 27일 05시,월요일,광주광역시 광산구 수완동,경상사고,0,0,1,0,차대차 - 측면직각충돌,안전운전불이행,건조,맑음,단일로 - 기타,승용,남,51세,기타불명,승용,남,33세,경상
2016062700100055,2016년 6월 27일 06시,월요일,광주광역시 광산구 임곡동,경상사고,0,0,1,0,차대차 - 측면충돌,중앙선침범,건조,맑음,단일로 - 기타,승용,여,44세,상해없음,승용,남,36세,경상
2016062700100113,2016년 6월 27일 08시,월요일,광주광역시 북구 대촌동,경상사고,0,0,1,0,차대차 - 측면직각충돌,안전운전불이행,건조,맑음,교차로 - 교차로안,이륜,남,86세,경상,화물,남,45세,상해없음
2016062700100114,2016년 6월 27일 08시,월요일,광주광역시 북구 운암동,경상사고,0,0,3,1,차대차 - 측면직각충돌,차로위반,건조,맑음,단일로 - 기타,승용,남,63세,부상신고,승용,남,30세,경상
2016062700100115,2016년 6월 27일 08시,월요일,광주광역시 광산구 도천동,중상사고,0,1,2,0,차대차 - 측면직각충돌,안전운전불이행,건조,맑음,단일로 - 기타,승용,여,38세,중상,승용,여,37세,경상
2016062700100116,2016년 6월 27일 08시,월요일,광주광역시 광산구 신가동,경상사고,0,0,1,0,차대차 - 측면직각충돌,안전거리미확보,건조,맑음,교차로 - 교차로부근,승용,여,48세,상해없음,화물,남,27세,경상
2016062700100150,2016년 6월 27일 09시,월요일,광주광역시 남구 사동,중상사고,0,2,0,0,차대차 - 측면직각충돌,교차로운행방법위반,건조,맑음,교차로 - 교차로안,승용,남,63세,상해없음,승용,여,47세,중상
2016062700100151,2016년 6월 27일 09시,월요일,광주광역시 광산구 신가동,경상사고,0,0,1,0,차대차 - 측면직각충돌,신호위반,건조,맑음,교차로 - 교차로안,승용,남,51세,상해없음,승용,남,39세,경상
2016062700100176,2016년 6월 27일 10시,월요일,광주광역시 남구 봉선동,경상사고,0,0,1,0,차대사람 - 횡단중,안전운전불이행,건조,맑음,단일로 - 횡단보도상,승용,남,61세,상해없음,보행자,여,46세,경상
2016062700100177,2016년 6월 27일 10시,월요일,광주광역시 북구 두암동,경상사고,0,0,2,0,차대차 - 추돌,교차로운행방법위반,건조,맑음,교차로 - 교차로안,승용,남,55세,상해없음,승용,여,44세,경상
2016062700100207,2016년 6월 27일 11시,월요일,광주광역시 서구 양동,경상사고,0,0,1,0,차대차 - 측면직각충돌,신호위반,건조,맑음,교차로 - 교차로안,승용,여,61세,상해없음,승용,여,31세,경상
2016062700100208,2016년 6월 27일 11시,월요일,광주광역시 서구 서창동,부상신고사고,0,0,0,1,차량단독 - 도로외이탈 - 추락,안전운전불이행,건조,맑음,단일로 - 기타,승용,남,16세,상해없음,,,,
2016062700100209,2016년 6월 27일 11시,월요일,광주광역시 남구 송하동,경상사고,0,0,1,0,차대차 - 측면직각충돌,안전운전불이행,건조,맑음,단일로 - 기타,화물,남,64세,상해없음,화물,남,52세,경상
2016062700100210,2016년 6월 27일 11시,월요일,광주광역시 광산구 장덕동,경상사고,0,0,2,0,차대차 - 추돌,안전운전불이행,건조,맑음,단일로 - 기타,승용,여,41세,기타불명,승용,남,27세,경상
2016062700100305,2016년 6월 27일 14시,월요일,광주광역시 북구 용봉동,경상사고,0,0,2,0,차대차 - 측면충돌,안전운전불이행,건조,맑음,단일로 - 기타,승용,남,32세,상해없음,이륜,남,24세,경상
2016062700100376,2016년 6월 27일 16시,월요일,광주광역시 서구 풍암동,경상사고,0,0,1,0,차대차 - 측면충돌,교차로운행방법위반,건조,맑음,교차로 - 교차로안,승용,남,23세,상해없음,이륜,남,23세,경상
2016062700100417,2016년 6월 27일 17시,월요일,광주광역시 북구 운암동,경상사고,0,0,1,0,차대차 - 측면충돌,안전운전불이행,건조,맑음,교차로 - 교차로부근,승용,기타불명,40세,기타불명,승용,남,51세,경상
2016062700100460,2016년 6월 27일 18시,월요일,광주광역시 광산구 산정동,경상사고,0,0,1,0,차대차 - 측면충돌,안전운전불이행,건조,맑음,교차로 - 교차로안,승용,기타불명,기타불명,기타불명,이륜,남,26세,경상
2016062700100488,2016년 6월 27일 19시,월요일,광주광역시 광산구 하남동,경상사고,0,0,1,0,차대차 - 측면직각충돌,안전거리미확보,건조,맑음,교차로 - 교차로부근,승용,남,34세,상해없음,이륜,여,29세,경상
2016062700100518,2016년 6월 27일 20시,월요일,광주광역시 서구 쌍촌동,경상사고,0,0,1,0,차대차 - 기타,안전운전불이행,건조,맑음,교차로 - 교차로안,승용,여,60세,기타불명,승용,남,38세,경상
2016062700100547,2016년 6월 27일 21시,월요일,광주광역시 북구 운암동,경상사고,0,0,3,0,차대차 - 측면직각충돌,교차로운행방법위반,건조,맑음,교차로 - 교차로안,이륜,남,20세,경상,승용,남,41세,경상
2016062700100578,2016년 6월 27일 22시,월요일,광주광역시 광산구 신가동,경상사고,0,0,1,0,차대차 - 정면충돌,안전운전불이행,건조,맑음,교차로 - 교차로부근,승용,남,55세,상해없음,승용,여,37세,경상
2016062700100599,2016년 6월 27일 23시,월요일,광주광역시 북구 각화동,중상사고,0,1,0,0,차대사람 - 횡단중,안전운전불이행,건조,맑음,단일로 - 기타,승용,남,59세,상해없음,보행자,여,38세,중상
2016062800100020,2016년 6월 28일 01시,화요일,광주광역시 서구 치평동,경상사고,0,0,1,0,차대사람 - 횡단중,신호위반,건조,맑음,단일로 - 횡단보도상,기타불명,기타불명,기타불명,기타불명,보행자,남,48세,경상
2016062800100084,2016년 6월 28일 07시,화요일,광주광역시 광산구 월전동,경상사고,0,0,2,0,차대차 - 측면충돌,교차로운행방법위반,건조,맑음,교차로 - 교차로안,승용,남,46세,상해없음,승용,남,37세,경상
2016062800100186,2016년 6월 28일 10시,화요일,광주광역시 서구 양동,경상사고,0,0,1,0,차대사람 - 기타,안전운전불이행,건조,맑음,단일로 - 기타,승용,남,67세,상해없음,보행자,남,48세,경상
2016062800100210,2016년 6월 28일 11시,화요일,광주광역시 서구 풍암동,경상사고,0,0,4,0,차대차 - 정면충돌,신호위반,건조,맑음,교차로 - 교차로안,승합,남,31세,상해없음,승합,남,55세,경상
2016062800100211,2016년 6월 28일 11시,화요일,광주광역시 서구 벽진동,경상사고,0,0,1,0,차대차 - 추돌,안전운전불이행,건조,맑음,교차로 - 교차로부근,이륜,남,48세,상해없음,승합,남,27세,경상
2016062800100212,2016년 6월 28일 11시,화요일,광주광역시 광산구 도천동,경상사고,0,0,1,0,차대차 - 측면충돌,안전운전불이행,건조,맑음,단일로 - 기타,건설기계,남,53세,상해없음,승용,남,34세,경상
2016062800100288,2016년 6월 28일 14시,화요일,광주광역시 서구 치평동,경상사고,0,0,2,0,차대차 - 추돌,안전거리미확보,건조,맑음,단일로 - 기타,화물,남,43세,상해없음,승용,여,48세,경상
2016062800100289,2016년 6월 28일 14시,화요일,광주광역시 북구 두암동,경상사고,0,0,2,0,차대차 - 측면충돌,안전운전불이행,건조,맑음,단일로 - 기타,승합,여,41세,경상,승용,남,55세,상해없음
2016062800100356,2016년 6월 28일 16시,화요일,광주광역시 서구 유촌동,중상사고,0,1,0,0,차대차 - 측면직각충돌,신호위반,건조,맑음,교차로 - 교차로부근,승용,여,43세,상해없음,이륜,남,42세,중상
2016062800100357,2016년 6월 28일 16시,화요일,광주광역시 남구 방림동,중상사고,0,1,0,0,차대사람 - 횡단중,안전운전불이행,건조,맑음,단일로 - 기타,승용,여,45세,상해없음,보행자,여,60세,중상
2016062800100358,2016년 6월 28일 16시,화요일,광주광역시 광산구 신가동,중상사고,0,1,0,0,차대사람 - 횡단중,보행자보호의무위반,건조,맑음,단일로 - 기타,승용,여,34세,상해없음,보행자,남,7세,중상
2016062800100436,2016년 6월 28일 18시,화요일,광주광역시 서구 유촌동,경상사고,0,0,2,0,차대차 - 추돌,안전거리미확보,건조,맑음,단일로 - 기타,승용,남,55세,상해없음,승용,남,31세,경상
2016062800100496,2016년 6월 28일 20시,화요일,광주광역시 광산구 도산동,경상사고,0,0,1,0,차대차 - 측면충돌,교차로운행방법위반,건조,맑음,교차로 - 교차로안,승용,남,46세,상해없음,자전거,남,67세,경상
2016062800100560,2016년 6월 28일 22시,화요일,광주광역시 서구 화정동,경상사고,0,0,1,0,차대사람 - 차도통행중,안전운전불이행,건조,맑음,교차로 - 교차로부근,승용,여,27세,상해없음,보행자,남,63세,경상
2016062800100561,2016년 6월 28일 22시,화요일,광주광역시 북구 일곡동,부상신고사고,0,0,0,1,차대사람 - 횡단중,안전운전불이행,건조,맑음,단일로 - 기타,기타불명,기타불명,59세,기타불명,보행자,남,15세,부상신고
2016062800100562,2016년 6월 28일 22시,화요일,광주광역시 광산구 복룡동,경상사고,0,0,3,0,차대차 - 측면직각충돌,안전거리미확보,건조,맑음,교차로 - 교차로부근,승용,여,51세,경상,승합,남,42세,경상
2016062800100583,2016년 6월 28일 23시,화요일,광주광역시 서구 화정동,경상사고,0,0,1,0,차대사람 - 횡단중,안전운전불이행,습기,비,교차로 - 교차로안,승합,남,42세,상해없음,보행자,남,50세,경상