사고번호,사고일시,요일,시군구,사고내용,사망자수,중상자수,경상자수,부상신고자수,사고유형,법규위반,노면상태,기상상태,도로형태,가해운전자 차종,가해운전자 성별,가해운전자 연령,가해운전자 상해정도,피해운전자 차종,피해운전자 성별,피해운전자 연령,피해운전자 상해정도
2016070500100069,2016년 7월 5일 05시,화요일,광주광역시 광산구 광산동,경상사고,0,0,2,0,차대차 - 측면직각충돌,안전운전불이행,습기,흐림,단일로 - 기타,화물,남,67세,경상,화물,남,62세,경상
2016070500100078,2016년 7월 5일 06시,화요일,광주광역시 광산구 우산동,중상사고,0,1,0,0,차대차 - 측면충돌,안전운전불이행,건조,맑음,교차로 - 교차로부근,원동기,남,66세,중상,승합,남,67세,상해없음
2016070500100094,2016년 7월 5일 07시,화요일,광주광역시 북구 두암동,경상사고,0,0,1,0,차대차 - 측면직각충돌,안전거리미확보,건조,맑음,단일로 - 기타,이륜,남,34세,경상,승용,남,49세,상해없음
2016070500100266,2016년 7월 5일 13시,화요일,광주광역시 북구 신용동,경상사고,0,0,1,0,차대차 - 기타,신호위반,습기,흐림,교차로 - 교차로안,승용,여,40세,상해없음,이륜,남,37세,경상
2016070500100300,2016년 7월 5일 14시,화요일,광주광역시 광산구 신가동,경상사고,0,0,3,0,차대차 - 추돌,안전운전불이행,건조,맑음,단일로 - 횡단보도부근,승용,남,44세,상해없음,승용,여,36세,경상
2016070500100301,2016년 7월 5일 14시,화요일,광주광역시 광산구 소촌동,경상사고,0,0,1,0,차대사람 - 횡단중,신호위반,습기,비,교차로 - 교차로부근,승용,남,48세,상해없음,보행자,남,13세,경상
2016070500100332,2016년 7월 5일 15시,화요일,광주광역시 서구 금호동,경상사고,0,0,2,0,차대차 - 측면직각충돌,안전운전불이행,건조,맑음,단일로 - 기타,승용,남,63세,상해없음,승용,여,39세,경상
2016070500100364,2016년 7월 5일 16시,화요일,광주광역시 남구 봉선동,중상사고,0,1,0,0,차대사람 - 횡단중,안전운전불이행,건조,맑음,단일로 - 횡단보도부근,승용,여,52세,상해없음,보행자,여,6세,중상
2016070500100365,2016년 7월 5일 16시,화요일,광주광역시 북구 연제동,경상사고,0,0,4,0,차대차 - 측면직각충돌,교차로운행방법위반,건조,맑음,교차로 - 교차로안,승용,남,71세,경상,승용,여,25세,경상
2016070500100366,2016년 7월 5일 16시,화요일,광주광역시 광산구 운남동,중상사고,0,1,2,0,차대차 - 측면충돌,교차로운행방법위반,건조,맑음,교차로 - 교차로안,승용,남,37세,경상,승용,남,19세,경상
2016070500100520,2016년 7월 5일 20시,화요일,광주광역시 북구 매곡동,중상사고,0,1,0,0,차대사람 - 횡단중,안전운전불이행,습기,비,교차로 - 교차로안,승용,여,41세,상해없음,보행자,남,54세,중상
2016070500100549,2016년 7월 5일 21시,화요일,광주광역시 서구 벽진동,경상사고,0,0,2,0,차대차 - 추돌,안전운전불이행,습기,비,단일로 - 기타,승용,남,46세,상해없음,승용,남,44세,상해없음
2016070500100550,2016년 7월 5일 21시,화요일,광주광역시 서구 치평동,경상사고,0,0,1,0,차대차 - 정면충돌,안전운전불이행,습기,비,단일로 - 기타,승용,남,52세,상해없음,승용,여,47세,경상
2016070500100551,2016년 7월 5일 21시,화요일,광주광역시 남구 진월동,중상사고,0,1,0,0,차대사람 - 횡단중,안전운전불이행,습기,흐림,단일로 - 기타,승용,남,23세,상해없음,보행자,남,34세,중상
2016070500100552,2016년 7월 5일 21시,화요일,광주광역시 북구 문흥동,경상사고,0,0,2,0,차대차 - 측면충돌,안전운전불이행,습기,비,단일로 - 기타,승용,남,33세,기타불명,승용,여,48세,경상
2016070600100071,2016년 7월 6일 05시,수요일,광주광역시 동구 계림동,경상사고,0,0,1,1,차대차 - 추돌,안전운전불이행,습기,비,단일로 - 기타,승용,남,41세,상해없음,승용,남,41세,경상
2016070600100072,2016년 7월 6일 05시,수요일,광주광역시 서구 내방동,경상사고,0,0,3,1,차대차 - 정면충돌,과속,기타,기타,교차로 - 교차로부근,승용,남,43세,경상,승용,남,51세,경상
2016070600100073,2016년 7월 6일 05시,수요일,광주광역시 서구 풍암동,경상사고,0,0,3,1,차대차 - 정면충돌,신호위반,습기,흐림,교차로 - 교차로안,승용,남,56세,부상신고,승용,남,60세,경상
2016070600100175,2016년 7월 6일 09시,수요일,광주광역시 서구 치평동,경상사고,0,0,1,0,차량단독 - 기타,안전운전불이행,건조,맑음,교차로 - 교차로부근,승용,남,57세,상해없음,,,,
2016070600100223,2016년 7월 6일 11시,수요일,광주광역시 광산구 신창동,경상사고,0,0,1,0,차대차 - 측면충돌,차로위반,건조,맑음,단일로 - 기타,이륜,남,26세,상해없음,승용,남,64세,상해없음
2016070600100257,2016년 7월 6일 12시,수요일,광주광역시 광산구 비아동,중상사고,0,1,1,0,차대차 - 측면직각충돌,신호위반,건조,맑음,교차로 - 교차로안,화물,남,65세,상해없음,화물,남,45세,중상
2016070600100258,2016년 7월 6일 12시,수요일,광주광역시 광산구 도천동,경상사고,0,0,1,0,차대차 - 정면충돌,안전운전불이행,건조,맑음,단일로 - 기타,화물,남,29세,상해없음,승용,여,27세,경상
2016070600100288,2016년 7월 6일 13시,수요일,광주광역시 동구 학동,중상사고,0,1,2,1,차대사람 - 기타,기타,건조,맑음,단일로 - 기타,승용,여,49세,상해없음,보행자,여,76세,경상
2016070600100342,2016년 7월 6일 15시,수요일,광주광역시 광산구 도산동,경상사고,0,0,1,0,차대차 - 측면직각충돌,안전운전불이행,건조,맑음,단일로 - 기타,화물,남,62세,기타불명,자전거,남,6세,경상
2016070600100457,2016년 7월 6일 18시,수요일,광주광역시 광산구 월계동,중상사고,0,1,0,0,차대사람 - 횡단중,안전운전불이행,건조,맑음,단일로 - 기타,승용,여,50세,상해없음,보행자,남,5세,중상
2016070600100458,2016년 7월 6일 18시,수요일,광주광역시 광산구 송정동,경상사고,0,0,1,0,차량단독 - 기타,안전운전불이행,습기,비,단일로 - 기타,원동기,남,17세,경상,,,,
2016070600100545,2016년 7월 6일 21시,수요일,광주광역시 동구 산수동,경상사고,0,0,1,0,차대차 - 측면직각충돌,신호위반,건조,맑음,단일로 - 기타,승용,여,24세,상해없음,자전거,남,51세,경상
2016070700100019,2016년 7월 7일 00시,목요일,광주광역시 광산구 우산동,중상사고,0,1,3,0,차대차 - 측면충돌,교차로운행방법위반,건조,맑음,교차로 - 교차로안,승용,남,44세,경상,승용,남,34세,경상
2016070700100035,2016년 7월 7일 01시,목요일,광주광역시 북구 금곡동,중상사고,0,2,1,0,차량단독 - 공작물충돌,안전운전불이행,습기,비,교차로 - 교차로부근,승용,남,26세,경상,,,,
2016070700100058,2016년 7월 7일 04시,목요일,광주광역시 동구 광산동,경상사고,0,0,1,0,차대사람 - 기타,안전운전불이행,건조,맑음,단일로 - 기타,승용,남,24세,상해없음,보행자,남,25세,경상
2016070700100069,2016년 7월 7일 05시,목요일,광주광역시 북구 각화동,부상신고사고,0,0,0,1,차대차 - 측면충돌,안전운전불이행,건조,맑음,교차로 - 교차로안,자전거,남,60세,부상신고,승용,여,50세,상해없음
2016070700100070,2016년 7월 7일 05시,목요일,광주광역시 광산구 송정동,경상사고,0,0,1,0,차대차 - 추돌,교차로운행방법위반,건조,맑음,단일로 - 기타,이륜,남,66세,상해없음,승용,남,47세,경상
2016070700100092,2016년 7월 7일 07시,목요일,광주광역시 남구 주월동,중상사고,0,1,0,0,차대사람 - 횡단중,신호위반,건조,맑음,단일로 - 횡단보도상,승합,남,67세,상해없음,보행자,여,78세,중상
2016070700100115,2016년 7월 7일 08시,목요일,광주광역시 서구 쌍촌동,경상사고,0,0,1,0,차대차 - 추돌,안전거리미확보,건조,맑음,단일로 - 기타,승용,남,62세,상해없음,승용,남,22세,경상
2016070700100116,2016년 7월 7일 08시,목요일,광주광역시 남구 방림동,경상사고,0,0,1,0,차대차 - 측면직각충돌,안전운전불이행,건조,맑음,교차로 - 교차로안,승용,남,40세,상해없음,자전거,남,37세,경상
2016070700100117,2016년 7월 7일 08시,목요일,광주광역시 북구 오치동,경상사고,0,0,1,0,차대차 - 측면충돌,교차로운행방법위반,건조,맑음,교차로 - 교차로안,승용,여,61세,기타불명,승용,남,41세,경상
2016070700100205,2016년 7월 7일 12시,목요일,광주광역시 북구 우산동,중상사고,0,1,0,0,차대사람 - 기타,안전운전불이행,건조,맑음,단일로 - 기타,기타불명,여,53세,상해없음,보행자,여,79세,중상
2016070700100206,2016년 7월 7일 12시,목요일,광주광역시 광산구 송정동,경상사고,0,0,1,0,차대차 - 측면직각충돌,신호위반,건조,맑음,교차로 - 교차로부근,자전거,남,78세,경상,승용,남,56세,상해없음
2016070700100260,2016년 7월 7일 14시,목요일,광주광역시 광산구 산정동,경상사고,0,0,1,0,차대차 - 기타,안전거리미확보,건조,맑음,단일로 - 기타,승합,여,48세,상해없음,원동기,남,18세,경상
2016070700100293,2016년 7월 7일 15시,목요일,광주광역시 남구 봉선동,경상사고,0,0,1,0,차대사람 - 횡단중,안전운전불이행,건조,맑음,단일로 - 기타,화물,남,60세,상해없음,보행자,남,11세,경상
2016070700100365,2016년 7월 7일 17시,목요일,광주광역시 서구 풍암동,경상사고,0,0,1,0,차대차 - 측면직각충돌,안전거리미확보,습기,비,단일로 - 기타,승용,남,23세,상해없음,이륜,남,46세,경상
2016070700100366,2016년 7월 7일 17시,목요일,광주광역시 북구 중흥동,경상사고,0,0,2,0,차대차 - 측면직각충돌,안전운전불이행,건조,맑음,단일로 - 기타,승용,남,60세,상해없음,승용,여,48세,경상
2016070700100399,2016년 7월 7일 18시,목요일,광주광역시 북구 문흥동,경상사고,0,0,2,0,차대차 - 추돌,안전운전불이행,습기,비,단일로 - 기타,승용,여,26세,상해없음,승용,남,44세,경상
2016070700100443,2016년 7월 7일 19시,목요일,광주광역시 북구 생용동,중상사고,0,1,0,0,차대차 - 측면충돌,안전운전불이행,습기,비,단일로 - 기타,승용,여,61세,상해없음,자전거,남,73세,중상
2016070700100444,2016년 7월 7일 19시,목요일,광주광역시 광산구 장덕동,경상사고,0,0,4,0,차대차 - 측면직각충돌,안전운전불이행,습기,비,교차로 - 교차로부근,승용,남,55세,상해없음,승용,남,53세,경상
2016070700100481,2016년 7월 7일 20시,목요일,광주광역시 서구 치평동,경상사고,0,0,2,0,차대차 - 측면직각충돌,신호위반,습기,흐림,교차로 - 교차로안,승용,남,45세,상해없음,승용,남,29세,경상
2016070700100506,2016년 7월 7일 21시,목요일,광주광역시 서구 농성동,경상사고,0,0,1,0,차대차 - 추돌,안전운전불이행,건조,맑음,단일로 - 기타,승용,남,47세,상해없음,승용,남,31세,경상
2016070700100507,2016년 7월 7일 21시,목요일,광주광역시 광산구 수완동,경상사고,0,0,2,0,차대차 - 정면충돌,교차로운행방법위반,건조,맑음,교차로 - 교차로안,이륜,남,20세,경상,승용,여,24세,경상
2016070700100508,2016년 7월 7일 21시,목요일,광주광역시 광산구 소촌동,중상사고,0,1,0,0,차대사람 - 기타,안전운전불이행,건조,맑음,기타 - 기타,승용,남,64세,상해없음,보행자,남,58세,중상
2016070700100542,2016년 7월 7일 22시,목요일,광주광역시 동구 산수동,중상사고,0,1,1,0,차대차 - 측면충돌,차로위반,건조,흐림,기타 - 기타,승용,여,68세,상해없음,승용,여,55세,중상
2016070700100562,2016년 7월 7일 23시,목요일,광주광역시 광산구 우산동,경상사고,0,0,1,0,차량단독 - 기타,안전운전불이행,건조,맑음,단일로 - 기타,승용,남,64세,상해없음,,,,
2016070800100040,2016년 7월 8일 02시,금요일,광주광역시 서구 치평동,중상사고,0,1,0,0,차대사람 - 횡단중,안전운전불이행,건조,맑음,단일로 - 기타,이륜,남,28세,상해없음,보행자,남,41세,중상
2016070800100097,2016년 7월 8일 07시,금요일,광주광역시 남구 백운동,경상사고,0,0,1,1,차대차 - 정면충돌,안전거리미확보,건조,맑음,교차로 - 교차로부근,승용,여,50세,부상신고,승용,남,41세,경상
2016070800100131,2016년 7월 8일 08시,금요일,광주광역시 서구 화정동,경상사고,0,0,1,0,차대사람 - 기타,안전운전불이행,건조,맑음,단일로 - 기타,승용,여,38세,상해없음,보행자,여,21세,경상
2016070800100132,2016년 7월 8일 08시,금요일,광주광역시 광산구 월계동,경상사고,0,0,1,0,차대차 - 기타,교차로운행방법위반,건조,맑음,교차로 - 교차로안,승용,남,52세,상해없음,자전거,여,23세,경상
2016070800100163,2016년 7월 8일 09시,금요일,광주광역시 동구 동명동,중상사고,0,1,0,0,차대차 - 기타,중앙선침범,건조,맑음,단일로 - 기타,기타불명,기타불명,기타불명,기타불명,이륜,남,72세,중상
2016070800100164,2016년 7월 8일 09시,금요일,광주광역시 서구 화정동,중상사고,0,1,0,0,차대사람 - 횡단중,안전운전불이행,건조,맑음,교차로 - 교차로부근,승용,여,59세,상해없음,보행자,여,74세,중상
2016070800100165,2016년 7월 8일 09시,금요일,광주광역시 광산구 송정동,경상사고,0,0,1,0,차대차 - 정면충돌,안전운전불이행,건조,맑음,교차로 - 교차로안,승용,여,30세,상해없음,자전거,남,90세 이상,경상
2016070800100201,2016년 7월 8일 10시,금요일,광주광역시 광산구 오선동,경상사고,0,0,1,0,차대차 - 측면직각충돌,직진우회전진행방해,건조,맑음,교차로 - 교차로안,승용,남,75세,경상,화물,남,39세,상해없음
2016070800100268,2016년 7월 8일 12시,금요일,광주광역시 북구 운암동,부상신고사고,0,0,0,5,차대차 - 측면충돌,안전운전불이행,건조,맑음,단일로 - 기타,승용,남,50세,상해없음,승합,남,69세,부상신고
2016070800100303,2016년 7월 8일 13시,금요일,광주광역시 북구 운암동,경상사고,0,0,1,0,차대차 - 추돌,안전운전불이행,건조,맑음,단일로 - 기타,승합,남,52세,상해없음,승용,여,59세,경상
2016070800100343,2016년 7월 8일 14시,금요일,광주광역시 서구 치평동,경상사고,0,0,1,0,차대차 - 추돌,안전운전불이행,건조,맑음,교차로 - 교차로부근,승용,남,19세,상해없음,승용,남,55세,경상
2016070800100424,2016년 7월 8일 16시,금요일,광주광역시 북구 연제동,중상사고,0,1,0,0,차대사람 - 횡단중,안전운전불이행,건조,맑음,단일로 - 기타,승용,남,50세,상해없음,보행자,남,12세,중상
2016070800100425,2016년 7월 8일 16시,금요일,광주광역시 북구 운암동,경상사고,0,0,1,0,차대사람 - 길가장자리구역통행중,안전운전불이행,건조,맑음,단일로 - 기타,승용,여,55세,상해없음,보행자,남,12세,경상
2016070800100474,2016년 7월 8일 17시,금요일,광주광역시 북구 용봉동,경상사고,0,0,2,0,차대차 - 추돌,안전운전불이행,건조,흐림,단일로 - 기타,화물,남,67세,상해없음,승용,남,20세,경상
2016070800100524,2016년 7월 8일 18시,금요일,광주광역시 남구 승촌동,경상사고,0,0,3,0,차대차 - 정면충돌,기타,건조,맑음,교차로 - 교차로안,승용,여,48세,경상,승용,남,22세,경상
2016070800100561,2016년 7월 8일 19시,금요일,광주광역시 서구 치평동,경상사고,0,0,1,0,차대차 - 추돌,안전운전불이행,건조,맑음,단일로 - 기타,승용,남,23세,상해없음,승용,남,51세,경상
2016070800100562,2016년 7월 8일 19시,금요일,광주광역시 광산구 안청동,경상사고,0,0,1,0,차대차 - 측면직각충돌,안전운전불이행,건조,맑음,단일로 - 기타,승합,남,48세,상해없음,승용,남,27세,경상
2016070800100601,2016년 7월 8일 20시,금요일,광주광역시 동구 계림동,경상사고,0,0,1,0,차대사람 - 차도통행중,안전운전불이행,건조,맑음,단일로 - 기타,승용,여,58세,상해없음,보행자,여,47세,경상
2016070800100643,2016년 7월 8일 21시,금요일,광주광역시 서구 쌍촌동,경상사고,0,0,2,0,차대차 - 측면직각충돌,안전운전불이행,건조,맑음,단일로 - 기타,승용,여,31세,상해없음,승용,남,33세,경상
2016070800100644,2016년 7월 8일 21시,금요일,광주광역시 광산구 하산동,경상사고,0,0,2,1,차대차 - 측면충돌,신호위반,건조,맑음,교차로 - 교차로안,원동기,남,68세,부상신고,화물,남,34세,경상
2016070800100669,2016년 7월 8일 22시,금요일,광주광역시 서구 농성동,경상사고,0,0,2,3,차대차 - 측면직각충돌,안전거리미확보,건조,맑음,단일로 - 기타,승용,남,18세,경상,승용,남,49세,경상
2016070900100024,2016년 7월 9일 00시,토요일,광주광역시 서구 동천동,경상사고,0,0,1,0,차대사람 - 횡단중,안전운전불이행,건조,맑음,교차로 - 교차로부근,승용,남,46세,상해없음,보행자,남,50세,경상
2016070900100025,2016년 7월 9일 00시,토요일,광주광역시 북구 삼각동,경상사고,0,0,1,0,차대차 - 기타,교차로운행방법위반,기타,기타,교차로 - 교차로안,승용,남,63세,상해없음,승용,남,47세,상해없음
2016070900100026,2016년 7월 9일 00시,토요일,광주광역시 광산구 장덕동,중상사고,0,1,0,0,차대사람 - 횡단중,안전운전불이행,건조,맑음,단일로 - 기타,승용,남,48세,기타불명,보행자,남,52세,중상
2016070900100045,2016년 7월 9일 01시,토요일,광주광역시 남구 양림동,경상사고,0,0,1,1,차대차 - 기타,교차로운행방법위반,건조,맑음,교차로 - 교차로안,승용,남,58세,상해없음,승용,남,59세,경상
2016070900100046,2016년 7월 9일 01시,토요일,광주광역시 북구 중흥동,중상사고,0,1,0,0,차대차 - 기타,신호위반,건조,맑음,교차로 - 교차로안,자전거,남,19세,중상,승용,남,45세,상해없음
2016070900100067,2016년 7월 9일 02시,토요일,광주광역시 서구 쌍촌동,경상사고,0,0,1,0,차대차 - 추돌,안전운전불이행,건조,맑음,단일로 - 기타,승용,여,25세,상해없음,승용,남,31세,경상
2016070900100217,2016년 7월 9일 10시,토요일,광주광역시 동구 동명동,경상사고,0,0,4,0,차대차 - 기타,교차로운행방법위반,건조,맑음,교차로 - 교차로부근,승용,남,68세,상해없음,승용,남,29세,경상
2016070900100253,2016년 7월 9일 11시,토요일,광주광역시 북구 오치동,경상사고,0,0,1,0,차대차 - 측면충돌,교차로운행방법위반,건조,맑음,교차로 - 교차로부근,승용,남,69세,상해없음,원동기,남,31세,경상
2016070900100254,2016년 7월 9일 11시,토요일,광주광역시 광산구 월곡동,경상사고,0,0,1,0,차대차 - 측면직각충돌,안전거리미확보,건조,맑음,단일로 - 기타,승용,남,47세,상해없음,원동기,남,53세,경상
2016070900100255,2016년 7월 9일 11시,토요일,광주광역시 광산구 선암동,경상사고,0,0,1,0,차대차 - 측면충돌,안전운전불이행,건조,맑음,단일로 - 기타,원동기,남,51세,경상,승용,남,44세,상해없음
2016070900100256,2016년 7월 9일 11시,토요일,광주광역시 광산구 흑석동,경상사고,0,0,1,0,차대차 - 정면충돌,교차로운행방법위반,건조,맑음,교차로 - 교차로안,승용,여,34세,상해없음,승용,여,34세,경상
2016070900100347,2016년 7월 9일 13시,토요일,광주광역시 동구 지산동,경상사고,0,0,2,0,차대차 - 측면직각충돌,안전거리미확보,건조,맑음,단일로 - 기타,승용,여,61세,상해없음,승용,남,53세,경상
2016070900100348,2016년 7월 9일 13시,토요일,광주광역시 북구 문흥동,경상사고,0,0,1,0,차대차 - 추돌,기타,건조,맑음,단일로 - 기타,승용,남,60세,상해없음,원동기,남,46세,경상
2016070900100397,2016년 7월 9일 14시,토요일,광주광역시 서구 금호동,경상사고,0,0,2,0,차대차 - 추돌,안전운전불이행,건조,맑음,단일로 - 기타,승용,남,43세,상해없음,승용,여,42세,경상
2016070900100463,2016년 7월 9일 16시,토요일,광주광역시 북구 신안동,경상사고,0,0,2,0,차대차 - 측면충돌,안전운전불이행,건조,맑음,교차로 - 교차로안,승용,남,21세,경상,화물,남,75세,경상
2016070900100507,2016년 7월 9일 17시,토요일,광주광역시 동구 남동,중상사고,0,1,0,0,차대사람 - 횡단중,안전운전불이행,건조,맑음,단일로 - 횡단보도상,승합,남,59세,상해없음,보행자,남,75세,중상
2016070900100562,2016년 7월 9일 19시,토요일,광주광역시 서구 치평동,경상사고,0,0,1,0,차대차 - 추돌,안전거리미확보,건조,흐림,단일로 - 기타,승용,남,38세,상해없음,승합,여,35세,상해없음
2016070900100563,2016년 7월 9일 19시,토요일,광주광역시 북구 임동,경상사고,0,0,3,0,차대차 - 측면직각충돌,직진우회전진행방해,건조,맑음,교차로 - 교차로안,화물,남,62세,상해없음,승용,여,51세,경상
2016070900100595,2016년 7월 9일 20시,토요일,광주광역시 북구 용두동,경상사고,0,0,4,0,차대차 - 정면충돌,안전운전불이행,건조,맑음,단일로 - 기타,승용,남,42세,상해없음,승용,여,41세,경상
2016070900100596,2016년 7월 9일 20시,토요일,광주광역시 광산구 소촌동,경상사고,0,0,4,0,차대차 - 정면충돌,안전운전불이행,건조,맑음,교차로 - 교차로안,승용,여,42세,경상,승용,남,43세,경상
2016070900100619,2016년 7월 9일 21시,토요일,광주광역시 광산구 소촌동,경상사고,0,0,3,0,차대차 - 추돌,안전운전불이행,건조,맑음,단일로 - 기타,승합,남,55세,상해없음,승용,남,47세,경상
2016071000100019,2016년 7월 10일 00시,일요일,광주광역시 서구 쌍촌동,경상사고,0,0,2,0,차대차 - 추돌,안전운전불이행,건조,맑음,교차로 - 교차로안,승용,남,62세,상해없음,원동기,남,16세,경상
2016071000100020,2016년 7월 10일 00시,일요일,광주광역시 북구 효령동,중상사고,0,1,0,0,차량단독 - 전도전복,기타,건조,맑음,단일로 - 기타,이륜,남,53세,중상,,,,
2016071000100045,2016년 7월 10일 01시,일요일,광주광역시 서구 쌍촌동,중상사고,0,1,1,0,차대차 - 정면충돌,신호위반,건조,맑음,교차로 - 교차로안,승용,남,35세,경상,승용,남,63세,중상
2016071000100055,2016년 7월 10일 02시,일요일,광주광역시 서구 치평동,경상사고,0,0,2,0,차대차 - 추돌,중앙선침범,건조,맑음,단일로 - 기타,승용,남,54세,상해없음,승용,남,32세,경상
2016071000100110,2016년 7월 10일 07시,일요일,광주광역시 서구 화정동,부상신고사고,0,0,0,1,차대차 - 추돌,안전운전불이행,건조,맑음,교차로 - 교차로부근,승용,남,26세,부상신고,화물,남,61세,기타불명
2016071000100176,2016년 7월 10일 10시,일요일,광주광역시 서구 금호동,경상사고,0,0,1,0,차대차 - 기타,안전운전불이행,건조,맑음,교차로 - 교차로부근,승용,여,48세,상해없음,승용,여,33세,경상
2016071000100177,2016년 7월 10일 10시,일요일,광주광역시 남구 진월동,경상사고,0,0,1,0,차대차 - 기타,안전운전불이행,건조,맑음,단일로 - 기타,승용,남,27세,상해없음,승용,남,22세,상해없음
2016071000100229,2016년 7월 10일 12시,일요일,광주광역시 북구 신용동,부상신고사고,0,0,0,1,차대차 - 추돌,교차로운행방법위반,건조,맑음,교차로 - 교차로부근,승용,남,35세,상해없음,승용,남,32세,상해없음
2016071000100326,2016년 7월 10일 15시,일요일,광주광역시 남구 월산동,경상사고,0,0,1,0,차대차 - 정면충돌,교차로운행방법위반,건조,맑음,교차로 - 교차로안,승용,남,34세,상해없음,승용,남,27세,경상
2016071000100327,2016년 7월 10일 15시,일요일,광주광역시 남구 백운동,경상사고,0,0,1,0,차대차 - 추돌,안전운전불이행,건조,맑음,단일로 - 기타,승용,남,57세,상해없음,승용,남,35세,상해없음
2016071000100347,2016년 7월 10일 16시,일요일,광주광역시 북구 일곡동,중상사고,0,1,0,0,차대차 - 기타,안전운전불이행,건조,맑음,단일로 - 기타,승용,남,37세,상해없음,이륜,남,74세,중상
2016071000100410,2016년 7월 10일 18시,일요일,광주광역시 광산구 도덕동,사망사고,1,0,0,0,차량단독 - 기타,안전운전불이행,건조,맑음,단일로 - 기타,자전거,남,40세,사망,,,,
2016071000100411,2016년 7월 10일 18시,일요일,광주광역시 광산구 우산동,경상사고,0,0,1,0,차대사람 - 횡단중,안전운전불이행,건조,맑음,단일로 - 기타,승용,여,48세,상해없음,보행자,남,14세,경상
2016071000100475,2016년 7월 10일 20시,일요일,광주광역시 동구 계림동,경상사고,0,0,2,0,차대차 - 추돌,안전운전불이행,건조,맑음,단일로 - 기타,승용,남,47세,상해없음,승용,여,27세,경상
2016071000100529,2016년 7월 10일 23시,일요일,광주광역시 광산구 복룡동,경상사고,0,0,2,0,차대차 - 추돌,안전운전불이행,건조,맑음,단일로 - 기타,승용,남,50세,상해없음,승용,여,68세,경상
2016071100100012,2016년 7월 11일 00시,월요일,광주광역시 서구 쌍촌동,사망사고,1,1,0,0,차대차 - 측면직각충돌,중앙선침범,건조,맑음,단일로 - 기타,이륜,남,21세,사망,이륜,남,31세,중상
2016071100100022,2016년 7월 11일 01시,월요일,광주광역시 북구 오치동,경상사고,0,0,1,0,차대차 - 기타,안전운전불이행,건조,맑음,단일로 - 기타,승용,남,33세,상해없음,원동기,남,기타불명,기타불명
2016071100100065,2016년 7월 11일 06시,월요일,광주광역시 북구 동림동,경상사고,0,0,3,0,차대차 - 정면충돌,안전운전불이행,건조,맑음,단일로 - 기타,승용,남,44세,기타불명,승용,남,43세,경상
2016071100100249,2016년 7월 11일 12시,월요일,광주광역시 북구 본촌동,경상사고,0,0,3,0,차대차 - 측면충돌,교차로운행방법위반,건조,맑음,교차로 - 교차로안,승용,여,41세,경상,승용,남,58세,경상
2016071100100250,2016년 7월 11일 12시,월요일,광주광역시 북구 두암동,경상사고,0,0,1,0,차대차 - 측면충돌,안전운전불이행,건조,맑음,교차로 - 교차로안,자전거,남,12세,경상,승용,남,60세,상해없음
2016071100100280,2016년 7월 11일 13시,월요일,광주광역시 광산구 선암동,경상사고,0,0,1,0,차대차 - 추돌,안전운전불이행,건조,맑음,교차로 - 교차로부근,승용,남,71세,상해없음,승용,여,48세,경상
2016071100100318,2016년 7월 11일 14시,월요일,광주광역시 광산구 장덕동,경상사고,0,0,1,0,차대차 - 추돌,안전운전불이행,건조,맑음,교차로 - 교차로부근,화물,남,36세,상해없음,승용,남,40세,경상
2016071100100319,2016년 7월 11일 14시,월요일,광주광역시 광산구 월곡동,경상사고,0,0,1,0,차대차 - 측면직각충돌,안전거리미확보,건조,맑음,단일로 - 기타,화물,남,53세,기타불명,승용,남,34세,경상
2016071100100360,2016년 7월 11일 15시,월요일,광주광역시 광산구 월곡동,중상사고,0,1,0,0,차대사람 - 횡단중,신호위반,건조,맑음,단일로 - 기타,이륜,남,20세,상해없음,보행자,남,77세,중상
2016071100100397,2016년 7월 11일 16시,월요일,광주광역시 서구 쌍촌동,경상사고,0,0,1,0,차대차 - 측면직각충돌,교차로운행방법위반,건조,맑음,교차로 - 교차로안,승용,남,34세,상해없음,승용,남,26세,경상
2016071100100398,2016년 7월 11일 16시,월요일,광주광역시 북구 각화동,경상사고,0,0,1,0,차대차 - 측면충돌,중앙선침범,건조,맑음,교차로 - 교차로안,자전거,남,68세,경상,승용,여,63세,상해없음
2016071100100444,2016년 7월 11일 17시,월요일,광주광역시 동구 대인동,경상사고,0,0,1,0,차대차 - 측면직각충돌,안전운전불이행,건조,흐림,단일로 - 기타,이륜,남,40세,경상,승용,남,29세,상해없음
2016071100100445,2016년 7월 11일 17시,월요일,광주광역시 광산구 송정동,경상사고,0,0,1,0,차대차 - 측면직각충돌,안전운전불이행,건조,맑음,단일로 - 기타,승용,남,55세,상해없음,자전거,남,68세,경상
2016071100100446,2016년 7월 11일 17시,월요일,광주광역시 광산구 하남동,경상사고,0,0,4,0,차대차 - 측면직각충돌,안전운전불이행,건조,맑음,단일로 - 기타,승용,남,32세,경상,승용,여,52세,경상
2016071100100487,2016년 7월 11일 18시,월요일,광주광역시 남구 봉선동,경상사고,0,0,1,0,차대사람 - 횡단중,안전운전불이행,건조,맑음,단일로 - 기타,승용,남,59세,상해없음,보행자,여,87세,경상