사고번호,사고일시,요일,시군구,사고내용,사망자수,중상자수,경상자수,부상신고자수,사고유형,법규위반,노면상태,기상상태,도로형태,가해운전자 차종,가해운전자 성별,가해운전자 연령,가해운전자 상해정도,피해운전자 차종,피해운전자 성별,피해운전자 연령,피해운전자 상해정도
2016081100100564,2016년 8월 11일 22시,목요일,광주광역시 북구 동림동,경상사고,0,0,1,0,차대차 - 측면직각충돌,신호위반,건조,맑음,교차로 - 교차로안,승용,남,15세,상해없음,승용,남,60세,경상
2016081100100583,2016년 8월 11일 23시,목요일,광주광역시 서구 화정동,중상사고,0,1,0,0,차대사람 - 보도통행중,안전운전불이행,건조,흐림,단일로 - 기타,승용,남,63세,상해없음,보행자,남,20세,중상
2016081200100038,2016년 8월 12일 02시,금요일,광주광역시 서구 화정동,경상사고,0,0,1,0,차량단독 - 기타,안전운전불이행,건조,맑음,단일로 - 기타,승용,남,28세,경상,,,,
2016081200100069,2016년 8월 12일 06시,금요일,광주광역시 북구 본촌동,부상신고사고,0,0,0,1,차대사람 - 기타,기타,건조,맑음,단일로 - 기타,승용,남,56세,상해없음,보행자,여,47세,부상신고
2016081200100091,2016년 8월 12일 07시,금요일,광주광역시 북구 문흥동,경상사고,0,0,1,0,차대차 - 측면직각충돌,교차로운행방법위반,건조,맑음,교차로 - 교차로안,승용,여,47세,상해없음,원동기,남,41세,경상
2016081200100092,2016년 8월 12일 07시,금요일,광주광역시 북구 동림동,중상사고,0,1,1,0,차대차 - 측면직각충돌,직진우회전진행방해,건조,맑음,교차로 - 교차로안,승용,남,41세,경상,승용,여,27세,중상
2016081200100120,2016년 8월 12일 08시,금요일,광주광역시 광산구 하남동,경상사고,0,0,1,0,차대차 - 측면직각충돌,교차로운행방법위반,건조,맑음,교차로 - 교차로안,화물,남,60세,상해없음,승용,남,36세,경상
2016081200100155,2016년 8월 12일 09시,금요일,광주광역시 서구 농성동,경상사고,0,0,1,1,차대차 - 추돌,안전운전불이행,건조,맑음,단일로 - 기타,원동기,남,17세,부상신고,승용,남,25세,경상
2016081200100156,2016년 8월 12일 09시,금요일,광주광역시 남구 월산동,경상사고,0,0,3,0,차대차 - 측면직각충돌,차로위반,건조,맑음,단일로 - 기타,승용,남,59세,상해없음,승용,여,59세,경상
2016081200100204,2016년 8월 12일 10시,금요일,광주광역시 남구 백운동,경상사고,0,0,2,0,차대차 - 기타,교차로운행방법위반,건조,맑음,교차로 - 교차로안,승용,남,71세,경상,승용,남,54세,경상
2016081200100228,2016년 8월 12일 11시,금요일,광주광역시 광산구 장덕동,중상사고,0,1,0,0,차대차 - 측면직각충돌,신호위반,건조,맑음,교차로 - 교차로안,승용,여,39세,상해없음,화물,남,72세,중상
2016081200100265,2016년 8월 12일 12시,금요일,광주광역시 북구 두암동,경상사고,0,0,4,0,차대차 - 측면직각충돌,안전운전불이행,건조,맑음,교차로 - 교차로안,승용,남,24세,경상,승용,여,67세,경상
2016081200100300,2016년 8월 12일 13시,금요일,광주광역시 광산구 신가동,경상사고,0,0,1,0,차대차 - 측면충돌,교차로운행방법위반,건조,맑음,교차로 - 교차로안,승용,여,46세,상해없음,원동기,남,42세,경상
2016081200100329,2016년 8월 12일 14시,금요일,광주광역시 서구 치평동,경상사고,0,0,1,0,차대차 - 정면충돌,중앙선침범,건조,맑음,단일로 - 기타,승용,남,53세,상해없음,이륜,남,31세,경상
2016081200100394,2016년 8월 12일 16시,금요일,광주광역시 동구 서석동,경상사고,0,0,1,0,차대사람 - 횡단중,안전운전불이행,건조,맑음,교차로 - 교차로안,승용,남,61세,상해없음,보행자,남,9세,경상
2016081200100443,2016년 8월 12일 17시,금요일,광주광역시 남구 진월동,경상사고,0,0,1,0,차대사람 - 횡단중,안전운전불이행,건조,맑음,단일로 - 기타,승용,여,38세,상해없음,보행자,남,9세,경상
2016081200100444,2016년 8월 12일 17시,금요일,광주광역시 북구 본촌동,경상사고,0,0,7,0,차대차 - 측면충돌,교차로운행방법위반,건조,맑음,교차로 - 교차로안,승용,남,74세,경상,승용,남,46세,경상
2016081200100492,2016년 8월 12일 18시,금요일,광주광역시 광산구 도천동,중상사고,0,1,0,0,차대차 - 추돌,안전운전불이행,건조,맑음,교차로 - 교차로안,승용,남,38세,상해없음,승용,남,49세,상해없음
2016081200100537,2016년 8월 12일 19시,금요일,광주광역시 북구 북동,경상사고,0,0,1,0,차대사람 - 횡단중,신호위반,건조,맑음,기타 - 기타,이륜,남,45세,기타불명,보행자,남,50세,경상
2016081200100538,2016년 8월 12일 19시,금요일,광주광역시 광산구 장덕동,중상사고,0,1,1,0,차대차 - 측면직각충돌,교차로운행방법위반,건조,맑음,교차로 - 교차로안,이륜,남,27세,중상,승용,여,47세,경상
2016081200100588,2016년 8월 12일 20시,금요일,광주광역시 광산구 신창동,중상사고,0,2,1,0,차대차 - 측면직각충돌,신호위반,건조,맑음,교차로 - 교차로안,이륜,남,15세,중상,승용,남,68세,상해없음
2016081200100622,2016년 8월 12일 21시,금요일,광주광역시 광산구 수완동,경상사고,0,0,1,0,차대차 - 측면직각충돌,안전거리미확보,건조,맑음,단일로 - 기타,승용,남,42세,상해없음,이륜,남,16세,경상
2016081200100679,2016년 8월 12일 23시,금요일,광주광역시 북구 일곡동,경상사고,0,0,1,0,차대차 - 추돌,안전운전불이행,건조,맑음,단일로 - 기타,승용,남,49세,경상,화물,남,40세,상해없음
2016081300100019,2016년 8월 13일 00시,토요일,광주광역시 남구 양림동,경상사고,0,0,1,0,차대차 - 기타,안전운전불이행,건조,맑음,단일로 - 기타,승용,남,56세,상해없음,화물,남,53세,기타불명
2016081300100038,2016년 8월 13일 01시,토요일,광주광역시 서구 동천동,경상사고,0,0,3,0,차대차 - 측면직각충돌,안전운전불이행,건조,맑음,단일로 - 기타,승용,여,30세,상해없음,승용,남,18세,경상
2016081300100091,2016년 8월 13일 05시,토요일,광주광역시 광산구 하남동,경상사고,0,0,3,0,차대차 - 측면충돌,신호위반,건조,맑음,교차로 - 교차로안,승용,남,42세,경상,화물,남,47세,경상
2016081300100105,2016년 8월 13일 06시,토요일,광주광역시 광산구 도산동,경상사고,0,0,1,0,차대차 - 측면직각충돌,안전운전불이행,건조,맑음,교차로 - 교차로안,화물,남,35세,상해없음,승용,남,39세,경상
2016081300100156,2016년 8월 13일 08시,토요일,광주광역시 북구 오치동,경상사고,0,0,1,0,차대차 - 측면충돌,신호위반,건조,맑음,교차로 - 교차로안,원동기,남,21세,경상,승용,남,41세,상해없음
2016081300100282,2016년 8월 13일 12시,토요일,광주광역시 동구 계림동,경상사고,0,0,1,0,차대차 - 측면직각충돌,기타,건조,맑음,교차로 - 교차로부근,승용,남,54세,상해없음,자전거,남,68세,경상
2016081300100321,2016년 8월 13일 13시,토요일,광주광역시 동구 황금동,경상사고,0,0,1,0,차대사람 - 길가장자리구역통행중,안전운전불이행,건조,맑음,단일로 - 기타,승용,남,26세,상해없음,보행자,남,28세,경상
2016081300100322,2016년 8월 13일 13시,토요일,광주광역시 서구 치평동,경상사고,0,0,2,0,차대차 - 측면충돌,안전운전불이행,건조,맑음,교차로 - 교차로부근,화물,남,62세,경상,승용,남,36세,기타불명
2016081300100323,2016년 8월 13일 13시,토요일,광주광역시 광산구 수완동,중상사고,0,1,0,1,차대차 - 측면충돌,신호위반,건조,맑음,교차로 - 교차로안,승용,여,52세,기타불명,승용,남,59세,중상
2016081300100427,2016년 8월 13일 16시,토요일,광주광역시 광산구 송정동,경상사고,0,0,2,0,차대차 - 정면충돌,교차로운행방법위반,건조,맑음,교차로 - 교차로안,화물,남,51세,경상,승합,남,62세,경상
2016081300100428,2016년 8월 13일 16시,토요일,광주광역시 광산구 산월동,중상사고,0,2,0,0,차대차 - 측면충돌,안전운전불이행,건조,맑음,단일로 - 기타,승용,남,45세,상해없음,승용,남,51세,중상
2016081300100472,2016년 8월 13일 17시,토요일,광주광역시 서구 쌍촌동,경상사고,0,0,3,0,차대차 - 정면충돌,안전거리미확보,건조,맑음,단일로 - 기타,승용,남,65세,상해없음,승용,여,53세,경상
2016081300100514,2016년 8월 13일 18시,토요일,광주광역시 서구 풍암동,경상사고,0,0,5,0,차대차 - 측면직각충돌,교차로운행방법위반,건조,맑음,교차로 - 교차로부근,승용,여,35세,경상,승용,남,45세,경상
2016081300100515,2016년 8월 13일 18시,토요일,광주광역시 서구 치평동,경상사고,0,0,1,0,차대사람 - 기타,안전운전불이행,건조,맑음,단일로 - 기타,승용,여,56세,상해없음,보행자,남,49세,경상
2016081300100577,2016년 8월 13일 20시,토요일,광주광역시 서구 치평동,경상사고,0,0,1,0,차대차 - 정면충돌,안전운전불이행,건조,맑음,단일로 - 기타,승용,남,32세,상해없음,승용,여,48세,경상
2016081300100578,2016년 8월 13일 20시,토요일,광주광역시 북구 신용동,중상사고,0,1,0,2,차대차 - 측면충돌,신호위반,건조,맑음,교차로 - 교차로안,원동기,남,17세,부상신고,원동기,남,18세,중상
2016081300100579,2016년 8월 13일 20시,토요일,광주광역시 북구 우산동,부상신고사고,0,0,0,1,차대사람 - 횡단중,안전운전불이행,건조,맑음,단일로 - 기타,승용,기타불명,50세,기타불명,보행자,남,29세,부상신고
2016081300100580,2016년 8월 13일 20시,토요일,광주광역시 북구 양산동,부상신고사고,0,0,0,1,차대차 - 추돌,안전운전불이행,건조,맑음,단일로 - 기타,화물,남,49세,부상신고,승용,남,48세,기타불명
2016081300100639,2016년 8월 13일 22시,토요일,광주광역시 동구 산수동,중상사고,0,1,0,0,차대사람 - 횡단중,안전운전불이행,건조,맑음,교차로 - 교차로안,승용,남,50세,상해없음,보행자,남,55세,중상
2016081300100640,2016년 8월 13일 22시,토요일,광주광역시 북구 우산동,경상사고,0,0,1,0,차대차 - 측면직각충돌,안전운전불이행,건조,맑음,단일로 - 기타,승용,남,62세,기타불명,승용,남,30세,경상
2016081300100672,2016년 8월 13일 23시,토요일,광주광역시 서구 농성동,경상사고,0,0,2,0,차대차 - 기타,신호위반,건조,맑음,교차로 - 교차로안,이륜,남,23세,상해없음,승용,남,53세,상해없음
2016081300100673,2016년 8월 13일 23시,토요일,광주광역시 북구 중흥동,중상사고,0,1,3,0,차대차 - 측면충돌,안전운전불이행,건조,맑음,단일로 - 기타,승용,남,39세,상해없음,승용,남,44세,중상
2016081400100041,2016년 8월 14일 02시,일요일,광주광역시 서구 치평동,경상사고,0,0,2,0,차대사람 - 횡단중,안전운전불이행,건조,맑음,교차로 - 교차로부근,승용,여,22세,상해없음,보행자,남,24세,경상
2016081400100054,2016년 8월 14일 03시,일요일,광주광역시 광산구 복룡동,사망사고,1,0,1,0,차대차 - 정면충돌,차로위반,건조,맑음,단일로 - 기타,승용,남,28세,경상,승용,남,27세,사망
2016081400100077,2016년 8월 14일 05시,일요일,광주광역시 서구 치평동,경상사고,0,0,1,0,차대차 - 측면직각충돌,안전거리미확보,건조,맑음,단일로 - 기타,승용,남,23세,상해없음,승용,남,20세,경상
2016081400100101,2016년 8월 14일 07시,일요일,광주광역시 서구 광천동,경상사고,0,0,1,0,차대차 - 측면직각충돌,안전운전불이행,건조,맑음,교차로 - 교차로부근,승용,여,48세,상해없음,승용,남,27세,경상
2016081400100102,2016년 8월 14일 07시,일요일,광주광역시 광산구 오산동,경상사고,0,0,1,0,차대차 - 측면직각충돌,직진우회전진행방해,건조,맑음,교차로 - 교차로안,승용,여,53세,상해없음,승용,남,40세,상해없음
2016081400100279,2016년 8월 14일 15시,일요일,광주광역시 서구 화정동,경상사고,0,0,2,0,차대차 - 추돌,안전운전불이행,건조,맑음,단일로 - 기타,승용,여,51세,경상,승용,남,59세,경상
2016081400100398,2016년 8월 14일 19시,일요일,광주광역시 서구 치평동,경상사고,0,0,1,0,차대차 - 측면직각충돌,안전운전불이행,건조,맑음,단일로 - 횡단보도상,자전거,남,11세,경상,승합,남,56세,상해없음
2016081400100399,2016년 8월 14일 19시,일요일,광주광역시 북구 중흥동,경상사고,0,0,1,0,차대사람 - 차도통행중,안전운전불이행,건조,맑음,교차로 - 교차로부근,승용,남,43세,상해없음,보행자,남,52세,경상
2016081400100400,2016년 8월 14일 19시,일요일,광주광역시 광산구 우산동,경상사고,0,0,2,0,차대차 - 정면충돌,중앙선침범,건조,맑음,교차로 - 교차로부근,승용,남,27세,상해없음,승용,남,48세,경상
2016081400100401,2016년 8월 14일 19시,일요일,광주광역시 광산구 우산동,경상사고,0,0,3,0,차대차 - 기타,직진우회전진행방해,건조,맑음,단일로 - 기타,승용,남,49세,경상,승용,남,65세,경상
2016081400100479,2016년 8월 14일 22시,일요일,광주광역시 동구 금남로3가,경상사고,0,0,3,0,차대차 - 측면직각충돌,안전운전불이행,건조,맑음,교차로 - 교차로안,승용,남,45세,상해없음,승용,남,60세,경상
2016081400100495,2016년 8월 14일 23시,일요일,광주광역시 광산구 선동,중상사고,0,1,0,0,차대사람 - 길가장자리구역통행중,안전운전불이행,건조,맑음,단일로 - 교량,기타불명,기타불명,기타불명,기타불명,보행자,남,34세,중상
2016081500100016,2016년 8월 15일 00시,월요일,광주광역시 광산구 산정동,중상사고,0,1,0,0,차대사람 - 횡단중,보행자보호의무위반,건조,맑음,교차로 - 교차로부근,승용,여,45세,상해없음,보행자,여,50세,중상
2016081500100044,2016년 8월 15일 04시,월요일,광주광역시 북구 우산동,경상사고,0,0,2,0,차대차 - 측면직각충돌,안전거리미확보,건조,맑음,교차로 - 교차로부근,승용,남,48세,상해없음,승용,남,22세,상해없음
2016081500100045,2016년 8월 15일 04시,월요일,광주광역시 북구 연제동,경상사고,0,0,3,0,차대차 - 측면충돌,교차로운행방법위반,건조,맑음,교차로 - 교차로안,승용,남,23세,경상,승용,여,38세,경상
2016081500100092,2016년 8월 15일 08시,월요일,광주광역시 서구 풍암동,경상사고,0,0,1,0,차대차 - 추돌,안전거리미확보,건조,맑음,단일로 - 기타,승용,남,22세,상해없음,승용,남,58세,경상
2016081500100093,2016년 8월 15일 08시,월요일,광주광역시 남구 주월동,중상사고,0,1,0,0,차대차 - 측면충돌,안전운전불이행,건조,맑음,교차로 - 교차로부근,승용,남,46세,상해없음,원동기,남,47세,중상
2016081500100094,2016년 8월 15일 08시,월요일,광주광역시 광산구 하남동,경상사고,0,0,2,0,차대차 - 측면충돌,안전운전불이행,건조,맑음,단일로 - 기타,승용,여,56세,경상,화물,남,37세,기타불명
2016081500100120,2016년 8월 15일 09시,월요일,광주광역시 남구 양림동,부상신고사고,0,0,0,2,차대차 - 기타,안전운전불이행,건조,맑음,단일로 - 기타,승용,여,61세,상해없음,승용,남,32세,부상신고
2016081500100235,2016년 8월 15일 14시,월요일,광주광역시 북구 양산동,경상사고,0,0,1,0,차대차 - 기타,안전운전불이행,건조,맑음,단일로 - 기타,승용,남,31세,상해없음,이륜,남,36세,경상
2016081500100269,2016년 8월 15일 15시,월요일,광주광역시 동구 금남로1가,경상사고,0,0,2,0,차대차 - 추돌,안전거리미확보,건조,맑음,기타 - 기타,승용,남,44세,상해없음,승용,남,39세,경상
2016081500100270,2016년 8월 15일 15시,월요일,광주광역시 남구 방림동,경상사고,0,0,5,0,차대차 - 측면충돌,교차로운행방법위반,건조,맑음,교차로 - 교차로안,승용,여,45세,경상,승용,여,48세,경상
2016081500100271,2016년 8월 15일 15시,월요일,광주광역시 북구 신안동,경상사고,0,0,1,0,차량단독 - 공작물충돌,안전운전불이행,건조,맑음,단일로 - 기타,화물,남,41세,경상,,,,
2016081500100272,2016년 8월 15일 15시,월요일,광주광역시 광산구 선암동,중상사고,0,1,0,0,차대차 - 측면직각충돌,안전거리미확보,건조,맑음,단일로 - 기타,승용,남,57세,상해없음,승용,남,62세,기타불명
2016081500100301,2016년 8월 15일 16시,월요일,광주광역시 서구 풍암동,경상사고,0,0,2,0,차대차 - 측면직각충돌,안전운전불이행,건조,맑음,교차로 - 교차로부근,승합,남,51세,상해없음,승용,여,43세,경상
2016081500100322,2016년 8월 15일 17시,월요일,광주광역시 서구 치평동,경상사고,0,0,3,0,차대차 - 측면직각충돌,직진우회전진행방해,건조,맑음,교차로 - 교차로안,승용,남,44세,경상,승용,남,57세,경상
2016081500100323,2016년 8월 15일 17시,월요일,광주광역시 서구 농성동,경상사고,0,0,4,0,차대차 - 측면직각충돌,교차로운행방법위반,건조,맑음,교차로 - 교차로안,승용,남,41세,상해없음,승용,남,36세,경상
2016081500100359,2016년 8월 15일 18시,월요일,광주광역시 북구 유동,부상신고사고,0,0,0,1,차대사람 - 기타,안전운전불이행,기타,맑음,기타 - 기타,자전거,기타불명,기타불명,기타불명,보행자,여,57세,부상신고
2016081500100439,2016년 8월 15일 21시,월요일,광주광역시 북구 용봉동,경상사고,0,0,2,0,차대차 - 기타,신호위반,건조,맑음,교차로 - 교차로안,이륜,남,16세,경상,승용,남,37세,경상
2016081500100455,2016년 8월 15일 22시,월요일,광주광역시 광산구 신촌동,중상사고,0,1,0,0,차대차 - 측면직각충돌,신호위반,건조,맑음,교차로 - 교차로안,승용,남,50세,상해없음,이륜,남,49세,중상
2016081600100013,2016년 8월 16일 00시,화요일,광주광역시 북구 신안동,경상사고,0,0,1,0,차대차 - 측면직각충돌,교차로운행방법위반,건조,맑음,교차로 - 교차로안,승용,남,63세,상해없음,승용,남,52세,상해없음
2016081600100037,2016년 8월 16일 03시,화요일,광주광역시 서구 치평동,경상사고,0,0,2,0,차대차 - 추돌,안전운전불이행,건조,맑음,교차로 - 교차로부근,승용,남,43세,상해없음,승용,남,37세,상해없음
2016081600100053,2016년 8월 16일 05시,화요일,광주광역시 서구 광천동,경상사고,0,0,1,0,차대사람 - 횡단중,보행자보호의무위반,건조,맑음,단일로 - 횡단보도상,화물,남,55세,상해없음,보행자,남,89세,경상
2016081600100166,2016년 8월 16일 09시,화요일,광주광역시 북구 중흥동,중상사고,0,1,0,0,차량단독 - 기타,안전운전불이행,건조,맑음,교차로 - 교차로부근,승합,남,43세,상해없음,,,,
2016081600100199,2016년 8월 16일 10시,화요일,광주광역시 서구 농성동,경상사고,0,0,1,0,차대차 - 추돌,안전운전불이행,건조,맑음,단일로 - 기타,승용,남,30세,기타불명,승용,남,43세,경상
2016081600100224,2016년 8월 16일 11시,화요일,광주광역시 서구 광천동,경상사고,0,0,1,0,차대차 - 정면충돌,교차로운행방법위반,건조,맑음,교차로 - 교차로안,승용,남,59세,상해없음,승용,남,58세,경상
2016081600100258,2016년 8월 16일 12시,화요일,광주광역시 북구 각화동,경상사고,0,0,1,0,차대차 - 측면직각충돌,신호위반,건조,맑음,단일로 - 기타,승용,남,34세,상해없음,승용,여,55세,경상
2016081600100259,2016년 8월 16일 12시,화요일,광주광역시 북구 운암동,경상사고,0,0,1,0,차대차 - 측면직각충돌,안전운전불이행,건조,맑음,단일로 - 기타,화물,남,47세,상해없음,승용,남,43세,경상
2016081600100260,2016년 8월 16일 12시,화요일,광주광역시 광산구 수완동,경상사고,0,0,1,0,차대사람 - 기타,보행자보호의무위반,건조,맑음,교차로 - 교차로부근,승용,남,42세,상해없음,보행자,여,23세,경상
2016081600100330,2016년 8월 16일 14시,화요일,광주광역시 북구 오치동,경상사고,0,0,1,0,차대차 - 추돌,안전운전불이행,건조,맑음,교차로 - 교차로부근,승용,남,64세,상해없음,승용,여,36세,경상
2016081600100363,2016년 8월 16일 15시,화요일,광주광역시 북구 두암동,경상사고,0,0,2,0,차대차 - 추돌,안전운전불이행,건조,맑음,단일로 - 기타,승용,남,54세,상해없음,승용,남,55세,경상
2016081600100396,2016년 8월 16일 16시,화요일,광주광역시 서구 쌍촌동,경상사고,0,0,2,0,차대차 - 측면직각충돌,신호위반,건조,맑음,교차로 - 교차로안,승용,남,74세,상해없음,승용,여,35세,경상
2016081600100397,2016년 8월 16일 16시,화요일,광주광역시 광산구 월계동,경상사고,0,0,4,1,차대차 - 추돌,안전운전불이행,건조,맑음,단일로 - 기타,승용,남,45세,상해없음,승용,남,36세,경상
2016081600100398,2016년 8월 16일 16시,화요일,광주광역시 광산구 월계동,부상신고사고,0,0,0,1,차대차 - 측면직각충돌,안전운전불이행,건조,맑음,단일로 - 기타,승용,남,45세,상해없음,승용,남,54세,부상신고
2016081600100443,2016년 8월 16일 17시,화요일,광주광역시 남구 방림동,경상사고,0,0,1,0,차대차 - 추돌,안전거리미확보,건조,맑음,단일로 - 기타,이륜,남,16세,경상,승용,남,50세,상해없음
2016081600100515,2016년 8월 16일 19시,화요일,광주광역시 북구 양산동,중상사고,0,1,0,0,차대차 - 기타,중앙선침범,건조,맑음,단일로 - 기타,화물,남,30세,상해없음,이륜,남,28세,중상
2016081600100516,2016년 8월 16일 19시,화요일,광주광역시 북구 연제동,중상사고,0,1,0,0,차대차 - 측면충돌,안전운전불이행,건조,맑음,단일로 - 기타,승합,남,45세,상해없음,화물,남,55세,상해없음
2016081600100517,2016년 8월 16일 19시,화요일,광주광역시 북구 신안동,경상사고,0,0,1,0,차대차 - 추돌,안전거리미확보,건조,맑음,교차로 - 교차로안,승용,남,53세,상해없음,승용,남,68세,경상
2016081600100594,2016년 8월 16일 22시,화요일,광주광역시 북구 중흥동,경상사고,0,0,3,0,차대사람 - 횡단중,안전운전불이행,건조,맑음,교차로 - 교차로안,승용,남,31세,상해없음,보행자,여,23세,경상
2016081600100595,2016년 8월 16일 22시,화요일,광주광역시 북구 용봉동,경상사고,0,0,1,0,차대사람 - 길가장자리구역통행중,안전운전불이행,건조,맑음,단일로 - 기타,승용,남,22세,상해없음,보행자,여,21세,경상
2016081700100034,2016년 8월 17일 01시,수요일,광주광역시 북구 용봉동,경상사고,0,0,3,0,차대차 - 추돌,안전운전불이행,건조,맑음,교차로 - 교차로부근,승용,여,26세,상해없음,승용,남,31세,경상
2016081700100134,2016년 8월 17일 08시,수요일,광주광역시 서구 내방동,중상사고,0,1,0,0,차대사람 - 차도통행중,안전운전불이행,건조,맑음,단일로 - 기타,승용,남,50세,상해없음,보행자,여,51세,중상
2016081700100135,2016년 8월 17일 08시,수요일,광주광역시 서구 동천동,경상사고,0,0,1,0,차대차 - 추돌,안전거리미확보,건조,맑음,단일로 - 기타,승용,남,38세,상해없음,화물,남,50세,경상
2016081700100164,2016년 8월 17일 09시,수요일,광주광역시 북구 동림동,경상사고,0,0,2,0,차대차 - 추돌,안전운전불이행,건조,맑음,단일로 - 기타,승용,여,40세,상해없음,승용,남,31세,경상
2016081700100172,2016년 8월 17일 09시,수요일,광주광역시 북구 우산동,경상사고,0,0,1,0,차대사람 - 횡단중,안전운전불이행,건조,맑음,교차로 - 교차로안,승용,여,56세,상해없음,보행자,남,57세,경상
2016081700100271,2016년 8월 17일 12시,수요일,광주광역시 서구 동천동,경상사고,0,0,1,0,차대사람 - 횡단중,신호위반,건조,맑음,교차로 - 교차로부근,화물,남,59세,상해없음,보행자,여,38세,경상
2016081700100302,2016년 8월 17일 13시,수요일,광주광역시 동구 계림동,경상사고,0,0,1,0,차량단독 - 전도전복,안전운전불이행,건조,맑음,교차로 - 교차로안,이륜,남,29세,경상,,,,
2016081700100303,2016년 8월 17일 13시,수요일,광주광역시 서구 치평동,경상사고,0,0,1,0,차대차 - 측면직각충돌,안전운전불이행,건조,맑음,교차로 - 교차로부근,승용,남,61세,상해없음,화물,남,63세,경상
2016081700100304,2016년 8월 17일 13시,수요일,광주광역시 북구 두암동,경상사고,0,0,1,0,차대사람 - 횡단중,안전운전불이행,건조,맑음,단일로 - 기타,승용,여,47세,상해없음,보행자,여,67세,경상
2016081700100343,2016년 8월 17일 14시,수요일,광주광역시 광산구 비아동,경상사고,0,0,2,0,차대차 - 측면직각충돌,안전운전불이행,건조,맑음,교차로 - 교차로부근,승용,여,48세,경상,화물,남,52세,상해없음
2016081700100344,2016년 8월 17일 14시,수요일,광주광역시 광산구 신창동,경상사고,0,0,1,0,차대차 - 추돌,안전운전불이행,건조,맑음,단일로 - 기타,승용,남,56세,상해없음,승용,여,51세,경상
2016081700100417,2016년 8월 17일 16시,수요일,광주광역시 북구 각화동,경상사고,0,0,1,0,차대사람 - 횡단중,안전운전불이행,건조,맑음,단일로 - 기타,승용,남,50세,상해없음,보행자,여,57세,경상
2016081700100418,2016년 8월 17일 16시,수요일,광주광역시 북구 망월동,중상사고,0,1,0,0,차량단독 - 전도전복,안전운전불이행,건조,맑음,단일로 - 기타,이륜,남,30세,중상,,,,
2016081700100463,2016년 8월 17일 17시,수요일,광주광역시 동구 대인동,중상사고,0,1,0,0,차대차 - 측면충돌,안전운전불이행,건조,맑음,교차로 - 교차로안,화물,남,53세,상해없음,이륜,남,57세,중상
2016081700100464,2016년 8월 17일 17시,수요일,광주광역시 남구 구동,경상사고,0,0,1,0,차대차 - 측면직각충돌,교차로운행방법위반,건조,맑음,교차로 - 교차로안,승용,남,70세,상해없음,승용,남,42세,경상
2016081700100465,2016년 8월 17일 17시,수요일,광주광역시 북구 대촌동,경상사고,0,0,3,0,차대차 - 측면직각충돌,교차로운행방법위반,건조,맑음,교차로 - 교차로안,승용,남,62세,경상,승용,남,43세,경상
2016081700100509,2016년 8월 17일 18시,수요일,광주광역시 서구 쌍촌동,중상사고,0,1,0,0,차대사람 - 횡단중,보행자보호의무위반,습기,비,단일로 - 기타,승용,남,54세,상해없음,보행자,여,73세,중상
2016081700100510,2016년 8월 17일 18시,수요일,광주광역시 서구 농성동,경상사고,0,0,3,0,차대차 - 측면충돌,교차로운행방법위반,건조,맑음,교차로 - 교차로안,승용,남,72세,상해없음,승용,남,67세,경상
2016081700100542,2016년 8월 17일 19시,수요일,광주광역시 서구 풍암동,경상사고,0,0,1,0,차대사람 - 횡단중,보행자보호의무위반,건조,맑음,교차로 - 교차로부근,승용,여,41세,상해없음,보행자,남,10세,경상
2016081700100568,2016년 8월 17일 20시,수요일,광주광역시 광산구 장덕동,경상사고,0,0,2,0,차대차 - 추돌,안전운전불이행,건조,맑음,교차로 - 교차로부근,승용,여,46세,상해없음,승용,여,27세,경상
2016081700100592,2016년 8월 17일 21시,수요일,광주광역시 남구 방림동,경상사고,0,0,1,0,차대사람 - 기타,기타,습기,비,단일로 - 기타,승용,남,59세,상해없음,보행자,여,27세,경상
2016081700100593,2016년 8월 17일 21시,수요일,광주광역시 북구 동림동,경상사고,0,0,1,0,차대차 - 추돌,안전운전불이행,습기,비,단일로 - 기타,승용,남,61세,상해없음,승용,여,30세,경상
2016081700100594,2016년 8월 17일 21시,수요일,광주광역시 북구 오치동,경상사고,0,0,2,0,차대차 - 측면직각충돌,안전운전불이행,건조,맑음,교차로 - 교차로안,승용,남,42세,상해없음,승용,남,57세,상해없음
2016081700100595,2016년 8월 17일 21시,수요일,광주광역시 광산구 산월동,경상사고,0,0,3,0,차대차 - 추돌,안전운전불이행,건조,맑음,교차로 - 교차로안,승용,남,20세,상해없음,원동기,남,16세,경상
2016081700100621,2016년 8월 17일 22시,수요일,광주광역시 북구 삼각동,경상사고,0,0,1,0,차대차 - 추돌,안전운전불이행,건조,맑음,교차로 - 교차로부근,승용,남,49세,상해없음,승용,남,56세,경상
2016081800100043,2016년 8월 18일 03시,목요일,광주광역시 서구 치평동,경상사고,0,0,1,0,차대사람 - 차도통행중,안전운전불이행,건조,맑음,단일로 - 기타,기타불명,기타불명,기타불명,기타불명,보행자,남,30세,경상
2016081800100046,2016년 8월 18일 04시,목요일,광주광역시 서구 광천동,경상사고,0,0,1,0,차대차 - 기타,안전운전불이행,건조,맑음,단일로 - 기타,승용,남,24세,상해없음,승용,남,53세,상해없음