사고번호,사고일시,요일,시군구,사고내용,사망자수,중상자수,경상자수,부상신고자수,사고유형,법규위반,노면상태,기상상태,도로형태,가해운전자 차종,가해운전자 성별,가해운전자 연령,가해운전자 상해정도,피해운전자 차종,피해운전자 성별,피해운전자 연령,피해운전자 상해정도
2016081800100058,2016년 8월 18일 05시,목요일,광주광역시 광산구 비아동,경상사고,0,0,1,0,차대차 - 정면충돌,중앙선침범,건조,맑음,단일로 - 기타,승용,남,39세,상해없음,승합,남,50세,상해없음
2016081800100138,2016년 8월 18일 08시,목요일,광주광역시 서구 금호동,중상사고,0,1,0,0,차량단독 - 기타,안전운전불이행,건조,맑음,단일로 - 기타,승합,남,49세,상해없음,,,,
2016081800100176,2016년 8월 18일 09시,목요일,광주광역시 동구 서석동,경상사고,0,0,2,0,차대차 - 추돌,안전운전불이행,건조,맑음,단일로 - 기타,승용,남,22세,상해없음,승용,남,53세,경상
2016081800100177,2016년 8월 18일 09시,목요일,광주광역시 남구 주월동,경상사고,0,0,2,0,차대차 - 추돌,안전운전불이행,건조,맑음,단일로 - 기타,승용,남,75세,상해없음,승용,남,55세,경상
2016081800100258,2016년 8월 18일 12시,목요일,광주광역시 남구 주월동,경상사고,0,0,3,0,차대차 - 측면직각충돌,교차로운행방법위반,건조,맑음,교차로 - 교차로안,승용,남,68세,경상,승용,여,44세,경상
2016081800100357,2016년 8월 18일 15시,목요일,광주광역시 광산구 산정동,경상사고,0,0,1,0,차대차 - 측면직각충돌,안전운전불이행,건조,맑음,단일로 - 기타,승합,남,55세,상해없음,승용,여,45세,경상
2016081800100394,2016년 8월 18일 16시,목요일,광주광역시 서구 치평동,경상사고,0,0,1,0,차대사람 - 기타,신호위반,건조,맑음,단일로 - 기타,승용,남,49세,상해없음,보행자,남,7세,경상
2016081800100466,2016년 8월 18일 18시,목요일,광주광역시 서구 농성동,경상사고,0,0,2,0,차대차 - 추돌,안전거리미확보,건조,맑음,교차로 - 교차로부근,승용,여,54세,상해없음,승용,남,36세,경상
2016081800100510,2016년 8월 18일 19시,목요일,광주광역시 광산구 신창동,경상사고,0,0,1,0,차대차 - 측면직각충돌,교차로운행방법위반,건조,맑음,교차로 - 교차로안,승용,남,36세,상해없음,원동기,남,41세,경상
2016081800100570,2016년 8월 18일 21시,목요일,광주광역시 광산구 월계동,중상사고,0,1,1,0,차대사람 - 횡단중,신호위반,건조,맑음,단일로 - 횡단보도상,원동기,남,16세,경상,보행자,남,11세,중상
2016081800100596,2016년 8월 18일 22시,목요일,광주광역시 서구 화정동,경상사고,0,0,2,0,차대차 - 추돌,안전운전불이행,건조,맑음,교차로 - 교차로부근,승용,남,51세,상해없음,승용,남,52세,경상
2016081800100597,2016년 8월 18일 22시,목요일,광주광역시 남구 주월동,경상사고,0,0,1,0,차대사람 - 기타,기타,건조,맑음,단일로 - 기타,승합,남,56세,상해없음,보행자,여,55세,경상
2016081800100620,2016년 8월 18일 23시,목요일,광주광역시 광산구 송정동,중상사고,0,1,0,0,차대차 - 정면충돌,차로위반,건조,맑음,단일로 - 기타,승용,남,58세,상해없음,이륜,남,16세,중상
2016081900100029,2016년 8월 19일 01시,금요일,광주광역시 북구 용봉동,경상사고,0,0,1,0,차대차 - 측면충돌,신호위반,건조,맑음,교차로 - 교차로안,승용,남,31세,상해없음,승용,남,63세,경상
2016081900100054,2016년 8월 19일 04시,금요일,광주광역시 서구 치평동,중상사고,0,1,0,0,차대사람 - 횡단중,중앙선침범,건조,맑음,단일로 - 기타,승용,남,60세,상해없음,보행자,여,70세,중상
2016081900100067,2016년 8월 19일 05시,금요일,광주광역시 북구 두암동,경상사고,0,0,2,0,차대차 - 추돌,차로위반,건조,맑음,교차로 - 교차로부근,특수,남,55세,기타불명,승합,여,65세,경상
2016081900100095,2016년 8월 19일 07시,금요일,광주광역시 남구 백운동,경상사고,0,0,2,0,차대차 - 측면직각충돌,신호위반,건조,맑음,교차로 - 교차로안,승용,남,45세,상해없음,승용,남,66세,경상
2016081900100132,2016년 8월 19일 08시,금요일,광주광역시 서구 풍암동,중상사고,0,1,0,0,차대사람 - 횡단중,보행자보호의무위반,건조,맑음,교차로 - 교차로안,승용,남,75세,상해없음,보행자,여,43세,중상
2016081900100133,2016년 8월 19일 08시,금요일,광주광역시 서구 쌍촌동,경상사고,0,0,3,0,차대차 - 정면충돌,안전운전불이행,건조,맑음,단일로 - 기타,승용,남,28세,상해없음,승용,남,67세,경상
2016081900100134,2016년 8월 19일 08시,금요일,광주광역시 북구 운암동,중상사고,0,1,1,0,차대차 - 추돌,안전거리미확보,건조,맑음,단일로 - 기타,승용,여,42세,상해없음,이륜,남,45세,중상
2016081900100135,2016년 8월 19일 08시,금요일,광주광역시 북구 오룡동,경상사고,0,0,6,0,차대차 - 추돌,안전운전불이행,건조,맑음,교차로 - 교차로부근,승합,남,47세,상해없음,승용,여,30세,경상
2016081900100164,2016년 8월 19일 09시,금요일,광주광역시 동구 학동,경상사고,0,0,2,0,차대차 - 측면직각충돌,안전운전불이행,건조,맑음,교차로 - 교차로부근,승용,남,59세,경상,승용,여,50세,경상
2016081900100191,2016년 8월 19일 10시,금요일,광주광역시 남구 백운동,경상사고,0,0,2,0,차대차 - 정면충돌,신호위반,건조,맑음,교차로 - 교차로안,승용,남,74세,상해없음,승용,남,66세,경상
2016081900100219,2016년 8월 19일 11시,금요일,광주광역시 남구 주월동,경상사고,0,0,1,0,차대차 - 기타,교차로운행방법위반,건조,맑음,교차로 - 교차로안,승용,남,63세,상해없음,승합,남,51세,상해없음
2016081900100284,2016년 8월 19일 13시,금요일,광주광역시 광산구 쌍암동,중상사고,0,1,0,0,차대차 - 측면직각충돌,교차로운행방법위반,건조,맑음,교차로 - 교차로안,승용,남,65세,상해없음,승용,여,37세,중상
2016081900100359,2016년 8월 19일 15시,금요일,광주광역시 서구 유촌동,경상사고,0,0,4,0,차대차 - 측면직각충돌,안전운전불이행,건조,맑음,교차로 - 교차로부근,승용,남,73세,경상,화물,남,55세,경상
2016081900100388,2016년 8월 19일 16시,금요일,광주광역시 광산구 신가동,경상사고,0,0,1,0,차대차 - 측면직각충돌,안전거리미확보,건조,맑음,단일로 - 교량,승용,여,48세,상해없음,승용,남,49세,경상
2016081900100422,2016년 8월 19일 17시,금요일,광주광역시 광산구 수완동,경상사고,0,0,1,0,차대차 - 측면직각충돌,안전거리미확보,건조,맑음,교차로 - 교차로안,승용,여,45세,상해없음,승용,여,26세,경상
2016081900100467,2016년 8월 19일 18시,금요일,광주광역시 북구 양산동,경상사고,0,0,1,0,차대차 - 측면직각충돌,차로위반,건조,맑음,단일로 - 기타,화물,남,59세,상해없음,자전거,남,13세,경상
2016081900100512,2016년 8월 19일 19시,금요일,광주광역시 서구 쌍촌동,경상사고,0,0,6,0,차대차 - 측면충돌,안전운전불이행,건조,맑음,단일로 - 기타,승용,여,35세,경상,승용,남,55세,경상
2016081900100513,2016년 8월 19일 19시,금요일,광주광역시 북구 신용동,경상사고,0,0,1,0,차대차 - 측면충돌,안전거리미확보,건조,맑음,교차로 - 교차로부근,승용,여,35세,상해없음,이륜,남,46세,경상
2016081900100514,2016년 8월 19일 19시,금요일,광주광역시 광산구 월곡동,경상사고,0,0,2,0,차대차 - 측면직각충돌,신호위반,건조,맑음,교차로 - 교차로안,승용,여,28세,상해없음,승용,여,28세,경상
2016081900100542,2016년 8월 19일 20시,금요일,광주광역시 서구 광천동,경상사고,0,0,1,0,차대차 - 측면충돌,신호위반,건조,맑음,교차로 - 교차로안,승용,여,49세,상해없음,이륜,남,31세,경상
2016081900100543,2016년 8월 19일 20시,금요일,광주광역시 광산구 월계동,경상사고,0,0,1,0,차대사람 - 횡단중,안전운전불이행,건조,맑음,교차로 - 교차로부근,승용,남,48세,상해없음,보행자,여,70세,경상
2016081900100574,2016년 8월 19일 21시,금요일,광주광역시 서구 치평동,경상사고,0,0,1,0,차대차 - 정면충돌,신호위반,건조,맑음,교차로 - 교차로안,승용,남,37세,상해없음,승용,남,47세,경상
2016081900100575,2016년 8월 19일 21시,금요일,광주광역시 광산구 운남동,경상사고,0,0,1,0,차대차 - 기타,신호위반,건조,맑음,단일로 - 횡단보도상,원동기,남,16세,상해없음,자전거,남,13세,경상
2016081900100606,2016년 8월 19일 22시,금요일,광주광역시 북구 두암동,경상사고,0,0,3,0,차대차 - 측면충돌,안전운전불이행,건조,맑음,단일로 - 기타,승용,남,26세,경상,화물,남,54세,경상
2016082000100019,2016년 8월 20일 00시,토요일,광주광역시 남구 월산동,경상사고,0,0,1,0,차대차 - 기타,차로위반,건조,맑음,기타 - 기타,승용,남,53세,상해없음,승용,여,55세,상해없음
2016082000100042,2016년 8월 20일 01시,토요일,광주광역시 서구 서창동,경상사고,0,0,1,0,차대차 - 정면충돌,기타,건조,맑음,교차로 - 교차로안,승용,남,41세,상해없음,승용,남,32세,경상
2016082000100043,2016년 8월 20일 01시,토요일,광주광역시 서구 치평동,경상사고,0,0,2,1,차대차 - 측면직각충돌,안전운전불이행,건조,맑음,교차로 - 교차로안,승용,남,33세,부상신고,승용,남,59세,경상
2016082000100083,2016년 8월 20일 04시,토요일,광주광역시 서구 양동,경상사고,0,0,1,0,차대차 - 측면충돌,안전운전불이행,건조,기타,단일로 - 기타,승용,남,59세,상해없음,자전거,남,55세,경상
2016082000100103,2016년 8월 20일 06시,토요일,광주광역시 북구 오치동,중상사고,0,1,2,0,차대차 - 측면충돌,신호위반,건조,맑음,교차로 - 교차로안,승용,여,47세,경상,승용,남,58세,경상
2016082000100193,2016년 8월 20일 10시,토요일,광주광역시 동구 운림동,경상사고,0,0,1,0,차대차 - 기타,안전운전불이행,건조,맑음,기타 - 기타,승용,남,48세,상해없음,승용,여,53세,경상
2016082000100194,2016년 8월 20일 10시,토요일,광주광역시 광산구 우산동,경상사고,0,0,1,0,차대차 - 기타,안전운전불이행,건조,맑음,교차로 - 교차로안,승용,남,53세,상해없음,자전거,남,16세,경상
2016082000100274,2016년 8월 20일 12시,토요일,광주광역시 서구 광천동,경상사고,0,0,1,0,차대차 - 추돌,안전운전불이행,건조,맑음,단일로 - 기타,승용,여,68세,상해없음,이륜,남,49세,경상
2016082000100300,2016년 8월 20일 13시,토요일,광주광역시 광산구 도산동,경상사고,0,0,2,0,차대차 - 측면충돌,안전운전불이행,건조,맑음,단일로 - 기타,승용,남,33세,상해없음,승합,남,58세,경상
2016082000100339,2016년 8월 20일 14시,토요일,광주광역시 서구 광천동,경상사고,0,0,3,0,차대차 - 기타,교차로운행방법위반,건조,맑음,교차로 - 교차로안,승용,남,59세,상해없음,승용,여,41세,경상
2016082000100340,2016년 8월 20일 14시,토요일,광주광역시 북구 용봉동,경상사고,0,0,3,0,차대차 - 정면충돌,안전거리미확보,건조,맑음,단일로 - 기타,승용,남,34세,상해없음,승용,여,55세,경상
2016082000100341,2016년 8월 20일 14시,토요일,광주광역시 광산구 쌍암동,경상사고,0,0,1,0,차대차 - 측면직각충돌,안전운전불이행,건조,맑음,단일로 - 기타,승용,여,53세,상해없음,승용,남,75세,경상
2016082000100370,2016년 8월 20일 15시,토요일,광주광역시 남구 주월동,경상사고,0,0,1,0,차대차 - 측면충돌,교차로운행방법위반,건조,맑음,교차로 - 교차로부근,승용,남,78세,상해없음,승용,여,31세,경상
2016082000100371,2016년 8월 20일 15시,토요일,광주광역시 광산구 신창동,경상사고,0,0,2,0,차대차 - 측면직각충돌,신호위반,건조,맑음,교차로 - 교차로안,승용,여,37세,상해없음,승용,여,40세,경상
2016082000100406,2016년 8월 20일 16시,토요일,광주광역시 광산구 월계동,경상사고,0,0,1,0,차대차 - 추돌,안전운전불이행,건조,맑음,단일로 - 기타,승용,남,73세,상해없음,승합,남,39세,경상
2016082000100448,2016년 8월 20일 17시,토요일,광주광역시 서구 풍암동,경상사고,0,0,2,0,차대차 - 측면직각충돌,안전운전불이행,건조,맑음,단일로 - 기타,이륜,남,16세,경상,승용,여,35세,경상
2016082000100493,2016년 8월 20일 18시,토요일,광주광역시 북구 용봉동,중상사고,0,1,0,0,차대차 - 측면충돌,신호위반,습기,비,교차로 - 교차로부근,승용,여,29세,상해없음,승용,여,50세,중상
2016082000100535,2016년 8월 20일 19시,토요일,광주광역시 동구 금남로5가,중상사고,0,1,0,0,차대사람 - 횡단중,안전운전불이행,건조,맑음,기타 - 기타,승용,남,22세,상해없음,보행자,남,85세,중상
2016082000100536,2016년 8월 20일 19시,토요일,광주광역시 북구 신용동,경상사고,0,0,1,0,차대차 - 추돌,기타,습기,비,단일로 - 기타,승용,여,27세,상해없음,승용,남,51세,경상
2016082000100632,2016년 8월 20일 23시,토요일,광주광역시 서구 풍암동,경상사고,0,0,3,0,차대차 - 추돌,안전운전불이행,건조,맑음,단일로 - 기타,승용,남,56세,상해없음,승용,남,37세,경상
2016082100100019,2016년 8월 21일 00시,일요일,광주광역시 서구 농성동,경상사고,0,0,1,0,차대차 - 추돌,안전운전불이행,건조,맑음,교차로 - 교차로부근,승용,남,50세,상해없음,승용,여,55세,경상
2016082100100046,2016년 8월 21일 02시,일요일,광주광역시 서구 치평동,경상사고,0,0,2,0,차대차 - 정면충돌,안전운전불이행,건조,맑음,교차로 - 교차로부근,승용,남,20세,상해없음,승용,남,58세,경상
2016082100100065,2016년 8월 21일 03시,일요일,광주광역시 남구 주월동,경상사고,0,0,1,0,차대차 - 측면충돌,차로위반,건조,맑음,단일로 - 기타,승용,남,70세,상해없음,승용,여,48세,경상
2016082100100089,2016년 8월 21일 05시,일요일,광주광역시 서구 치평동,경상사고,0,0,2,0,차대사람 - 차도통행중,안전운전불이행,건조,맑음,단일로 - 기타,승용,여,24세,상해없음,보행자,여,20세,경상
2016082100100115,2016년 8월 21일 07시,일요일,광주광역시 북구 연제동,중상사고,0,1,1,0,차대차 - 측면직각충돌,신호위반,건조,맑음,교차로 - 교차로안,승용,남,59세,경상,승용,남,55세,중상
2016082100100129,2016년 8월 21일 08시,일요일,광주광역시 북구 오치동,경상사고,0,0,3,0,차대차 - 추돌,안전거리미확보,건조,맑음,단일로 - 기타,승용,여,58세,상해없음,승용,남,64세,경상
2016082100100148,2016년 8월 21일 09시,일요일,광주광역시 북구 용봉동,경상사고,0,0,1,0,차대차 - 측면충돌,안전운전불이행,건조,맑음,단일로 - 기타,승용,남,31세,상해없음,승용,남,62세,경상
2016082100100194,2016년 8월 21일 11시,일요일,광주광역시 북구 오치동,경상사고,0,0,2,0,차대차 - 측면직각충돌,신호위반,건조,맑음,교차로 - 교차로안,승용,남,24세,경상,승용,여,55세,경상
2016082100100218,2016년 8월 21일 12시,일요일,광주광역시 광산구 장록동,경상사고,0,0,5,0,차대차 - 측면직각충돌,안전거리미확보,건조,맑음,교차로 - 교차로부근,승용,남,43세,상해없음,화물,남,43세,경상
2016082100100219,2016년 8월 21일 12시,일요일,광주광역시 광산구 산월동,경상사고,0,0,1,0,차대차 - 측면직각충돌,안전거리미확보,건조,맑음,단일로 - 기타,승용,남,58세,상해없음,승용,남,40세,경상
2016082100100242,2016년 8월 21일 13시,일요일,광주광역시 북구 두암동,경상사고,0,0,2,0,차대차 - 측면직각충돌,안전운전불이행,건조,맑음,단일로 - 기타,이륜,남,41세,경상,승용,여,27세,경상
2016082100100271,2016년 8월 21일 14시,일요일,광주광역시 광산구 신창동,경상사고,0,0,1,0,차대차 - 측면충돌,안전거리미확보,건조,맑음,단일로 - 기타,승용,남,47세,상해없음,이륜,남,17세,경상
2016082100100291,2016년 8월 21일 15시,일요일,광주광역시 북구 연제동,경상사고,0,0,1,0,차대차 - 측면충돌,교차로운행방법위반,건조,맑음,교차로 - 교차로안,승용,여,51세,상해없음,화물,남,34세,경상
2016082100100292,2016년 8월 21일 15시,일요일,광주광역시 광산구 수완동,경상사고,0,0,1,0,차대차 - 정면충돌,신호위반,건조,맑음,단일로 - 횡단보도상,승용,남,32세,상해없음,자전거,여,15세,경상
2016082100100293,2016년 8월 21일 15시,일요일,광주광역시 광산구 산정동,경상사고,0,0,1,0,차대차 - 추돌,안전운전불이행,건조,맑음,교차로 - 교차로부근,승용,여,25세,상해없음,승용,여,37세,경상
2016082100100352,2016년 8월 21일 17시,일요일,광주광역시 서구 금호동,경상사고,0,0,1,0,차대차 - 기타,안전운전불이행,건조,맑음,단일로 - 기타,승용,남,45세,상해없음,승용,남,33세,경상
2016082100100446,2016년 8월 21일 20시,일요일,광주광역시 서구 쌍촌동,경상사고,0,0,2,0,차대차 - 기타,안전거리미확보,건조,맑음,단일로 - 기타,승용,여,57세,경상,승합,남,57세,경상
2016082100100479,2016년 8월 21일 21시,일요일,광주광역시 북구 신용동,경상사고,0,0,4,0,차대차 - 추돌,안전거리미확보,건조,맑음,교차로 - 교차로안,승용,남,19세,상해없음,승용,남,34세,경상
2016082100100494,2016년 8월 21일 22시,일요일,광주광역시 서구 쌍촌동,중상사고,0,1,1,1,차대차 - 기타,교차로운행방법위반,건조,맑음,교차로 - 교차로안,승용,남,55세,부상신고,승용,남,33세,경상
2016082100100495,2016년 8월 21일 22시,일요일,광주광역시 서구 광천동,경상사고,0,0,1,0,차대차 - 측면충돌,안전운전불이행,건조,흐림,단일로 - 기타,화물,남,55세,상해없음,이륜,남,25세,경상
2016082100100496,2016년 8월 21일 22시,일요일,광주광역시 북구 용봉동,경상사고,0,0,1,0,차대차 - 측면직각충돌,안전거리미확보,건조,맑음,단일로 - 기타,승용,남,52세,상해없음,이륜,남,34세,경상
2016082100100518,2016년 8월 21일 23시,일요일,광주광역시 남구 양림동,경상사고,0,0,1,0,차대차 - 측면직각충돌,안전운전불이행,건조,맑음,교차로 - 교차로안,승용,남,63세,상해없음,승용,여,40세,경상
2016082100100519,2016년 8월 21일 23시,일요일,광주광역시 서구 광천동,중상사고,0,1,0,0,차대차 - 기타,안전운전불이행,건조,맑음,교차로 - 교차로부근,이륜,남,42세,중상,승합,남,60세,상해없음
2016082200100027,2016년 8월 22일 01시,월요일,광주광역시 북구 용봉동,경상사고,0,0,1,0,차대차 - 측면충돌,안전거리미확보,건조,맑음,단일로 - 기타,이륜,남,21세,경상,승용,남,48세,상해없음
2016082200100034,2016년 8월 22일 02시,월요일,광주광역시 서구 치평동,경상사고,0,0,2,0,차대차 - 측면직각충돌,교차로운행방법위반,건조,맑음,교차로 - 교차로안,승용,남,22세,상해없음,승용,남,25세,경상
2016082200100055,2016년 8월 22일 05시,월요일,광주광역시 동구 학동,경상사고,0,0,2,0,차대차 - 추돌,안전운전불이행,건조,맑음,교차로 - 교차로부근,승용,남,57세,상해없음,승용,여,48세,경상
2016082200100073,2016년 8월 22일 06시,월요일,광주광역시 서구 양동,부상신고사고,0,0,0,1,차대차 - 기타,안전운전불이행,건조,맑음,단일로 - 기타,자전거,여,60세,부상신고,승용,남,57세,상해없음
2016082200100074,2016년 8월 22일 06시,월요일,광주광역시 북구 신안동,경상사고,0,0,2,0,차대차 - 측면직각충돌,교차로운행방법위반,건조,맑음,교차로 - 교차로안,승용,남,58세,경상,승용,남,30세,경상
2016082200100075,2016년 8월 22일 06시,월요일,광주광역시 광산구 수완동,중상사고,0,1,1,0,차대차 - 측면충돌,신호위반,건조,맑음,교차로 - 교차로안,승용,여,45세,경상,승용,남,32세,중상
2016082200100110,2016년 8월 22일 07시,월요일,광주광역시 북구 우산동,경상사고,0,0,1,0,차대차 - 측면직각충돌,교차로운행방법위반,건조,맑음,교차로 - 교차로안,화물,남,47세,상해없음,승용,남,59세,경상
2016082200100111,2016년 8월 22일 07시,월요일,광주광역시 광산구 신가동,경상사고,0,0,1,0,차대사람 - 횡단중,보행자보호의무위반,건조,맑음,교차로 - 교차로안,승용,남,50세,상해없음,보행자,남,22세,경상
2016082200100156,2016년 8월 22일 08시,월요일,광주광역시 서구 금호동,경상사고,0,0,4,0,차대차 - 추돌,안전거리미확보,건조,맑음,단일로 - 기타,승용,여,43세,상해없음,승용,남,64세,경상
2016082200100157,2016년 8월 22일 08시,월요일,광주광역시 남구 방림동,경상사고,0,0,1,0,차대사람 - 횡단중,안전운전불이행,건조,맑음,단일로 - 기타,승용,여,26세,상해없음,보행자,여,16세,경상
2016082200100204,2016년 8월 22일 09시,월요일,광주광역시 서구 화정동,부상신고사고,0,0,0,1,차대차 - 정면충돌,안전거리미확보,건조,맑음,단일로 - 기타,원동기,남,22세,부상신고,승용,남,44세,상해없음
2016082200100205,2016년 8월 22일 09시,월요일,광주광역시 북구 용봉동,경상사고,0,0,2,0,차대차 - 측면충돌,안전거리미확보,건조,맑음,교차로 - 교차로부근,승용,남,55세,상해없음,승용,남,27세,경상
2016082200100249,2016년 8월 22일 10시,월요일,광주광역시 서구 화정동,경상사고,0,0,1,0,차대차 - 정면충돌,중앙선침범,건조,맑음,교차로 - 교차로안,승용,남,53세,상해없음,승용,남,39세,경상
2016082200100250,2016년 8월 22일 10시,월요일,광주광역시 북구 용봉동,경상사고,0,0,1,0,차대차 - 추돌,안전운전불이행,건조,맑음,교차로 - 교차로부근,화물,남,57세,상해없음,화물,남,32세,상해없음
2016082200100405,2016년 8월 22일 15시,월요일,광주광역시 남구 사동,중상사고,0,1,3,0,차대차 - 측면직각충돌,안전운전불이행,건조,맑음,교차로 - 교차로안,승용,남,20세,경상,승용,남,32세,경상
2016082200100406,2016년 8월 22일 15시,월요일,광주광역시 남구 이장동,경상사고,0,0,1,0,차대차 - 기타,안전거리미확보,건조,맑음,단일로 - 기타,화물,남,54세,기타불명,승용,남,60세,경상
2016082200100407,2016년 8월 22일 15시,월요일,광주광역시 광산구 장덕동,중상사고,0,1,0,0,차대사람 - 횡단중,안전운전불이행,건조,맑음,단일로 - 기타,승용,남,36세,상해없음,보행자,여,7세,중상
2016082200100456,2016년 8월 22일 16시,월요일,광주광역시 서구 광천동,경상사고,0,0,1,0,차대차 - 정면충돌,신호위반,건조,맑음,교차로 - 교차로안,승용,남,19세,상해없음,승용,남,70세,경상
2016082200100509,2016년 8월 22일 17시,월요일,광주광역시 남구 양림동,부상신고사고,0,0,0,1,차대차 - 측면직각충돌,신호위반,건조,맑음,교차로 - 교차로부근,자전거,여,33세,부상신고,승용,남,59세,상해없음
2016082200100541,2016년 8월 22일 18시,월요일,광주광역시 남구 백운동,경상사고,0,0,1,0,차대사람 - 횡단중,안전운전불이행,건조,맑음,교차로 - 교차로안,승용,남,34세,상해없음,보행자,여,8세,경상
2016082200100581,2016년 8월 22일 19시,월요일,광주광역시 북구 신안동,경상사고,0,0,1,0,차대차 - 측면충돌,안전운전불이행,건조,맑음,단일로 - 기타,이륜,여,18세,경상,승합,남,29세,상해없음
2016082200100582,2016년 8월 22일 19시,월요일,광주광역시 북구 운암동,경상사고,0,0,1,0,차대차 - 측면직각충돌,안전운전불이행,건조,맑음,단일로 - 기타,이륜,남,22세,경상,승용,남,55세,상해없음
2016082200100657,2016년 8월 22일 21시,월요일,광주광역시 서구 쌍촌동,경상사고,0,0,1,4,차대차 - 추돌,안전운전불이행,습기,비,교차로 - 교차로부근,승용,남,49세,상해없음,승용,남,29세,경상
2016082200100658,2016년 8월 22일 21시,월요일,광주광역시 북구 두암동,경상사고,0,0,3,0,차대차 - 추돌,안전거리미확보,건조,맑음,단일로 - 기타,승용,여,61세,상해없음,승용,남,37세,경상
2016082200100659,2016년 8월 22일 21시,월요일,광주광역시 광산구 신창동,경상사고,0,0,2,0,차대차 - 추돌,안전운전불이행,건조,맑음,단일로 - 기타,승용,남,38세,상해없음,승용,남,24세,경상
2016082200100684,2016년 8월 22일 22시,월요일,광주광역시 서구 쌍촌동,경상사고,0,0,5,0,차대차 - 측면충돌,안전운전불이행,건조,맑음,교차로 - 교차로안,승용,남,63세,상해없음,승용,남,18세,경상
2016082200100685,2016년 8월 22일 22시,월요일,광주광역시 서구 치평동,경상사고,0,0,1,0,차대차 - 추돌,안전운전불이행,건조,맑음,교차로 - 교차로부근,승용,남,16세,상해없음,승용,여,44세,경상
2016082300100044,2016년 8월 23일 03시,화요일,광주광역시 남구 월산동,부상신고사고,0,0,0,1,차대차 - 정면충돌,안전운전불이행,건조,맑음,단일로 - 기타,승용,남,28세,부상신고,건설기계,남,59세,상해없음
2016082300100064,2016년 8월 23일 05시,화요일,광주광역시 서구 유촌동,중상사고,0,1,0,0,차대사람 - 길가장자리구역통행중,교차로운행방법위반,건조,맑음,교차로 - 교차로부근,기타불명,기타불명,기타불명,기타불명,보행자,남,59세,중상
2016082300100072,2016년 8월 23일 06시,화요일,광주광역시 남구 행암동,경상사고,0,0,1,0,차대차 - 측면충돌,안전운전불이행,건조,맑음,단일로 - 기타,승용,남,72세,상해없음,화물,남,57세,경상
2016082300100084,2016년 8월 23일 07시,화요일,광주광역시 북구 용봉동,경상사고,0,0,2,0,차대차 - 추돌,안전운전불이행,건조,맑음,단일로 - 기타,승용,남,26세,상해없음,승용,남,43세,경상
2016082300100148,2016년 8월 23일 09시,화요일,광주광역시 서구 금호동,경상사고,0,0,1,0,차대차 - 측면직각충돌,신호위반,건조,맑음,교차로 - 교차로안,특수,남,23세,상해없음,승용,여,61세,경상
2016082300100149,2016년 8월 23일 09시,화요일,광주광역시 북구 누문동,경상사고,0,0,1,0,차대차 - 추돌,안전거리미확보,건조,맑음,교차로 - 교차로부근,승용,여,52세,상해없음,이륜,남,51세,경상
2016082300100324,2016년 8월 23일 15시,화요일,광주광역시 남구 월산동,경상사고,0,0,4,0,차대차 - 측면충돌,안전운전불이행,건조,맑음,교차로 - 교차로안,승용,남,49세,상해없음,승용,남,23세,경상
2016082300100397,2016년 8월 23일 17시,화요일,광주광역시 서구 유촌동,경상사고,0,0,3,0,차대차 - 추돌,안전운전불이행,습기,비,단일로 - 기타,화물,남,66세,경상,승용,남,54세,경상
2016082300100436,2016년 8월 23일 18시,화요일,광주광역시 광산구 월곡동,중상사고,0,1,0,0,차대차 - 측면충돌,교차로운행방법위반,습기,비,교차로 - 교차로안,승합,남,42세,상해없음,이륜,남,57세,중상
2016082300100437,2016년 8월 23일 18시,화요일,광주광역시 광산구 신촌동,경상사고,0,0,2,0,차대차 - 추돌,안전운전불이행,습기,맑음,단일로 - 기타,화물,남,45세,상해없음,승용,여,48세,경상
2016082300100480,2016년 8월 23일 19시,화요일,광주광역시 서구 풍암동,중상사고,0,1,0,0,차대사람 - 횡단중,보행자보호의무위반,습기,비,교차로 - 교차로안,승용,남,50세,상해없음,보행자,남,59세,중상
2016082300100481,2016년 8월 23일 19시,화요일,광주광역시 서구 금호동,부상신고사고,0,0,0,1,차대차 - 측면직각충돌,신호위반,습기,비,교차로 - 교차로안,화물,기타불명,기타불명,기타불명,승용,남,40세,부상신고
2016082300100482,2016년 8월 23일 19시,화요일,광주광역시 서구 광천동,경상사고,0,0,1,0,차대차 - 측면직각충돌,안전운전불이행,건조,맑음,단일로 - 기타,승용,남,54세,상해없음,승합,남,49세,상해없음
2016082300100483,2016년 8월 23일 19시,화요일,광주광역시 광산구 송정동,경상사고,0,0,2,0,차대차 - 측면충돌,과속,습기,비,단일로 - 기타,화물,남,54세,상해없음,승용,남,59세,경상
2016082300100484,2016년 8월 23일 19시,화요일,광주광역시 광산구 송정동,중상사고,0,1,0,0,차대사람 - 횡단중,안전운전불이행,습기,비,단일로 - 기타,화물,남,55세,상해없음,보행자,남,58세,중상
2016082300100485,2016년 8월 23일 19시,화요일,광주광역시 광산구 수완동,경상사고,0,0,1,0,차대차 - 측면충돌,신호위반,습기,비,단일로 - 횡단보도상,승용,여,39세,상해없음,자전거,남,44세,경상