사고번호,사고일시,요일,시군구,사고내용,사망자수,중상자수,경상자수,부상신고자수,사고유형,법규위반,노면상태,기상상태,도로형태,가해운전자 차종,가해운전자 성별,가해운전자 연령,가해운전자 상해정도,피해운전자 차종,피해운전자 성별,피해운전자 연령,피해운전자 상해정도
2016082300100486,2016년 8월 23일 19시,화요일,광주광역시 광산구 우산동,경상사고,0,0,1,0,차대사람 - 횡단중,보행자보호의무위반,습기,비,교차로 - 교차로부근,승용,남,70세,상해없음,보행자,남,36세,경상
2016082300100487,2016년 8월 23일 19시,화요일,광주광역시 광산구 신촌동,경상사고,0,0,1,0,차대차 - 추돌,안전거리미확보,습기,비,교차로 - 교차로안,승용,남,42세,상해없음,승용,남,38세,경상
2016082300100543,2016년 8월 23일 21시,화요일,광주광역시 동구 학동,경상사고,0,0,2,0,차대사람 - 횡단중,안전운전불이행,습기,비,단일로 - 기타,이륜,남,25세,경상,보행자,남,53세,경상
2016082300100544,2016년 8월 23일 21시,화요일,광주광역시 남구 백운동,경상사고,0,0,3,0,차대차 - 측면직각충돌,안전운전불이행,건조,맑음,단일로 - 기타,승용,남,56세,상해없음,승용,여,28세,경상
2016082300100575,2016년 8월 23일 22시,화요일,광주광역시 남구 월산동,경상사고,0,0,1,0,차대차 - 기타,안전운전불이행,건조,맑음,교차로 - 교차로부근,승용,남,56세,상해없음,이륜,남,21세,경상
2016082400100012,2016년 8월 24일 00시,수요일,광주광역시 서구 광천동,경상사고,0,0,2,0,차대차 - 추돌,안전운전불이행,건조,맑음,단일로 - 기타,승용,남,33세,상해없음,승합,남,43세,경상
2016082400100013,2016년 8월 24일 00시,수요일,광주광역시 북구 신안동,경상사고,0,0,2,0,차대차 - 정면충돌,안전운전불이행,건조,맑음,단일로 - 기타,승용,남,25세,경상,승용,남,19세,경상
2016082400100014,2016년 8월 24일 00시,수요일,광주광역시 북구 용봉동,경상사고,0,0,1,0,차대차 - 측면충돌,안전운전불이행,건조,맑음,단일로 - 기타,승용,남,30세,상해없음,승용,남,30세,경상
2016082400100030,2016년 8월 24일 01시,수요일,광주광역시 북구 중흥동,경상사고,0,0,1,0,차량단독 - 기타,안전운전불이행,건조,맑음,단일로 - 기타,승용,남,37세,상해없음,,,,
2016082400100063,2016년 8월 24일 05시,수요일,광주광역시 서구 화정동,중상사고,0,1,0,0,차대차 - 정면충돌,신호위반,건조,맑음,교차로 - 교차로안,승용,여,56세,상해없음,자전거,남,72세,중상
2016082400100137,2016년 8월 24일 08시,수요일,광주광역시 북구 오치동,경상사고,0,0,2,0,차대차 - 기타,안전거리미확보,건조,맑음,단일로 - 기타,승용,여,27세,상해없음,승용,남,43세,경상
2016082400100201,2016년 8월 24일 10시,수요일,광주광역시 북구 동림동,중상사고,0,1,0,0,차대차 - 측면충돌,안전거리미확보,건조,맑음,교차로 - 교차로부근,승용,남,29세,상해없음,이륜,남,53세,중상
2016082400100235,2016년 8월 24일 11시,수요일,광주광역시 서구 치평동,경상사고,0,0,1,0,차대차 - 추돌,안전운전불이행,건조,맑음,단일로 - 기타,승용,남,53세,상해없음,승용,여,37세,경상
2016082400100270,2016년 8월 24일 12시,수요일,광주광역시 서구 광천동,중상사고,0,1,0,0,차대사람 - 횡단중,안전운전불이행,건조,맑음,교차로 - 교차로부근,승용,남,34세,상해없음,보행자,남,44세,중상
2016082400100271,2016년 8월 24일 12시,수요일,광주광역시 북구 양산동,경상사고,0,0,2,0,차대차 - 기타,안전거리미확보,건조,맑음,단일로 - 기타,승용,여,53세,상해없음,승용,남,29세,경상
2016082400100406,2016년 8월 24일 16시,수요일,광주광역시 서구 동천동,경상사고,0,0,1,0,차대차 - 측면직각충돌,안전운전불이행,건조,맑음,교차로 - 교차로부근,자전거,남,83세,경상,화물,남,61세,상해없음
2016082400100408,2016년 8월 24일 16시,수요일,광주광역시 광산구 송정동,경상사고,0,0,2,0,차대차 - 추돌,안전운전불이행,건조,맑음,교차로 - 교차로부근,승용,남,50세,상해없음,승용,여,39세,경상
2016082400100494,2016년 8월 24일 18시,수요일,광주광역시 북구 신안동,경상사고,0,0,1,0,차대차 - 기타,안전운전불이행,건조,맑음,단일로 - 기타,기타불명,기타불명,45세,기타불명,자전거,남,73세,경상
2016082400100495,2016년 8월 24일 18시,수요일,광주광역시 북구 오치동,중상사고,0,1,2,0,차대차 - 측면충돌,교차로운행방법위반,건조,맑음,교차로 - 교차로안,승용,남,39세,상해없음,승용,여,46세,중상
2016082400100535,2016년 8월 24일 19시,수요일,광주광역시 서구 광천동,경상사고,0,0,1,0,차대차 - 추돌,안전운전불이행,건조,맑음,교차로 - 교차로부근,승용,남,46세,기타불명,승용,남,31세,상해없음
2016082400100574,2016년 8월 24일 20시,수요일,광주광역시 광산구 신창동,경상사고,0,0,1,0,차대차 - 정면충돌,안전운전불이행,건조,맑음,교차로 - 교차로안,승용,남,67세,상해없음,승용,남,34세,경상
2016082400100635,2016년 8월 24일 22시,수요일,광주광역시 서구 동천동,경상사고,0,0,2,0,차대차 - 기타,교차로운행방법위반,건조,기타,교차로 - 교차로부근,승용,남,55세,상해없음,승용,여,33세,경상
2016082400100636,2016년 8월 24일 22시,수요일,광주광역시 북구 운암동,중상사고,0,1,0,0,차대차 - 측면직각충돌,차로위반,건조,맑음,단일로 - 기타,승용,남,40세,상해없음,이륜,남,39세,중상
2016082500100034,2016년 8월 25일 01시,목요일,광주광역시 북구 용두동,중상사고,0,1,0,0,차대사람 - 횡단중,안전운전불이행,건조,맑음,단일로 - 기타,승용,남,34세,상해없음,보행자,남,57세,중상
2016082500100130,2016년 8월 25일 08시,목요일,광주광역시 광산구 하남동,경상사고,0,0,1,0,차대차 - 측면충돌,신호위반,건조,맑음,교차로 - 교차로안,승용,남,50세,상해없음,승용,남,55세,경상
2016082500100162,2016년 8월 25일 09시,목요일,광주광역시 광산구 신창동,경상사고,0,0,1,0,차대차 - 측면직각충돌,신호위반,건조,맑음,교차로 - 교차로안,화물,남,39세,상해없음,승용,남,28세,경상
2016082500100228,2016년 8월 25일 11시,목요일,광주광역시 서구 화정동,경상사고,0,0,4,0,차대차 - 기타,중앙선침범,건조,맑음,단일로 - 기타,승용,여,39세,상해없음,승용,남,63세,경상
2016082500100259,2016년 8월 25일 12시,목요일,광주광역시 남구 백운동,중상사고,0,1,0,0,차대사람 - 횡단중,신호위반,건조,맑음,단일로 - 기타,승용,남,68세,상해없음,보행자,여,57세,중상
2016082500100260,2016년 8월 25일 12시,목요일,광주광역시 북구 운암동,부상신고사고,0,0,0,1,차대차 - 측면충돌,안전거리미확보,건조,맑음,단일로 - 기타,이륜,남,37세,부상신고,승용,남,70세,상해없음
2016082500100261,2016년 8월 25일 12시,목요일,광주광역시 북구 중흥동,경상사고,0,0,1,0,차대차 - 측면충돌,안전운전불이행,건조,맑음,교차로 - 교차로안,승용,남,62세,상해없음,승용,남,51세,경상
2016082500100288,2016년 8월 25일 13시,목요일,광주광역시 서구 농성동,경상사고,0,0,1,0,차대차 - 추돌,안전운전불이행,건조,맑음,교차로 - 교차로부근,승용,여,54세,상해없음,승용,여,45세,경상
2016082500100318,2016년 8월 25일 14시,목요일,광주광역시 서구 화정동,경상사고,0,0,1,0,차대차 - 정면충돌,안전거리미확보,건조,맑음,단일로 - 기타,승용,여,62세,상해없음,승용,여,58세,경상
2016082500100391,2016년 8월 25일 16시,목요일,광주광역시 서구 매월동,경상사고,0,0,2,0,차대차 - 추돌,안전운전불이행,건조,맑음,단일로 - 기타,승용,여,55세,상해없음,승용,남,60세,경상
2016082500100428,2016년 8월 25일 17시,목요일,광주광역시 북구 운정동,사망사고,1,0,2,0,차대차 - 추돌,안전운전불이행,건조,맑음,교차로 - 교차로부근,승용,남,78세,사망,승용,여,47세,경상
2016082500100466,2016년 8월 25일 18시,목요일,광주광역시 북구 두암동,경상사고,0,0,1,0,차대차 - 측면직각충돌,신호위반,건조,맑음,교차로 - 교차로안,승용,남,57세,경상,승용,남,39세,상해없음
2016082500100509,2016년 8월 25일 19시,목요일,광주광역시 광산구 우산동,경상사고,0,0,2,0,차대차 - 정면충돌,안전거리미확보,건조,맑음,교차로 - 교차로부근,이륜,남,39세,경상,승용,여,46세,경상
2016082500100510,2016년 8월 25일 19시,목요일,광주광역시 광산구 비아동,경상사고,0,0,2,0,차대차 - 정면충돌,중앙선침범,건조,맑음,교차로 - 교차로부근,승용,여,44세,상해없음,승용,남,57세,경상
2016082500100552,2016년 8월 25일 20시,목요일,광주광역시 광산구 우산동,경상사고,0,0,1,0,차대사람 - 횡단중,안전운전불이행,건조,맑음,단일로 - 기타,승용,남,21세,상해없음,보행자,남,29세,경상
2016082500100615,2016년 8월 25일 22시,목요일,광주광역시 서구 쌍촌동,경상사고,0,0,2,1,차량단독 - 기타,안전운전불이행,건조,맑음,단일로 - 기타,승용,남,57세,부상신고,,,,
2016082500100634,2016년 8월 25일 23시,목요일,광주광역시 서구 금호동,경상사고,0,0,1,0,차대차 - 측면직각충돌,안전운전불이행,건조,맑음,단일로 - 기타,승용,남,59세,상해없음,승용,여,30세,경상
2016082600100023,2016년 8월 26일 00시,금요일,광주광역시 광산구 신창동,경상사고,0,0,1,0,차대사람 - 횡단중,안전운전불이행,건조,맑음,단일로 - 기타,승용,남,58세,상해없음,보행자,여,16세,경상
2016082600100045,2016년 8월 26일 01시,금요일,광주광역시 광산구 삼거동,경상사고,0,0,1,0,차량단독 - 전도전복,안전운전불이행,건조,맑음,단일로 - 기타,승용,남,40세,경상,,,,
2016082600100097,2016년 8월 26일 04시,금요일,광주광역시 동구 학동,경상사고,0,0,2,0,차량단독 - 공작물충돌,안전운전불이행,건조,맑음,단일로 - 기타,승용,남,67세,상해없음,,,,
2016082600100143,2016년 8월 26일 06시,금요일,광주광역시 북구 각화동,중상사고,0,1,0,0,차대차 - 기타,안전운전불이행,건조,맑음,단일로 - 기타,화물,남,48세,상해없음,이륜,남,66세,중상
2016082600100169,2016년 8월 26일 07시,금요일,광주광역시 북구 중흥동,경상사고,0,0,1,0,차대사람 - 횡단중,안전운전불이행,건조,맑음,단일로 - 기타,승용,남,68세,상해없음,보행자,여,16세,경상
2016082600100209,2016년 8월 26일 08시,금요일,광주광역시 북구 신용동,경상사고,0,0,3,0,차대차 - 정면충돌,안전운전불이행,건조,맑음,단일로 - 기타,승용,남,45세,경상,승용,남,38세,경상
2016082600100270,2016년 8월 26일 10시,금요일,광주광역시 광산구 송정동,중상사고,0,2,0,0,차대차 - 측면직각충돌,신호위반,건조,맑음,교차로 - 교차로안,자전거,남,73세,중상,승용,남,66세,상해없음
2016082600100295,2016년 8월 26일 11시,금요일,광주광역시 광산구 신가동,경상사고,0,0,1,0,차대차 - 추돌,안전거리미확보,건조,맑음,단일로 - 기타,승용,남,39세,상해없음,화물,남,41세,경상
2016082600100320,2016년 8월 26일 12시,금요일,광주광역시 남구 백운동,중상사고,0,1,0,0,차대차 - 측면직각충돌,신호위반,건조,맑음,교차로 - 교차로안,승용,여,62세,상해없음,원동기,남,27세,중상
2016082600100433,2016년 8월 26일 15시,금요일,광주광역시 광산구 송정동,경상사고,0,0,1,0,차대차 - 측면직각충돌,안전거리미확보,건조,맑음,단일로 - 기타,승용,남,58세,상해없음,승용,여,51세,경상
2016082600100478,2016년 8월 26일 16시,금요일,광주광역시 남구 주월동,경상사고,0,0,1,0,차대차 - 추돌,안전운전불이행,습기,비,단일로 - 기타,승합,남,72세,상해없음,승용,남,24세,경상
2016082600100534,2016년 8월 26일 17시,금요일,광주광역시 서구 쌍촌동,경상사고,0,0,1,0,차대차 - 추돌,안전운전불이행,건조,맑음,교차로 - 교차로부근,승용,남,65세,상해없음,승용,여,48세,경상
2016082600100535,2016년 8월 26일 17시,금요일,광주광역시 북구 운암동,경상사고,0,0,1,0,차대차 - 측면충돌,안전운전불이행,습기,비,단일로 - 기타,승용,남,57세,상해없음,원동기,남,33세,경상
2016082600100536,2016년 8월 26일 17시,금요일,광주광역시 북구 두암동,경상사고,0,0,2,0,차대차 - 측면충돌,교차로운행방법위반,습기,비,교차로 - 교차로안,승용,남,49세,경상,승용,여,29세,경상
2016082600100537,2016년 8월 26일 17시,금요일,광주광역시 광산구 월계동,경상사고,0,0,1,0,차대차 - 측면충돌,안전운전불이행,습기,비,교차로 - 교차로부근,승용,남,78세,상해없음,승용,여,49세,경상
2016082600100582,2016년 8월 26일 18시,금요일,광주광역시 서구 화정동,부상신고사고,0,0,0,1,차대차 - 추돌,안전거리미확보,습기,비,교차로 - 교차로부근,승용,남,67세,부상신고,승합,남,21세,상해없음
2016082600100583,2016년 8월 26일 18시,금요일,광주광역시 북구 중흥동,중상사고,0,1,0,0,차대차 - 측면직각충돌,신호위반,습기,비,교차로 - 교차로부근,자전거,남,72세,중상,승용,남,68세,상해없음
2016082600100630,2016년 8월 26일 19시,금요일,광주광역시 서구 매월동,경상사고,0,0,2,0,차대차 - 추돌,신호위반,습기,비,단일로 - 기타,승용,남,56세,상해없음,승용,남,46세,경상
2016082600100672,2016년 8월 26일 20시,금요일,광주광역시 서구 풍암동,경상사고,0,0,1,0,차대사람 - 횡단중,안전운전불이행,습기,비,단일로 - 기타,승용,남,31세,상해없음,보행자,남,23세,경상
2016082600100673,2016년 8월 26일 20시,금요일,광주광역시 서구 화정동,경상사고,0,0,3,0,차대차 - 기타,안전운전불이행,습기,비,교차로 - 교차로부근,승용,남,45세,상해없음,승용,남,24세,경상
2016082600100674,2016년 8월 26일 20시,금요일,광주광역시 서구 풍암동,경상사고,0,0,1,0,차대차 - 기타,직진우회전진행방해,습기,비,교차로 - 교차로안,승용,남,57세,상해없음,원동기,남,20세,경상
2016082600100675,2016년 8월 26일 20시,금요일,광주광역시 북구 임동,경상사고,0,0,1,0,차대차 - 측면직각충돌,안전거리미확보,건조,맑음,단일로 - 기타,화물,남,61세,상해없음,승용,남,48세,경상
2016082600100708,2016년 8월 26일 21시,금요일,광주광역시 서구 쌍촌동,경상사고,0,0,1,0,차대사람 - 횡단중,보행자보호의무위반,습기,비,단일로 - 기타,승용,남,35세,상해없음,보행자,여,52세,경상
2016082600100709,2016년 8월 26일 21시,금요일,광주광역시 광산구 수완동,경상사고,0,0,4,0,차대차 - 추돌,안전운전불이행,습기,흐림,단일로 - 기타,화물,남,49세,상해없음,승용,여,24세,경상
2016082600100747,2016년 8월 26일 22시,금요일,광주광역시 북구 문흥동,경상사고,0,0,1,0,차대차 - 측면충돌,안전운전불이행,건조,맑음,단일로 - 기타,승용,남,39세,상해없음,원동기,남,18세,경상
2016082600100748,2016년 8월 26일 22시,금요일,광주광역시 광산구 장덕동,중상사고,0,2,1,0,차대차 - 측면직각충돌,신호위반,습기,흐림,교차로 - 교차로안,승용,여,41세,경상,승용,남,33세,중상
2016082600100749,2016년 8월 26일 22시,금요일,광주광역시 광산구 쌍암동,경상사고,0,0,1,0,차대사람 - 횡단중,안전운전불이행,습기,비,단일로 - 기타,원동기,남,37세,상해없음,보행자,남,25세,경상
2016082600100750,2016년 8월 26일 22시,금요일,광주광역시 광산구 송정동,경상사고,0,0,2,0,차대차 - 측면직각충돌,교차로운행방법위반,습기,비,교차로 - 교차로안,이륜,남,21세,경상,자전거,여,60세,경상
2016082600100782,2016년 8월 26일 23시,금요일,광주광역시 서구 치평동,경상사고,0,0,1,0,차대차 - 추돌,안전거리미확보,건조,맑음,단일로 - 기타,승용,남,54세,상해없음,승용,남,60세,상해없음
2016082700100016,2016년 8월 27일 00시,토요일,광주광역시 광산구 수완동,경상사고,0,0,1,0,차대차 - 측면충돌,안전운전불이행,습기,비,교차로 - 교차로안,승용,남,24세,상해없음,승용,남,23세,경상
2016082700100032,2016년 8월 27일 01시,토요일,광주광역시 서구 쌍촌동,경상사고,0,0,2,0,차대차 - 기타,교차로운행방법위반,습기,비,교차로 - 교차로안,승용,남,40세,상해없음,승용,여,49세,경상
2016082700100033,2016년 8월 27일 01시,토요일,광주광역시 서구 치평동,경상사고,0,0,3,0,차대차 - 추돌,안전운전불이행,습기,비,교차로 - 교차로부근,승용,남,51세,상해없음,승용,남,31세,경상
2016082700100058,2016년 8월 27일 02시,토요일,광주광역시 서구 광천동,부상신고사고,0,0,0,1,차대차 - 정면충돌,직진우회전진행방해,습기,비,교차로 - 교차로안,승용,남,30세,부상신고,승용,여,44세,상해없음
2016082700100059,2016년 8월 27일 02시,토요일,광주광역시 남구 주월동,경상사고,0,0,5,0,차대차 - 측면직각충돌,안전거리미확보,습기,비,단일로 - 기타,승용,남,34세,경상,승용,남,26세,경상
2016082700100060,2016년 8월 27일 02시,토요일,광주광역시 광산구 월계동,경상사고,0,0,2,0,차대차 - 추돌,안전운전불이행,건조,맑음,단일로 - 기타,승용,남,32세,상해없음,승용,남,26세,경상
2016082700100071,2016년 8월 27일 03시,토요일,광주광역시 남구 방림동,경상사고,0,0,4,0,차대차 - 추돌,안전운전불이행,습기,비,단일로 - 기타,승용,여,35세,상해없음,승용,여,36세,경상
2016082700100086,2016년 8월 27일 04시,토요일,광주광역시 서구 치평동,경상사고,0,0,2,0,차대차 - 측면직각충돌,안전거리미확보,건조,맑음,단일로 - 기타,기타불명,기타불명,기타불명,기타불명,승용,남,46세,경상
2016082700100125,2016년 8월 27일 06시,토요일,광주광역시 동구 금동,경상사고,0,0,1,0,차대사람 - 기타,안전운전불이행,건조,맑음,단일로 - 기타,승용,여,21세,상해없음,보행자,남,19세,경상
2016082700100142,2016년 8월 27일 07시,토요일,광주광역시 서구 치평동,경상사고,0,0,1,0,차대차 - 측면직각충돌,안전운전불이행,건조,맑음,기타 - 기타,승용,여,34세,상해없음,승용,남,39세,경상
2016082700100246,2016년 8월 27일 10시,토요일,광주광역시 북구 우산동,경상사고,0,0,1,0,차대차 - 기타,안전운전불이행,건조,맑음,단일로 - 기타,화물,남,55세,상해없음,자전거,남,72세,경상
2016082700100327,2016년 8월 27일 12시,토요일,광주광역시 동구 황금동,경상사고,0,0,2,0,차대사람 - 기타,안전운전불이행,건조,맑음,단일로 - 기타,자전거,남,22세,상해없음,보행자,여,34세,경상
2016082700100328,2016년 8월 27일 12시,토요일,광주광역시 서구 치평동,경상사고,0,0,1,0,차대차 - 정면충돌,안전운전불이행,건조,맑음,단일로 - 기타,원동기,남,55세,상해없음,승용,남,48세,경상
2016082700100363,2016년 8월 27일 13시,토요일,광주광역시 동구 학동,중상사고,0,1,0,0,차대사람 - 횡단중,신호위반,건조,맑음,교차로 - 교차로안,승용,여,39세,상해없음,보행자,여,74세,중상
2016082700100364,2016년 8월 27일 13시,토요일,광주광역시 동구 충장로5가,경상사고,0,0,1,0,차대사람 - 보도통행중,신호위반,건조,맑음,단일로 - 기타,승용,여,31세,상해없음,보행자,여,78세,경상
2016082700100365,2016년 8월 27일 13시,토요일,광주광역시 서구 내방동,경상사고,0,0,2,0,차대차 - 추돌,안전거리미확보,건조,맑음,단일로 - 기타,승용,남,67세,상해없음,승용,여,62세,경상
2016082700100366,2016년 8월 27일 13시,토요일,광주광역시 북구 대촌동,경상사고,0,0,2,0,차대차 - 측면직각충돌,신호위반,건조,맑음,교차로 - 교차로안,화물,남,32세,상해없음,승용,남,23세,경상
2016082700100367,2016년 8월 27일 13시,토요일,광주광역시 광산구 신가동,경상사고,0,0,2,0,차대차 - 측면충돌,교차로운행방법위반,건조,맑음,교차로 - 교차로안,승용,남,21세,상해없음,승용,여,50세,경상
2016082700100396,2016년 8월 27일 14시,토요일,광주광역시 동구 서석동,경상사고,0,0,1,0,차대차 - 측면직각충돌,신호위반,건조,맑음,교차로 - 교차로안,자전거,여,69세,경상,승용,여,58세,상해없음
2016082700100435,2016년 8월 27일 15시,토요일,광주광역시 북구 장등동,경상사고,0,0,3,0,차대차 - 추돌,안전운전불이행,습기,흐림,단일로 - 기타,화물,남,41세,상해없음,승용,남,32세,경상
2016082700100512,2016년 8월 27일 17시,토요일,광주광역시 북구 오치동,경상사고,0,0,1,0,차대사람 - 기타,안전운전불이행,건조,맑음,단일로 - 기타,승용,남,49세,상해없음,보행자,남,27세,경상
2016082700100513,2016년 8월 27일 17시,토요일,광주광역시 북구 매곡동,경상사고,0,0,1,0,차대차 - 기타,중앙선침범,건조,맑음,단일로 - 기타,승용,남,22세,상해없음,자전거,남,18세,경상
2016082700100582,2016년 8월 27일 19시,토요일,광주광역시 남구 노대동,중상사고,0,1,0,0,차대차 - 정면충돌,교차로운행방법위반,건조,맑음,교차로 - 교차로안,승용,남,31세,상해없음,원동기,남,18세,중상
2016082700100614,2016년 8월 27일 20시,토요일,광주광역시 북구 운암동,중상사고,0,1,0,0,차량단독 - 기타,안전운전불이행,건조,맑음,교차로 - 교차로부근,승합,남,56세,상해없음,,,,
2016082800100029,2016년 8월 28일 00시,일요일,광주광역시 서구 치평동,경상사고,0,0,2,0,차대차 - 측면직각충돌,안전운전불이행,건조,맑음,교차로 - 교차로안,승용,남,38세,상해없음,승용,남,28세,경상
2016082800100042,2016년 8월 28일 01시,일요일,광주광역시 서구 금호동,경상사고,0,0,2,0,차대차 - 추돌,안전운전불이행,습기,비,교차로 - 교차로부근,승용,남,55세,상해없음,승용,남,36세,경상
2016082800100051,2016년 8월 28일 02시,일요일,광주광역시 서구 풍암동,경상사고,0,0,1,0,차대차 - 측면직각충돌,신호위반,습기,맑음,교차로 - 교차로안,승용,남,32세,상해없음,승용,남,34세,경상
2016082800100065,2016년 8월 28일 03시,일요일,광주광역시 서구 농성동,경상사고,0,0,1,0,차대차 - 측면직각충돌,신호위반,습기,비,교차로 - 교차로안,승용,남,31세,상해없음,승용,남,39세,경상
2016082800100102,2016년 8월 28일 06시,일요일,광주광역시 북구 삼각동,경상사고,0,0,1,0,차대차 - 기타,안전운전불이행,습기,비,단일로 - 기타,승용,남,31세,기타불명,원동기,남,72세,경상
2016082800100110,2016년 8월 28일 07시,일요일,광주광역시 동구 충장로5가,중상사고,0,1,0,0,차량단독 - 기타,안전운전불이행,건조,맑음,단일로 - 기타,자전거,남,69세,중상,,,,
2016082800100111,2016년 8월 28일 07시,일요일,광주광역시 북구 각화동,중상사고,0,1,0,0,차대차 - 추돌,안전운전불이행,건조,맑음,단일로 - 기타,승용,남,66세,상해없음,이륜,남,67세,중상
2016082800100125,2016년 8월 28일 08시,일요일,광주광역시 광산구 쌍암동,경상사고,0,0,3,0,차대차 - 측면충돌,안전운전불이행,건조,맑음,교차로 - 교차로안,승용,남,51세,상해없음,승용,여,62세,경상
2016082800100205,2016년 8월 28일 12시,일요일,광주광역시 서구 화정동,경상사고,0,0,1,0,차대차 - 측면직각충돌,교차로운행방법위반,건조,맑음,교차로 - 교차로안,승용,남,68세,상해없음,승용,남,50세,경상
2016082800100262,2016년 8월 28일 14시,일요일,광주광역시 북구 두암동,경상사고,0,0,1,0,차대사람 - 횡단중,안전운전불이행,건조,흐림,단일로 - 기타,화물,남,41세,상해없음,보행자,남,9세,경상
2016082800100263,2016년 8월 28일 14시,일요일,광주광역시 광산구 도천동,경상사고,0,0,1,0,차량단독 - 전도전복,기타,건조,맑음,단일로 - 기타,기타불명,남,49세,경상,,,,
2016082800100347,2016년 8월 28일 16시,일요일,광주광역시 광산구 도산동,경상사고,0,0,1,0,차대차 - 추돌,안전운전불이행,건조,맑음,교차로 - 교차로부근,승용,남,28세,상해없음,승용,남,30세,경상
2016082800100372,2016년 8월 28일 17시,일요일,광주광역시 동구 산수동,경상사고,0,0,1,0,차대차 - 측면직각충돌,차로위반,건조,맑음,교차로 - 교차로안,승용,남,50세,상해없음,승용,여,47세,상해없음
2016082800100373,2016년 8월 28일 17시,일요일,광주광역시 서구 용두동,경상사고,0,0,1,0,차대차 - 추돌,안전운전불이행,건조,맑음,단일로 - 기타,승용,여,30세,상해없음,자전거,남,17세,경상
2016082800100374,2016년 8월 28일 17시,일요일,광주광역시 북구 일곡동,경상사고,0,0,1,0,차대차 - 추돌,안전운전불이행,건조,맑음,교차로 - 교차로안,승용,남,66세,상해없음,승용,여,28세,경상
2016082800100406,2016년 8월 28일 18시,일요일,광주광역시 남구 봉선동,중상사고,0,1,0,0,차대사람 - 횡단중,안전운전불이행,건조,맑음,교차로 - 교차로부근,이륜,남,17세,상해없음,보행자,여,81세,중상
2016082800100445,2016년 8월 28일 19시,일요일,광주광역시 북구 풍향동,경상사고,0,0,1,0,차대차 - 측면직각충돌,안전거리미확보,건조,맑음,단일로 - 기타,승용,남,55세,상해없음,자전거,남,25세,경상
2016082800100480,2016년 8월 28일 20시,일요일,광주광역시 서구 화정동,경상사고,0,0,1,0,차대사람 - 횡단중,안전운전불이행,건조,맑음,교차로 - 교차로안,승용,남,54세,상해없음,보행자,남,22세,경상
2016082800100538,2016년 8월 28일 22시,일요일,광주광역시 북구 용봉동,경상사고,0,0,2,0,차대차 - 추돌,안전운전불이행,건조,맑음,단일로 - 기타,승용,남,55세,상해없음,승용,여,33세,경상
2016082800100539,2016년 8월 28일 22시,일요일,광주광역시 광산구 신창동,경상사고,0,0,3,0,차대차 - 측면충돌,차로위반,건조,맑음,교차로 - 교차로부근,승용,남,49세,상해없음,승용,남,24세,경상
2016082800100557,2016년 8월 28일 23시,일요일,광주광역시 동구 장동,경상사고,0,0,2,0,차대차 - 측면충돌,교차로운행방법위반,건조,맑음,교차로 - 교차로안,승용,남,58세,경상,특수,남,30세,경상
2016082900100130,2016년 8월 29일 08시,월요일,광주광역시 서구 쌍촌동,경상사고,0,0,1,0,차대사람 - 횡단중,안전운전불이행,건조,맑음,교차로 - 교차로안,승용,남,61세,상해없음,보행자,여,22세,경상
2016082900100178,2016년 8월 29일 09시,월요일,광주광역시 남구 진월동,경상사고,0,0,1,0,차대차 - 측면충돌,차로위반,건조,맑음,단일로 - 기타,승용,남,48세,상해없음,승합,남,41세,상해없음
2016082900100316,2016년 8월 29일 13시,월요일,광주광역시 북구 연제동,경상사고,0,0,1,0,차대사람 - 횡단중,안전운전불이행,건조,맑음,단일로 - 기타,승용,남,35세,상해없음,보행자,남,60세,경상
2016082900100317,2016년 8월 29일 13시,월요일,광주광역시 광산구 산정동,경상사고,0,0,1,0,차대차 - 기타,불법유턴,건조,맑음,단일로 - 기타,화물,남,38세,상해없음,이륜,남,26세,경상
2016082900100350,2016년 8월 29일 14시,월요일,광주광역시 북구 신용동,중상사고,0,3,1,0,차대차 - 측면충돌,신호위반,건조,맑음,교차로 - 교차로안,승용,여,29세,중상,승용,남,69세,경상
2016082900100390,2016년 8월 29일 15시,월요일,광주광역시 동구 학동,중상사고,0,1,0,0,차대차 - 측면직각충돌,안전운전불이행,건조,맑음,단일로 - 횡단보도부근,화물,남,61세,상해없음,이륜,남,23세,중상
2016082900100391,2016년 8월 29일 15시,월요일,광주광역시 북구 우산동,경상사고,0,0,1,0,차대차 - 추돌,안전운전불이행,건조,맑음,단일로 - 기타,승용,남,41세,상해없음,승합,남,37세,경상
2016082900100392,2016년 8월 29일 15시,월요일,광주광역시 광산구 월계동,부상신고사고,0,0,0,1,차량단독 - 기타,안전운전불이행,건조,맑음,단일로 - 기타,승합,남,41세,상해없음,,,,
2016082900100479,2016년 8월 29일 17시,월요일,광주광역시 북구 운암동,경상사고,0,0,1,0,차대차 - 측면직각충돌,안전운전불이행,건조,맑음,교차로 - 교차로안,승용,여,46세,상해없음,승용,여,36세,경상