사고번호,사고일시,요일,시군구,사고내용,사망자수,중상자수,경상자수,부상신고자수,사고유형,법규위반,노면상태,기상상태,도로형태,가해운전자 차종,가해운전자 성별,가해운전자 연령,가해운전자 상해정도,피해운전자 차종,피해운전자 성별,피해운전자 연령,피해운전자 상해정도
2016090500100082,2016년 9월 5일 07시,월요일,광주광역시 남구 송하동,경상사고,0,0,1,0,차대차 - 기타,안전운전불이행,건조,맑음,교차로 - 교차로부근,승용,남,63세,기타불명,승용,남,44세,경상
2016090500100112,2016년 9월 5일 08시,월요일,광주광역시 북구 문흥동,중상사고,0,1,2,0,차대차 - 추돌,안전거리미확보,건조,맑음,단일로 - 기타,승합,남,59세,경상,승용,남,65세,중상
2016090500100124,2016년 9월 5일 08시,월요일,광주광역시 북구 운암동,경상사고,0,0,3,0,차대차 - 추돌,교차로운행방법위반,건조,맑음,교차로 - 교차로안,승용,여,38세,경상,승용,남,58세,경상
2016090500100191,2016년 9월 5일 10시,월요일,광주광역시 광산구 운수동,중상사고,0,1,1,0,차대차 - 추돌,안전거리미확보,건조,맑음,교차로 - 교차로부근,원동기,남,63세,경상,승용,여,50세,상해없음
2016090500100221,2016년 9월 5일 11시,월요일,광주광역시 북구 본촌동,경상사고,0,0,1,0,차대사람 - 길가장자리구역통행중,안전운전불이행,건조,맑음,단일로 - 기타,승용,남,60세,상해없음,보행자,남,56세,경상
2016090500100241,2016년 9월 5일 12시,월요일,광주광역시 동구 지산동,경상사고,0,0,3,0,차량단독 - 전도전복,차로위반,건조,맑음,단일로 - 터널,승용,남,61세,상해없음,,,,
2016090500100242,2016년 9월 5일 12시,월요일,광주광역시 광산구 수완동,경상사고,0,0,1,0,차대차 - 추돌,안전운전불이행,건조,맑음,교차로 - 교차로부근,승용,여,53세,기타불명,승용,남,61세,경상
2016090500100304,2016년 9월 5일 14시,월요일,광주광역시 남구 백운동,경상사고,0,0,1,0,차대차 - 기타,안전거리미확보,건조,맑음,단일로 - 기타,승용,남,56세,상해없음,화물,남,39세,경상
2016090500100305,2016년 9월 5일 14시,월요일,광주광역시 광산구 수완동,경상사고,0,0,1,0,차대차 - 측면직각충돌,안전운전불이행,건조,맑음,교차로 - 교차로안,승용,여,52세,상해없음,자전거,남,47세,경상
2016090500100332,2016년 9월 5일 15시,월요일,광주광역시 광산구 쌍암동,중상사고,0,1,0,0,차대차 - 측면직각충돌,교차로운행방법위반,건조,맑음,교차로 - 교차로안,이륜,남,57세,중상,승용,여,33세,상해없음
2016090500100376,2016년 9월 5일 16시,월요일,광주광역시 남구 월산동,경상사고,0,0,4,0,차대차 - 측면직각충돌,안전운전불이행,건조,맑음,교차로 - 교차로부근,화물,남,25세,상해없음,승용,남,36세,경상
2016090500100423,2016년 9월 5일 17시,월요일,광주광역시 북구 임동,경상사고,0,0,1,0,차대차 - 측면충돌,안전운전불이행,건조,맑음,단일로 - 기타,승용,남,75세,상해없음,자전거,남,64세,경상
2016090500100424,2016년 9월 5일 17시,월요일,광주광역시 북구 풍향동,경상사고,0,0,1,0,차대사람 - 횡단중,안전운전불이행,건조,맑음,단일로 - 기타,승용,남,50세,기타불명,보행자,남,13세,경상
2016090500100573,2016년 9월 5일 21시,월요일,광주광역시 광산구 월계동,경상사고,0,0,1,0,차대사람 - 횡단중,보행자보호의무위반,건조,맑음,교차로 - 교차로안,승용,남,63세,기타불명,보행자,남,55세,경상
2016090500100595,2016년 9월 5일 22시,월요일,광주광역시 북구 양산동,경상사고,0,0,1,0,차대차 - 측면직각충돌,교차로운행방법위반,건조,맑음,교차로 - 교차로부근,이륜,남,17세,상해없음,승용,여,47세,상해없음
2016090600100029,2016년 9월 6일 01시,화요일,광주광역시 광산구 수완동,경상사고,0,0,1,0,차대차 - 측면충돌,안전거리미확보,건조,맑음,단일로 - 기타,승용,남,63세,상해없음,승용,남,35세,경상
2016090600100038,2016년 9월 6일 02시,화요일,광주광역시 광산구 산정동,부상신고사고,0,0,0,1,차량단독 - 공작물충돌,안전운전불이행,건조,맑음,단일로 - 기타,승용,남,17세,상해없음,,,,
2016090600100073,2016년 9월 6일 05시,화요일,광주광역시 남구 봉선동,경상사고,0,0,2,0,차대차 - 측면충돌,신호위반,건조,맑음,교차로 - 교차로안,승용,여,26세,경상,승용,여,61세,경상
2016090600100105,2016년 9월 6일 07시,화요일,광주광역시 광산구 소촌동,중상사고,0,1,1,0,차대차 - 측면직각충돌,신호위반,건조,맑음,교차로 - 교차로부근,승용,남,35세,경상,승용,여,50세,중상
2016090600100148,2016년 9월 6일 08시,화요일,광주광역시 서구 화정동,중상사고,0,1,0,0,차대차 - 추돌,교차로운행방법위반,건조,맑음,교차로 - 교차로안,승용,남,52세,상해없음,이륜,남,28세,중상
2016090600100149,2016년 9월 6일 08시,화요일,광주광역시 광산구 도산동,중상사고,0,1,0,0,차대사람 - 횡단중,안전운전불이행,건조,맑음,단일로 - 횡단보도부근,승용,여,32세,상해없음,보행자,여,20세,중상
2016090600100270,2016년 9월 6일 13시,화요일,광주광역시 남구 노대동,경상사고,0,0,1,0,차대사람 - 기타,안전운전불이행,건조,맑음,단일로 - 기타,승용,남,45세,상해없음,보행자,남,14세,경상
2016090600100271,2016년 9월 6일 13시,화요일,광주광역시 북구 용두동,경상사고,0,0,2,0,차대차 - 측면충돌,교차로운행방법위반,건조,맑음,교차로 - 교차로안,승용,남,33세,경상,승용,여,34세,경상
2016090600100333,2016년 9월 6일 15시,화요일,광주광역시 북구 신안동,경상사고,0,0,2,0,차대차 - 측면직각충돌,교차로운행방법위반,건조,맑음,교차로 - 교차로안,승용,남,45세,경상,화물,남,36세,경상
2016090600100365,2016년 9월 6일 16시,화요일,광주광역시 북구 중흥동,경상사고,0,0,2,0,차대차 - 측면충돌,안전운전불이행,건조,맑음,단일로 - 기타,이륜,남,27세,경상,승합,남,58세,상해없음
2016090600100400,2016년 9월 6일 17시,화요일,광주광역시 동구 선교동,중상사고,0,1,0,0,차량단독 - 공작물충돌,안전운전불이행,건조,맑음,단일로 - 기타,승용,남,26세,중상,,,,
2016090600100473,2016년 9월 6일 19시,화요일,광주광역시 광산구 선암동,경상사고,0,0,1,0,차대사람 - 보도통행중,기타,건조,맑음,단일로 - 기타,자전거,남,24세,상해없음,보행자,남,63세,경상
2016090600100524,2016년 9월 6일 21시,화요일,광주광역시 광산구 도산동,경상사고,0,0,1,0,차대차 - 측면직각충돌,안전운전불이행,건조,맑음,교차로 - 교차로안,승용,여,31세,상해없음,승용,남,35세,경상
2016090600100547,2016년 9월 6일 22시,화요일,광주광역시 광산구 신창동,경상사고,0,0,1,0,차대사람 - 횡단중,보행자보호의무위반,건조,맑음,교차로 - 교차로부근,승용,남,29세,상해없음,보행자,남,38세,경상
2016090700100014,2016년 9월 7일 00시,수요일,광주광역시 북구 용봉동,부상신고사고,0,0,0,1,차대사람 - 횡단중,안전운전불이행,건조,맑음,단일로 - 기타,승용,기타불명,기타불명,기타불명,보행자,남,26세,부상신고
2016090700100034,2016년 9월 7일 02시,수요일,광주광역시 광산구 산월동,경상사고,0,0,1,0,차량단독 - 전도전복,안전운전불이행,건조,맑음,단일로 - 기타,이륜,여,24세,경상,,,,
2016090700100088,2016년 9월 7일 07시,수요일,광주광역시 남구 진월동,경상사고,0,0,3,0,차대차 - 측면충돌,교차로운행방법위반,건조,맑음,교차로 - 교차로안,승용,여,46세,경상,승용,여,47세,경상
2016090700100089,2016년 9월 7일 07시,수요일,광주광역시 북구 양산동,경상사고,0,0,1,0,차대차 - 정면충돌,안전운전불이행,건조,맑음,단일로 - 기타,승용,여,52세,상해없음,이륜,남,32세,경상
2016090700100129,2016년 9월 7일 08시,수요일,광주광역시 광산구 월계동,사망사고,1,0,0,0,차대사람 - 보도통행중,보행자보호의무위반,건조,맑음,교차로 - 교차로안,화물,남,53세,상해없음,보행자,여,18세,사망
2016090700100130,2016년 9월 7일 08시,수요일,광주광역시 광산구 우산동,경상사고,0,0,3,0,차대차 - 측면충돌,안전운전불이행,건조,흐림,단일로 - 기타,화물,남,60세,상해없음,승용,남,41세,경상
2016090700100162,2016년 9월 7일 09시,수요일,광주광역시 북구 신용동,경상사고,0,0,1,0,차대차 - 측면충돌,안전운전불이행,건조,맑음,교차로 - 교차로부근,승용,여,37세,상해없음,자전거,남,40세,경상
2016090700100163,2016년 9월 7일 09시,수요일,광주광역시 북구 오치동,경상사고,0,0,1,0,차대차 - 측면직각충돌,안전운전불이행,건조,맑음,단일로 - 기타,승용,남,56세,상해없음,승용,여,31세,경상
2016090700100187,2016년 9월 7일 10시,수요일,광주광역시 북구 풍향동,경상사고,0,0,1,0,차대차 - 추돌,안전운전불이행,건조,맑음,단일로 - 기타,승용,남,39세,상해없음,승용,여,19세,경상
2016090700100215,2016년 9월 7일 11시,수요일,광주광역시 북구 용봉동,경상사고,0,0,1,0,차대차 - 추돌,안전거리미확보,건조,맑음,단일로 - 기타,화물,남,38세,상해없음,승용,남,21세,경상
2016090700100275,2016년 9월 7일 13시,수요일,광주광역시 북구 운암동,경상사고,0,0,1,0,차량단독 - 기타,안전운전불이행,건조,흐림,교차로 - 교차로부근,이륜,남,39세,경상,,,,
2016090700100374,2016년 9월 7일 16시,수요일,광주광역시 서구 화정동,경상사고,0,0,1,0,차대차 - 측면직각충돌,직진우회전진행방해,건조,맑음,교차로 - 교차로안,승용,남,61세,상해없음,원동기,남,49세,경상
2016090700100405,2016년 9월 7일 17시,수요일,광주광역시 북구 본촌동,경상사고,0,0,1,0,차대차 - 측면충돌,안전운전불이행,건조,맑음,교차로 - 교차로안,승용,여,61세,상해없음,이륜,남,36세,경상
2016090700100406,2016년 9월 7일 17시,수요일,광주광역시 광산구 도산동,경상사고,0,0,1,0,차대사람 - 횡단중,안전운전불이행,건조,맑음,단일로 - 기타,원동기,남,17세,상해없음,보행자,여,8세,경상
2016090700100407,2016년 9월 7일 17시,수요일,광주광역시 광산구 운남동,경상사고,0,0,1,0,차대차 - 측면직각충돌,안전운전불이행,건조,맑음,교차로 - 교차로안,승용,남,70세,상해없음,자전거,남,8세,경상
2016090700100443,2016년 9월 7일 18시,수요일,광주광역시 남구 주월동,중상사고,0,1,0,0,차대사람 - 횡단중,안전운전불이행,건조,맑음,단일로 - 기타,승용,남,54세,상해없음,보행자,여,62세,중상
2016090700100495,2016년 9월 7일 19시,수요일,광주광역시 북구 각화동,경상사고,0,0,1,0,차대차 - 측면직각충돌,안전운전불이행,건조,맑음,단일로 - 기타,화물,남,59세,상해없음,자전거,남,49세,경상
2016090700100534,2016년 9월 7일 20시,수요일,광주광역시 북구 중흥동,중상사고,0,1,0,0,차대사람 - 횡단중,안전운전불이행,습기,비,단일로 - 기타,승용,남,46세,상해없음,보행자,여,27세,중상
2016090700100535,2016년 9월 7일 20시,수요일,광주광역시 북구 신안동,중상사고,0,1,0,0,차대사람 - 횡단중,안전운전불이행,건조,맑음,단일로 - 기타,승용,남,62세,상해없음,보행자,여,82세,중상
2016090700100567,2016년 9월 7일 21시,수요일,광주광역시 광산구 수완동,경상사고,0,0,1,0,차대차 - 측면충돌,안전운전불이행,습기,비,단일로 - 기타,자전거,남,14세,경상,승용,남,40세,상해없음
2016090700100568,2016년 9월 7일 21시,수요일,광주광역시 광산구 운남동,경상사고,0,0,1,0,차대차 - 추돌,안전운전불이행,건조,맑음,단일로 - 기타,승용,여,42세,상해없음,승용,남,27세,경상
2016090700100588,2016년 9월 7일 22시,수요일,광주광역시 광산구 송정동,경상사고,0,0,1,0,차대차 - 추돌,안전운전불이행,건조,맑음,단일로 - 기타,승용,남,24세,상해없음,승합,남,61세,상해없음
2016090800100051,2016년 9월 8일 04시,목요일,광주광역시 남구 주월동,경상사고,0,0,1,0,차대차 - 추돌,안전운전불이행,건조,맑음,단일로 - 기타,원동기,남,24세,상해없음,승용,남,69세,경상
2016090800100112,2016년 9월 8일 07시,목요일,광주광역시 서구 화정동,중상사고,0,1,2,0,차대차 - 측면직각충돌,안전거리미확보,건조,맑음,단일로 - 기타,이륜,남,49세,중상,승용,남,27세,상해없음
2016090800100159,2016년 9월 8일 08시,목요일,광주광역시 서구 화정동,경상사고,0,0,2,0,차대차 - 추돌,안전거리미확보,건조,맑음,단일로 - 기타,승용,남,65세,상해없음,승용,남,37세,경상
2016090800100160,2016년 9월 8일 08시,목요일,광주광역시 서구 유촌동,경상사고,0,0,2,0,차대차 - 추돌,안전거리미확보,건조,맑음,교차로 - 교차로부근,승용,남,48세,상해없음,승용,여,40세,경상
2016090800100270,2016년 9월 8일 11시,목요일,광주광역시 광산구 장덕동,경상사고,0,0,1,0,차대차 - 기타,안전운전불이행,건조,맑음,단일로 - 기타,승용,남,58세,상해없음,승용,남,39세,경상
2016090800100345,2016년 9월 8일 13시,목요일,광주광역시 북구 삼각동,경상사고,0,0,1,0,차대차 - 기타,안전운전불이행,건조,맑음,교차로 - 교차로안,승합,남,41세,상해없음,승용,여,69세,경상
2016090800100416,2016년 9월 8일 15시,목요일,광주광역시 서구 쌍촌동,경상사고,0,0,1,0,차대차 - 추돌,안전운전불이행,건조,맑음,단일로 - 기타,승용,남,67세,상해없음,승용,남,61세,경상
2016090800100417,2016년 9월 8일 15시,목요일,광주광역시 서구 치평동,경상사고,0,0,1,0,차대차 - 측면직각충돌,안전거리미확보,건조,맑음,단일로 - 기타,승용,남,74세,상해없음,승용,여,28세,경상
2016090800100451,2016년 9월 8일 16시,목요일,광주광역시 서구 치평동,부상신고사고,0,0,0,1,차대차 - 기타,안전운전불이행,건조,맑음,교차로 - 교차로부근,화물,남,25세,부상신고,승용,남,25세,상해없음
2016090800100452,2016년 9월 8일 16시,목요일,광주광역시 광산구 송정동,경상사고,0,0,1,0,차대차 - 추돌,안전거리미확보,건조,맑음,교차로 - 교차로안,화물,남,50세,상해없음,승용,남,55세,경상
2016090800100490,2016년 9월 8일 17시,목요일,광주광역시 북구 용봉동,경상사고,0,0,1,0,차대사람 - 횡단중,안전운전불이행,건조,맑음,기타 - 기타,승용,여,54세,상해없음,보행자,남,47세,경상
2016090800100531,2016년 9월 8일 18시,목요일,광주광역시 북구 일곡동,중상사고,0,1,0,0,차대사람 - 횡단중,안전운전불이행,건조,맑음,교차로 - 교차로안,승용,남,24세,상해없음,보행자,여,45세,중상
2016090800100581,2016년 9월 8일 19시,목요일,광주광역시 광산구 송정동,중상사고,0,1,0,0,차대사람 - 횡단중,중앙선침범,건조,맑음,단일로 - 기타,승용,남,37세,기타불명,보행자,여,44세,중상
2016090800100582,2016년 9월 8일 19시,목요일,광주광역시 광산구 옥동,경상사고,0,0,1,0,차대차 - 측면직각충돌,신호위반,건조,맑음,교차로 - 교차로안,승용,여,50세,상해없음,승용,남,30세,경상
2016090800100625,2016년 9월 8일 20시,목요일,광주광역시 광산구 장덕동,경상사고,0,0,1,0,차대사람 - 횡단중,보행자보호의무위반,건조,맑음,단일로 - 횡단보도상,승용,기타불명,기타불명,기타불명,보행자,여,17세,경상
2016090800100653,2016년 9월 8일 21시,목요일,광주광역시 남구 월산동,경상사고,0,0,5,0,차대차 - 추돌,안전운전불이행,건조,맑음,단일로 - 기타,승용,남,36세,상해없음,승용,남,70세,경상
2016090800100654,2016년 9월 8일 21시,목요일,광주광역시 북구 양산동,경상사고,0,0,1,0,차대사람 - 횡단중,보행자보호의무위반,건조,맑음,단일로 - 횡단보도상,승용,남,38세,상해없음,보행자,남,20세,경상
2016090800100655,2016년 9월 8일 21시,목요일,광주광역시 북구 용봉동,경상사고,0,0,1,0,차대차 - 추돌,안전거리미확보,건조,맑음,단일로 - 기타,승용,남,36세,상해없음,승용,남,25세,경상
2016090800100696,2016년 9월 8일 22시,목요일,광주광역시 서구 치평동,부상신고사고,0,0,0,1,차대차 - 기타,안전운전불이행,건조,기타,단일로 - 기타,기타불명,기타불명,기타불명,기타불명,자전거,남,31세,부상신고
2016090800100729,2016년 9월 8일 23시,목요일,광주광역시 서구 매월동,중상사고,0,1,1,0,차대차 - 측면직각충돌,안전운전불이행,건조,맑음,단일로 - 기타,화물,여,43세,상해없음,화물,남,62세,경상
2016090800100730,2016년 9월 8일 23시,목요일,광주광역시 북구 중흥동,경상사고,0,0,1,0,차대차 - 추돌,안전운전불이행,건조,맑음,교차로 - 교차로부근,승용,남,49세,상해없음,승용,여,53세,경상
2016090800100731,2016년 9월 8일 23시,목요일,광주광역시 광산구 복룡동,경상사고,0,0,1,0,차대차 - 추돌,중앙선침범,건조,맑음,단일로 - 기타,기타불명,기타불명,기타불명,기타불명,승용,남,22세,경상
2016090800100732,2016년 9월 8일 23시,목요일,광주광역시 광산구 산정동,경상사고,0,0,2,0,차대차 - 추돌,안전운전불이행,건조,맑음,교차로 - 교차로부근,승용,남,53세,상해없음,승용,남,29세,경상
2016090900100033,2016년 9월 9일 01시,금요일,광주광역시 남구 노대동,중상사고,0,1,0,0,차대차 - 측면직각충돌,안전운전불이행,건조,맑음,기타 - 기타,승용,남,58세,상해없음,이륜,남,17세,중상
2016090900100055,2016년 9월 9일 04시,금요일,광주광역시 북구 두암동,경상사고,0,0,2,0,차대차 - 측면충돌,중앙선침범,건조,맑음,단일로 - 기타,이륜,남,22세,경상,승용,남,44세,상해없음
2016090900100151,2016년 9월 9일 08시,금요일,광주광역시 광산구 신가동,경상사고,0,0,4,0,차대차 - 측면충돌,안전운전불이행,건조,맑음,교차로 - 교차로안,승용,남,43세,경상,승용,여,33세,경상
2016090900100241,2016년 9월 9일 11시,금요일,광주광역시 광산구 본덕동,경상사고,0,0,1,0,차대차 - 추돌,안전거리미확보,건조,맑음,교차로 - 교차로부근,화물,남,63세,상해없음,승용,여,49세,경상
2016090900100265,2016년 9월 9일 12시,금요일,광주광역시 북구 우산동,경상사고,0,0,1,0,차대사람 - 기타,안전운전불이행,건조,맑음,단일로 - 기타,승용,남,65세,상해없음,보행자,여,19세,경상
2016090900100304,2016년 9월 9일 13시,금요일,광주광역시 광산구 산월동,부상신고사고,0,0,0,1,차대차 - 측면충돌,안전운전불이행,건조,맑음,단일로 - 기타,승용,여,25세,상해없음,자전거,남,6세,부상신고
2016090900100346,2016년 9월 9일 14시,금요일,광주광역시 서구 농성동,경상사고,0,0,1,0,차대사람 - 기타,안전운전불이행,건조,맑음,단일로 - 기타,승용,여,31세,상해없음,보행자,남,39세,경상
2016090900100388,2016년 9월 9일 15시,금요일,광주광역시 북구 문흥동,경상사고,0,0,1,0,차대사람 - 기타,안전운전불이행,건조,맑음,단일로 - 기타,승용,남,24세,상해없음,보행자,남,23세,경상
2016090900100389,2016년 9월 9일 15시,금요일,광주광역시 북구 운암동,경상사고,0,0,1,0,차대차 - 측면충돌,교차로운행방법위반,건조,맑음,교차로 - 교차로부근,화물,남,37세,상해없음,승용,여,55세,경상
2016090900100390,2016년 9월 9일 15시,금요일,광주광역시 북구 우산동,경상사고,0,0,1,0,차대차 - 추돌,안전거리미확보,건조,맑음,단일로 - 기타,승용,남,17세,상해없음,승용,남,69세,경상
2016090900100436,2016년 9월 9일 16시,금요일,광주광역시 남구 주월동,중상사고,0,1,0,0,차대차 - 추돌,안전운전불이행,건조,맑음,교차로 - 교차로부근,승용,여,63세,상해없음,이륜,여,52세,중상
2016090900100437,2016년 9월 9일 16시,금요일,광주광역시 북구 운암동,경상사고,0,0,2,0,차대차 - 측면충돌,안전운전불이행,건조,맑음,단일로 - 기타,승용,남,60세,상해없음,승용,남,57세,경상
2016090900100438,2016년 9월 9일 16시,금요일,광주광역시 북구 망월동,경상사고,0,0,3,0,차대차 - 측면직각충돌,안전운전불이행,건조,맑음,교차로 - 교차로안,승용,남,55세,경상,승용,남,47세,경상
2016090900100538,2016년 9월 9일 18시,금요일,광주광역시 광산구 수완동,경상사고,0,0,1,0,차대차 - 측면충돌,안전운전불이행,건조,맑음,단일로 - 기타,승용,기타불명,기타불명,기타불명,자전거,남,15세,경상
2016090900100598,2016년 9월 9일 19시,금요일,광주광역시 서구 치평동,경상사고,0,0,2,0,차대차 - 측면직각충돌,안전거리미확보,건조,맑음,단일로 - 기타,이륜,남,41세,경상,승용,남,42세,경상
2016090900100599,2016년 9월 9일 19시,금요일,광주광역시 서구 광천동,경상사고,0,0,1,1,차대차 - 측면직각충돌,안전거리미확보,건조,맑음,단일로 - 기타,승용,남,21세,상해없음,화물,남,48세,상해없음
2016090900100600,2016년 9월 9일 19시,금요일,광주광역시 남구 봉선동,경상사고,0,0,1,0,차대사람 - 횡단중,보행자보호의무위반,건조,맑음,교차로 - 교차로안,이륜,남,26세,상해없음,보행자,여,42세,경상
2016090900100646,2016년 9월 9일 20시,금요일,광주광역시 서구 쌍촌동,경상사고,0,0,2,0,차대차 - 측면직각충돌,교차로운행방법위반,건조,맑음,교차로 - 교차로안,화물,남,63세,상해없음,승합,여,44세,경상
2016090900100647,2016년 9월 9일 20시,금요일,광주광역시 북구 운암동,경상사고,0,0,1,0,차대차 - 기타,안전운전불이행,건조,맑음,단일로 - 기타,승용,남,69세,상해없음,승합,남,41세,경상
2016090900100648,2016년 9월 9일 20시,금요일,광주광역시 북구 운암동,경상사고,0,0,3,0,차대차 - 추돌,안전운전불이행,건조,맑음,단일로 - 기타,승용,남,46세,상해없음,승용,남,38세,경상
2016090900100649,2016년 9월 9일 20시,금요일,광주광역시 광산구 신창동,중상사고,0,1,0,0,차대사람 - 기타,안전운전불이행,건조,맑음,기타 - 기타,승용,남,47세,상해없음,보행자,남,1세,중상
2016090900100691,2016년 9월 9일 21시,금요일,광주광역시 광산구 장덕동,경상사고,0,0,1,0,차량단독 - 전도전복,안전운전불이행,건조,맑음,단일로 - 기타,이륜,남,44세,경상,,,,
2016090900100719,2016년 9월 9일 22시,금요일,광주광역시 북구 우산동,경상사고,0,0,1,0,차대사람 - 기타,기타,건조,맑음,단일로 - 기타,승합,남,48세,기타불명,보행자,여,53세,경상
2016090900100755,2016년 9월 9일 23시,금요일,광주광역시 광산구 신창동,경상사고,0,0,2,0,차대차 - 추돌,안전운전불이행,건조,맑음,교차로 - 교차로안,승용,남,31세,경상,승용,여,26세,경상
2016091000100020,2016년 9월 10일 00시,토요일,광주광역시 광산구 수완동,경상사고,0,0,7,0,차대차 - 측면직각충돌,안전거리미확보,건조,맑음,단일로 - 기타,승용,남,34세,경상,승용,남,21세,경상
2016091000100041,2016년 9월 10일 01시,토요일,광주광역시 북구 운암동,중상사고,0,1,1,0,차대차 - 추돌,안전운전불이행,건조,맑음,단일로 - 기타,승용,남,33세,중상,승용,여,40세,경상
2016091000100050,2016년 9월 10일 02시,토요일,광주광역시 북구 신안동,경상사고,0,0,3,0,차대차 - 측면직각충돌,교차로운행방법위반,건조,맑음,교차로 - 교차로안,승용,남,39세,경상,승용,남,50세,상해없음
2016091000100081,2016년 9월 10일 04시,토요일,광주광역시 서구 치평동,경상사고,0,0,2,0,차대차 - 정면충돌,안전운전불이행,건조,맑음,단일로 - 기타,승용,남,38세,상해없음,승용,여,37세,경상
2016091000100082,2016년 9월 10일 04시,토요일,광주광역시 북구 용봉동,경상사고,0,0,2,0,차대차 - 측면충돌,안전거리미확보,건조,맑음,단일로 - 기타,승용,남,23세,상해없음,승용,남,74세,경상
2016091000100100,2016년 9월 10일 05시,토요일,광주광역시 서구 화정동,중상사고,0,1,0,0,차대사람 - 기타,안전운전불이행,건조,맑음,단일로 - 기타,승용,여,32세,상해없음,보행자,남,79세,중상
2016091000100173,2016년 9월 10일 09시,토요일,광주광역시 동구 용산동,경상사고,0,0,1,0,차대사람 - 횡단중,안전운전불이행,건조,맑음,단일로 - 기타,승용,여,25세,상해없음,보행자,여,36세,경상
2016091000100206,2016년 9월 10일 10시,토요일,광주광역시 남구 송하동,경상사고,0,0,2,0,차대차 - 측면직각충돌,안전거리미확보,건조,맑음,단일로 - 기타,승용,남,47세,상해없음,승용,여,38세,경상
2016091000100242,2016년 9월 10일 11시,토요일,광주광역시 동구 금남로5가,경상사고,0,0,1,0,차대사람 - 기타,안전운전불이행,건조,맑음,교차로 - 교차로안,화물,남,53세,상해없음,보행자,여,83세,경상
2016091000100388,2016년 9월 10일 15시,토요일,광주광역시 북구 동림동,경상사고,0,0,1,0,차대차 - 기타,교차로운행방법위반,건조,맑음,교차로 - 교차로부근,승용,여,24세,기타불명,승용,여,48세,경상
2016091000100389,2016년 9월 10일 15시,토요일,광주광역시 광산구 산정동,중상사고,0,1,0,0,차대차 - 기타,교차로운행방법위반,건조,맑음,교차로 - 교차로안,승용,남,34세,상해없음,이륜,남,43세,중상
2016091000100390,2016년 9월 10일 15시,토요일,광주광역시 광산구 운수동,경상사고,0,0,1,0,차대차 - 기타,불법유턴,건조,맑음,단일로 - 기타,화물,남,27세,상해없음,승용,여,33세,경상
2016091000100430,2016년 9월 10일 16시,토요일,광주광역시 서구 매월동,경상사고,0,0,4,0,차대차 - 측면충돌,안전운전불이행,건조,맑음,단일로 - 기타,승용,여,50세,경상,승용,남,30세,경상
2016091000100431,2016년 9월 10일 16시,토요일,광주광역시 광산구 신촌동,경상사고,0,0,3,0,차대차 - 측면충돌,안전거리미확보,건조,맑음,단일로 - 기타,승용,여,56세,경상,승합,남,33세,상해없음
2016091000100473,2016년 9월 10일 17시,토요일,광주광역시 서구 마륵동,경상사고,0,0,1,0,차대차 - 추돌,안전운전불이행,습기,비,교차로 - 교차로부근,기타불명,기타불명,기타불명,기타불명,승용,여,47세,경상
2016091000100505,2016년 9월 10일 18시,토요일,광주광역시 북구 오치동,경상사고,0,0,2,0,차대차 - 정면충돌,안전운전불이행,건조,맑음,교차로 - 교차로안,승용,남,57세,경상,승용,남,26세,경상
2016091000100506,2016년 9월 10일 18시,토요일,광주광역시 광산구 신가동,경상사고,0,0,2,0,차대차 - 측면직각충돌,신호위반,습기,비,교차로 - 교차로안,승용,여,37세,상해없음,승용,남,28세,경상
2016091000100507,2016년 9월 10일 18시,토요일,광주광역시 광산구 월곡동,경상사고,0,0,1,0,차대차 - 기타,안전운전불이행,건조,맑음,교차로 - 교차로안,승용,여,34세,상해없음,이륜,남,22세,경상
2016091000100577,2016년 9월 10일 20시,토요일,광주광역시 서구 농성동,경상사고,0,0,4,0,차대차 - 추돌,안전거리미확보,습기,흐림,교차로 - 교차로부근,승합,남,45세,상해없음,승용,여,30세,경상
2016091000100578,2016년 9월 10일 20시,토요일,광주광역시 서구 화정동,경상사고,0,0,2,0,차대차 - 추돌,안전거리미확보,건조,맑음,단일로 - 기타,승용,남,22세,상해없음,승용,남,42세,경상
2016091000100579,2016년 9월 10일 20시,토요일,광주광역시 광산구 운남동,경상사고,0,0,6,0,차대차 - 측면충돌,안전운전불이행,건조,맑음,교차로 - 교차로안,승합,남,61세,상해없음,승용,남,27세,경상
2016091000100580,2016년 9월 10일 20시,토요일,광주광역시 광산구 운남동,경상사고,0,0,1,0,차대차 - 측면충돌,차로위반,건조,맑음,단일로 - 기타,승합,남,61세,상해없음,승용,남,57세,경상
2016091000100610,2016년 9월 10일 21시,토요일,광주광역시 서구 화정동,경상사고,0,0,1,0,차대사람 - 횡단중,보행자보호의무위반,건조,맑음,단일로 - 기타,화물,남,52세,상해없음,보행자,여,30세,경상
2016091000100611,2016년 9월 10일 21시,토요일,광주광역시 광산구 수완동,중상사고,0,1,0,0,차량단독 - 전도전복,안전운전불이행,건조,맑음,단일로 - 기타,자전거,남,15세,중상,,,,
2016091000100679,2016년 9월 10일 23시,토요일,광주광역시 서구 쌍촌동,경상사고,0,0,3,0,차대차 - 추돌,안전거리미확보,건조,흐림,단일로 - 기타,승용,남,47세,상해없음,승용,남,35세,경상
2016091100100041,2016년 9월 11일 02시,일요일,광주광역시 서구 풍암동,중상사고,0,1,4,0,차대차 - 기타,신호위반,건조,맑음,교차로 - 교차로안,승용,남,60세,중상,승용,남,66세,경상