사고번호,사고일시,요일,시군구,사고내용,사망자수,중상자수,경상자수,부상신고자수,사고유형,법규위반,노면상태,기상상태,도로형태,가해운전자 차종,가해운전자 성별,가해운전자 연령,가해운전자 상해정도,피해운전자 차종,피해운전자 성별,피해운전자 연령,피해운전자 상해정도
2016091100100100,2016년 9월 11일 07시,일요일,광주광역시 동구 소태동,경상사고,0,0,1,0,차량단독 - 기타,안전운전불이행,건조,맑음,단일로 - 기타,승용,남,30세,경상,,,,
2016091100100142,2016년 9월 11일 09시,일요일,광주광역시 서구 쌍촌동,경상사고,0,0,1,0,차대사람 - 횡단중,신호위반,건조,맑음,단일로 - 기타,승용,남,27세,상해없음,보행자,여,6세,경상
2016091100100165,2016년 9월 11일 10시,일요일,광주광역시 북구 양산동,경상사고,0,0,3,0,차대차 - 측면직각충돌,안전거리미확보,건조,맑음,단일로 - 기타,승용,남,77세,경상,승용,여,48세,경상
2016091100100260,2016년 9월 11일 14시,일요일,광주광역시 광산구 장덕동,경상사고,0,0,1,0,차대차 - 측면직각충돌,차로위반,건조,맑음,단일로 - 기타,승용,남,31세,상해없음,이륜,남,24세,경상
2016091100100261,2016년 9월 11일 14시,일요일,광주광역시 광산구 송정동,경상사고,0,0,1,0,차대차 - 측면직각충돌,중앙선침범,건조,맑음,교차로 - 교차로부근,승용,남,50세,상해없음,승용,남,53세,경상
2016091100100262,2016년 9월 11일 14시,일요일,광주광역시 광산구 송정동,경상사고,0,0,1,0,차대사람 - 차도통행중,안전운전불이행,건조,맑음,교차로 - 교차로안,승용,남,54세,상해없음,보행자,남,29세,경상
2016091100100292,2016년 9월 11일 15시,일요일,광주광역시 북구 동림동,경상사고,0,0,3,0,차대차 - 측면충돌,신호위반,건조,맑음,교차로 - 교차로안,화물,남,64세,상해없음,승용,남,42세,경상
2016091100100293,2016년 9월 11일 15시,일요일,광주광역시 광산구 소촌동,경상사고,0,0,1,0,차량단독 - 전도전복,안전운전불이행,건조,맑음,단일로 - 기타,승용,남,19세,경상,,,,
2016091100100318,2016년 9월 11일 16시,일요일,광주광역시 서구 쌍촌동,경상사고,0,0,1,0,차대차 - 추돌,안전운전불이행,건조,맑음,교차로 - 교차로부근,승용,남,55세,상해없음,승용,여,55세,상해없음
2016091100100319,2016년 9월 11일 16시,일요일,광주광역시 북구 태령동,중상사고,0,1,0,0,차대사람 - 기타,안전운전불이행,건조,맑음,교차로 - 교차로안,화물,남,44세,상해없음,보행자,남,90세 이상,중상
2016091100100429,2016년 9월 11일 20시,일요일,광주광역시 광산구 송정동,경상사고,0,0,1,0,차대차 - 기타,안전거리미확보,건조,맑음,단일로 - 기타,승용,남,37세,상해없음,승합,남,70세,상해없음
2016091100100430,2016년 9월 11일 20시,일요일,광주광역시 광산구 소촌동,경상사고,0,0,4,0,차대차 - 추돌,안전운전불이행,건조,맑음,단일로 - 기타,승용,여,47세,상해없음,승용,남,39세,경상
2016091100100486,2016년 9월 11일 23시,일요일,광주광역시 서구 화정동,경상사고,0,0,2,0,차대차 - 추돌,안전운전불이행,습기,비,단일로 - 기타,승용,남,27세,상해없음,승용,남,52세,경상
2016091100100487,2016년 9월 11일 23시,일요일,광주광역시 서구 치평동,경상사고,0,0,1,0,차대차 - 측면직각충돌,안전거리미확보,습기,비,단일로 - 기타,승용,남,68세,상해없음,원동기,남,17세,경상
2016091100100488,2016년 9월 11일 23시,일요일,광주광역시 광산구 우산동,경상사고,0,0,1,0,차대차 - 추돌,안전운전불이행,습기,비,단일로 - 기타,승용,남,54세,경상,화물,기타불명,기타불명,기타불명
2016091200100008,2016년 9월 12일 00시,월요일,광주광역시 광산구 수완동,경상사고,0,0,3,0,차대차 - 측면충돌,신호위반,건조,맑음,교차로 - 교차로안,승용,남,35세,상해없음,승합,남,58세,경상
2016091200100029,2016년 9월 12일 02시,월요일,광주광역시 북구 운암동,경상사고,0,0,1,0,차대차 - 추돌,안전운전불이행,건조,맑음,교차로 - 교차로부근,승용,여,22세,상해없음,승용,여,53세,경상
2016091200100030,2016년 9월 12일 02시,월요일,광주광역시 북구 양산동,경상사고,0,0,3,0,차대차 - 기타,신호위반,습기,비,교차로 - 교차로안,승용,남,53세,경상,승용,남,29세,경상
2016091200100037,2016년 9월 12일 03시,월요일,광주광역시 서구 금호동,경상사고,0,0,1,0,차대차 - 추돌,안전운전불이행,습기,비,교차로 - 교차로부근,승용,기타불명,기타불명,기타불명,승용,남,39세,경상
2016091200100038,2016년 9월 12일 03시,월요일,광주광역시 북구 삼각동,경상사고,0,0,1,0,차대차 - 추돌,안전운전불이행,건조,맑음,단일로 - 기타,승용,여,47세,상해없음,승용,남,47세,경상
2016091200100045,2016년 9월 12일 04시,월요일,광주광역시 광산구 신촌동,경상사고,0,0,1,0,차대차 - 측면직각충돌,안전운전불이행,습기,비,교차로 - 교차로안,승합,남,58세,상해없음,승용,남,53세,경상
2016091200100066,2016년 9월 12일 05시,월요일,광주광역시 서구 농성동,중상사고,0,1,0,0,차대차 - 정면충돌,안전운전불이행,습기,비,교차로 - 교차로부근,화물,남,70세,상해없음,승용,여,54세,중상
2016091200100108,2016년 9월 12일 07시,월요일,광주광역시 북구 신용동,경상사고,0,0,1,0,차대차 - 측면충돌,신호위반,건조,맑음,교차로 - 교차로안,승용,남,33세,상해없음,승용,여,35세,경상
2016091200100109,2016년 9월 12일 07시,월요일,광주광역시 광산구 도덕동,경상사고,0,0,1,0,차대차 - 측면직각충돌,차로위반,건조,맑음,단일로 - 기타,승용,여,22세,상해없음,승용,여,39세,경상
2016091200100171,2016년 9월 12일 09시,월요일,광주광역시 서구 양동,경상사고,0,0,1,0,차대차 - 추돌,안전거리미확보,건조,맑음,단일로 - 기타,승용,남,70세,상해없음,승용,남,30세,경상
2016091200100328,2016년 9월 12일 13시,월요일,광주광역시 북구 용두동,경상사고,0,0,1,0,차대사람 - 횡단중,보행자보호의무위반,건조,맑음,단일로 - 횡단보도상,승용,남,49세,상해없음,보행자,여,7세,경상
2016091200100329,2016년 9월 12일 13시,월요일,광주광역시 광산구 월곡동,경상사고,0,0,1,0,차대차 - 측면직각충돌,안전운전불이행,건조,맑음,단일로 - 기타,승용,남,37세,경상,승용,여,23세,상해없음
2016091200100419,2016년 9월 12일 15시,월요일,광주광역시 동구 산수동,경상사고,0,0,1,0,차대사람 - 횡단중,안전운전불이행,건조,맑음,단일로 - 기타,승용,남,33세,상해없음,보행자,남,22세,경상
2016091200100420,2016년 9월 12일 15시,월요일,광주광역시 동구 동명동,경상사고,0,0,1,0,차대차 - 추돌,안전운전불이행,건조,맑음,단일로 - 기타,승용,남,19세,상해없음,승용,여,54세,경상
2016091200100421,2016년 9월 12일 15시,월요일,광주광역시 서구 치평동,경상사고,0,0,1,0,차대차 - 추돌,안전운전불이행,건조,맑음,교차로 - 교차로부근,승용,여,50세,상해없음,승용,남,59세,경상
2016091200100502,2016년 9월 12일 17시,월요일,광주광역시 서구 금호동,중상사고,0,1,0,0,차대사람 - 횡단중,안전운전불이행,건조,맑음,단일로 - 기타,이륜,남,75세,상해없음,보행자,여,7세,중상
2016091200100545,2016년 9월 12일 18시,월요일,광주광역시 북구 신안동,경상사고,0,0,3,0,차대차 - 추돌,안전운전불이행,건조,맑음,단일로 - 기타,승용,남,30세,경상,승용,남,49세,상해없음
2016091200100593,2016년 9월 12일 19시,월요일,광주광역시 북구 오치동,중상사고,0,1,1,0,차대차 - 측면충돌,안전거리미확보,건조,맑음,단일로 - 기타,승용,남,44세,경상,이륜,남,31세,중상
2016091200100634,2016년 9월 12일 20시,월요일,광주광역시 광산구 우산동,경상사고,0,0,1,0,차대차 - 정면충돌,안전운전불이행,건조,맑음,단일로 - 기타,승용,기타불명,기타불명,기타불명,승용,남,33세,경상
2016091200100669,2016년 9월 12일 21시,월요일,광주광역시 북구 동림동,경상사고,0,0,1,0,차대차 - 추돌,안전운전불이행,건조,맑음,교차로 - 교차로부근,화물,남,60세,상해없음,승용,여,41세,경상
2016091200100703,2016년 9월 12일 22시,월요일,광주광역시 광산구 운남동,경상사고,0,0,3,0,차대차 - 추돌,안전운전불이행,건조,맑음,단일로 - 기타,승용,남,45세,상해없음,승용,남,44세,경상
2016091200100704,2016년 9월 12일 22시,월요일,광주광역시 광산구 신가동,경상사고,0,0,1,0,차대차 - 정면충돌,안전운전불이행,건조,맑음,단일로 - 기타,승용,남,30세,상해없음,승합,여,46세,경상
2016091200100737,2016년 9월 12일 23시,월요일,광주광역시 서구 마륵동,경상사고,0,0,3,0,차대차 - 추돌,안전운전불이행,건조,맑음,교차로 - 교차로부근,화물,남,47세,경상,승용,남,24세,경상
2016091200100738,2016년 9월 12일 23시,월요일,광주광역시 남구 주월동,경상사고,0,0,1,0,차량단독 - 기타,안전운전불이행,건조,맑음,단일로 - 기타,승용,남,68세,상해없음,,,,
2016091300100031,2016년 9월 13일 01시,화요일,광주광역시 광산구 쌍암동,중상사고,0,1,0,0,차대차 - 기타,안전운전불이행,건조,맑음,단일로 - 기타,승용,남,45세,상해없음,화물,남,44세,상해없음
2016091300100082,2016년 9월 13일 06시,화요일,광주광역시 서구 벽진동,경상사고,0,0,1,0,차량단독 - 공작물충돌,안전운전불이행,건조,맑음,단일로 - 기타,승용,남,46세,경상,,,,
2016091300100099,2016년 9월 13일 07시,화요일,광주광역시 북구 북동,경상사고,0,0,3,0,차대차 - 측면직각충돌,신호위반,건조,맑음,교차로 - 교차로안,승용,남,71세,상해없음,승용,남,64세,경상
2016091300100142,2016년 9월 13일 08시,화요일,광주광역시 광산구 소촌동,부상신고사고,0,0,0,1,차대차 - 측면충돌,안전운전불이행,건조,맑음,단일로 - 기타,자전거,남,9세,부상신고,승용,여,46세,상해없음
2016091300100189,2016년 9월 13일 09시,화요일,광주광역시 서구 치평동,경상사고,0,0,1,0,차대차 - 측면충돌,교차로운행방법위반,건조,맑음,교차로 - 교차로안,승용,여,42세,상해없음,승용,남,58세,경상
2016091300100190,2016년 9월 13일 09시,화요일,광주광역시 북구 임동,사망사고,1,0,0,0,차대차 - 추돌,안전운전불이행,건조,맑음,단일로 - 기타,화물,남,59세,상해없음,자전거,남,81세,사망
2016091300100191,2016년 9월 13일 09시,화요일,광주광역시 광산구 산정동,경상사고,0,0,3,0,차대차 - 측면직각충돌,신호위반,건조,맑음,교차로 - 교차로안,승용,여,43세,상해없음,승용,여,53세,경상
2016091300100225,2016년 9월 13일 10시,화요일,광주광역시 서구 농성동,경상사고,0,0,1,0,차대사람 - 횡단중,안전운전불이행,건조,맑음,교차로 - 교차로안,승용,여,65세,상해없음,보행자,남,77세,경상
2016091300100226,2016년 9월 13일 10시,화요일,광주광역시 서구 화정동,경상사고,0,0,1,0,차대차 - 추돌,안전운전불이행,건조,맑음,단일로 - 기타,승용,여,49세,상해없음,승용,남,48세,경상
2016091300100227,2016년 9월 13일 10시,화요일,광주광역시 북구 연제동,경상사고,0,0,4,0,차대차 - 측면충돌,안전운전불이행,건조,맑음,단일로 - 기타,승용,남,36세,경상,승용,남,33세,경상
2016091300100261,2016년 9월 13일 11시,화요일,광주광역시 광산구 선암동,중상사고,0,1,0,0,차대사람 - 기타,안전운전불이행,건조,맑음,단일로 - 기타,승용,남,22세,상해없음,보행자,여,19세,중상
2016091300100296,2016년 9월 13일 12시,화요일,광주광역시 서구 치평동,경상사고,0,0,1,0,차대사람 - 보도통행중,기타,건조,맑음,단일로 - 기타,승용,남,22세,상해없음,보행자,여,48세,경상
2016091300100373,2016년 9월 13일 14시,화요일,광주광역시 서구 화정동,경상사고,0,0,2,0,차대차 - 측면직각충돌,안전운전불이행,건조,맑음,교차로 - 교차로안,승용,남,53세,상해없음,승용,여,30세,경상
2016091300100374,2016년 9월 13일 14시,화요일,광주광역시 북구 양산동,부상신고사고,0,0,0,1,차대차 - 기타,불법유턴,건조,맑음,단일로 - 기타,기타불명,기타불명,기타불명,기타불명,이륜,남,24세,부상신고
2016091300100375,2016년 9월 13일 14시,화요일,광주광역시 북구 우산동,경상사고,0,0,1,0,차대차 - 측면충돌,교차로운행방법위반,건조,맑음,교차로 - 교차로안,승용,남,74세,상해없음,승합,남,43세,상해없음
2016091300100376,2016년 9월 13일 14시,화요일,광주광역시 북구 연제동,경상사고,0,0,5,0,차대차 - 추돌,안전운전불이행,건조,맑음,단일로 - 기타,승용,남,46세,상해없음,화물,남,41세,경상
2016091300100470,2016년 9월 13일 16시,화요일,광주광역시 동구 지산동,중상사고,0,1,0,0,차대차 - 측면직각충돌,교차로운행방법위반,건조,맑음,교차로 - 교차로안,승용,여,45세,상해없음,자전거,남,63세,중상
2016091300100471,2016년 9월 13일 16시,화요일,광주광역시 북구 풍향동,중상사고,0,1,0,0,차대사람 - 횡단중,안전운전불이행,건조,맑음,단일로 - 기타,승용,남,31세,상해없음,보행자,남,21세,중상
2016091300100472,2016년 9월 13일 16시,화요일,광주광역시 광산구 송정동,경상사고,0,0,2,0,차대차 - 측면충돌,교차로운행방법위반,건조,맑음,교차로 - 교차로안,승용,남,52세,상해없음,승용,남,45세,경상
2016091300100473,2016년 9월 13일 16시,화요일,광주광역시 광산구 송정동,경상사고,0,0,1,0,차대차 - 기타,신호위반,건조,맑음,교차로 - 교차로안,승용,남,36세,상해없음,승용,여,46세,경상
2016091300100532,2016년 9월 13일 17시,화요일,광주광역시 남구 진월동,경상사고,0,0,3,0,차대차 - 측면충돌,안전운전불이행,건조,맑음,교차로 - 교차로부근,이륜,남,18세,경상,승용,남,47세,경상
2016091300100573,2016년 9월 13일 18시,화요일,광주광역시 동구 소태동,경상사고,0,0,1,0,차대차 - 추돌,안전거리미확보,건조,맑음,기타 - 기타,승용,남,57세,상해없음,승용,여,55세,경상
2016091300100574,2016년 9월 13일 18시,화요일,광주광역시 광산구 우산동,경상사고,0,0,1,0,차대사람 - 횡단중,신호위반,건조,맑음,교차로 - 교차로안,화물,남,38세,상해없음,보행자,여,67세,경상
2016091300100667,2016년 9월 13일 20시,화요일,광주광역시 서구 쌍촌동,중상사고,0,1,0,0,차대차 - 추돌,안전거리미확보,건조,맑음,교차로 - 교차로부근,승용,남,36세,상해없음,이륜,남,19세,중상
2016091300100728,2016년 9월 13일 22시,화요일,광주광역시 광산구 신가동,중상사고,0,1,0,0,차대사람 - 횡단중,안전운전불이행,건조,맑음,단일로 - 기타,승용,남,67세,상해없음,보행자,남,48세,중상
2016091300100748,2016년 9월 13일 23시,화요일,광주광역시 서구 쌍촌동,경상사고,0,0,1,0,차대차 - 기타,교차로운행방법위반,건조,맑음,교차로 - 교차로안,승용,여,45세,상해없음,이륜,남,41세,경상
2016091400100055,2016년 9월 14일 02시,수요일,광주광역시 동구 광산동,경상사고,0,0,1,0,차대사람 - 기타,안전운전불이행,건조,맑음,교차로 - 교차로안,승용,남,33세,상해없음,보행자,남,23세,경상
2016091400100093,2016년 9월 14일 04시,수요일,광주광역시 광산구 수완동,경상사고,0,0,3,1,차대차 - 측면충돌,안전거리미확보,건조,맑음,단일로 - 기타,승용,남,21세,부상신고,승용,남,25세,상해없음
2016091400100160,2016년 9월 14일 09시,수요일,광주광역시 광산구 소촌동,경상사고,0,0,3,0,차대차 - 측면직각충돌,교차로운행방법위반,건조,맑음,교차로 - 교차로안,승용,남,58세,상해없음,승용,남,45세,경상
2016091400100356,2016년 9월 14일 17시,수요일,광주광역시 북구 우산동,중상사고,0,1,0,0,차대차 - 측면직각충돌,신호위반,건조,맑음,단일로 - 횡단보도상,승용,남,35세,상해없음,이륜,남,53세,중상
2016091500100044,2016년 9월 15일 04시,목요일,광주광역시 광산구 수완동,경상사고,0,0,1,0,차대차 - 추돌,안전운전불이행,건조,맑음,단일로 - 기타,승용,남,23세,상해없음,승용,남,24세,경상
2016091500100081,2016년 9월 15일 09시,목요일,광주광역시 광산구 수완동,경상사고,0,0,2,0,차대차 - 측면직각충돌,차로위반,건조,맑음,단일로 - 기타,승용,남,63세,상해없음,승용,남,34세,경상
2016091500100102,2016년 9월 15일 10시,목요일,광주광역시 서구 벽진동,경상사고,0,0,2,0,차대차 - 측면직각충돌,교차로운행방법위반,건조,맑음,교차로 - 교차로안,승용,남,44세,상해없음,승용,남,23세,경상
2016091500100103,2016년 9월 15일 10시,목요일,광주광역시 북구 용전동,중상사고,0,1,8,0,차대차 - 정면충돌,중앙선침범,건조,맑음,단일로 - 기타,승용,남,24세,상해없음,승용,남,56세,경상
2016091500100104,2016년 9월 15일 10시,목요일,광주광역시 광산구 도산동,경상사고,0,0,5,0,차대차 - 추돌,안전운전불이행,건조,맑음,단일로 - 교량,승용,남,48세,경상,승용,남,31세,상해없음
2016091500100126,2016년 9월 15일 11시,목요일,광주광역시 북구 오치동,경상사고,0,0,2,0,차대차 - 측면직각충돌,신호위반,건조,맑음,교차로 - 교차로안,승용,여,56세,상해없음,승용,남,61세,경상
2016091500100288,2016년 9월 15일 18시,목요일,광주광역시 북구 중흥동,중상사고,0,2,4,0,차대차 - 측면충돌,안전운전불이행,건조,맑음,교차로 - 교차로안,승용,남,53세,경상,승용,남,53세,경상
2016091500100360,2016년 9월 15일 22시,목요일,광주광역시 북구 양산동,경상사고,0,0,2,0,차대차 - 측면충돌,안전운전불이행,건조,맑음,단일로 - 기타,승용,남,49세,상해없음,승용,남,35세,기타불명
2016091500100361,2016년 9월 15일 22시,목요일,광주광역시 북구 용봉동,부상신고사고,0,0,0,1,차대사람 - 횡단중,안전운전불이행,건조,맑음,교차로 - 교차로안,승용,기타불명,29세,기타불명,보행자,남,18세,부상신고
2016091500100362,2016년 9월 15일 22시,목요일,광주광역시 북구 양산동,경상사고,0,0,4,0,차대차 - 측면직각충돌,교차로운행방법위반,건조,맑음,교차로 - 교차로안,승용,남,38세,경상,승용,남,52세,경상
2016091500100376,2016년 9월 15일 23시,목요일,광주광역시 광산구 월계동,중상사고,0,1,0,0,차대차 - 정면충돌,교차로운행방법위반,건조,맑음,교차로 - 교차로안,승용,남,30세,상해없음,이륜,남,36세,중상
2016091600100013,2016년 9월 16일 00시,금요일,광주광역시 북구 오치동,경상사고,0,0,2,0,차대차 - 측면직각충돌,안전운전불이행,건조,맑음,교차로 - 교차로안,승용,남,35세,상해없음,이륜,남,18세,경상
2016091600100019,2016년 9월 16일 01시,금요일,광주광역시 서구 광천동,경상사고,0,0,3,0,차대차 - 측면직각충돌,안전거리미확보,건조,맑음,단일로 - 기타,승용,기타불명,기타불명,기타불명,승용,남,57세,상해없음
2016091600100043,2016년 9월 16일 04시,금요일,광주광역시 남구 주월동,경상사고,0,0,2,0,차대차 - 측면직각충돌,신호위반,건조,맑음,교차로 - 교차로안,승용,남,32세,상해없음,승용,남,37세,경상
2016091600100048,2016년 9월 16일 05시,금요일,광주광역시 동구 소태동,경상사고,0,0,1,0,차량단독 - 전도전복,안전운전불이행,습기,비,교차로 - 교차로안,승용,여,33세,경상,,,,
2016091600100112,2016년 9월 16일 11시,금요일,광주광역시 서구 매월동,경상사고,0,0,6,0,차대차 - 기타,신호위반,습기,비,교차로 - 교차로안,승용,남,41세,경상,승용,남,39세,경상
2016091600100164,2016년 9월 16일 13시,금요일,광주광역시 남구 백운동,중상사고,0,2,0,0,차량단독 - 공작물충돌,안전운전불이행,습기,비,단일로 - 기타,승용,남,57세,중상,,,,
2016091600100218,2016년 9월 16일 16시,금요일,광주광역시 광산구 쌍암동,경상사고,0,0,1,0,차대사람 - 차도통행중,안전운전불이행,습기,비,단일로 - 기타,승용,남,25세,상해없음,보행자,남,47세,경상
2016091600100302,2016년 9월 16일 19시,금요일,광주광역시 서구 치평동,경상사고,0,0,2,0,차대차 - 추돌,안전운전불이행,습기,비,단일로 - 기타,승용,남,42세,상해없음,승용,여,25세,경상
2016091600100303,2016년 9월 16일 19시,금요일,광주광역시 남구 진월동,경상사고,0,0,2,0,차대차 - 정면충돌,교차로운행방법위반,건조,맑음,교차로 - 교차로안,승용,남,22세,상해없음,승용,남,47세,경상
2016091600100328,2016년 9월 16일 20시,금요일,광주광역시 서구 금호동,경상사고,0,0,1,0,차대차 - 추돌,안전운전불이행,건조,맑음,교차로 - 교차로안,승용,여,45세,상해없음,승용,여,47세,경상
2016091600100329,2016년 9월 16일 20시,금요일,광주광역시 서구 치평동,경상사고,0,0,1,0,차대차 - 기타,안전운전불이행,건조,맑음,단일로 - 기타,승용,남,65세,상해없음,승용,남,24세,경상
2016091600100330,2016년 9월 16일 20시,금요일,광주광역시 서구 풍암동,경상사고,0,0,1,0,차대차 - 기타,안전거리미확보,건조,맑음,단일로 - 기타,승용,남,56세,상해없음,승용,남,35세,경상
2016091600100331,2016년 9월 16일 20시,금요일,광주광역시 북구 매곡동,경상사고,0,0,1,0,차대차 - 추돌,안전운전불이행,습기,비,단일로 - 기타,승용,남,49세,상해없음,승용,여,44세,경상
2016091600100332,2016년 9월 16일 20시,금요일,광주광역시 북구 유동,경상사고,0,0,3,0,차대차 - 정면충돌,안전운전불이행,습기,비,교차로 - 교차로부근,승용,남,49세,상해없음,승용,남,39세,경상
2016091600100377,2016년 9월 16일 22시,금요일,광주광역시 서구 농성동,경상사고,0,0,1,0,차대차 - 측면직각충돌,안전운전불이행,건조,맑음,교차로 - 교차로안,승용,남,33세,상해없음,승용,남,53세,경상
2016091600100378,2016년 9월 16일 22시,금요일,광주광역시 남구 사동,경상사고,0,0,5,0,차대차 - 측면충돌,교차로운행방법위반,건조,맑음,교차로 - 교차로부근,승용,여,25세,경상,승용,남,57세,경상
2016091600100379,2016년 9월 16일 22시,금요일,광주광역시 남구 진월동,경상사고,0,0,1,0,차대차 - 기타,안전운전불이행,건조,맑음,교차로 - 교차로부근,승용,남,52세,상해없음,승용,남,68세,경상
2016091600100400,2016년 9월 16일 23시,금요일,광주광역시 광산구 황룡동,경상사고,0,0,6,0,차대차 - 정면충돌,신호위반,습기,비,교차로 - 교차로안,승용,여,31세,경상,승용,남,28세,경상
2016091700100028,2016년 9월 17일 00시,토요일,광주광역시 서구 치평동,중상사고,0,1,0,0,차대사람 - 횡단중,보행자보호의무위반,습기,비,교차로 - 교차로안,승용,남,32세,상해없음,보행자,남,24세,중상
2016091700100029,2016년 9월 17일 00시,토요일,광주광역시 북구 용봉동,경상사고,0,0,3,0,차대차 - 추돌,안전운전불이행,습기,비,교차로 - 교차로부근,승용,남,45세,기타불명,승용,남,52세,경상
2016091700100030,2016년 9월 17일 00시,토요일,광주광역시 광산구 신가동,중상사고,0,1,0,0,차대차 - 추돌,안전운전불이행,습기,비,단일로 - 기타,승용,남,31세,상해없음,승용,남,28세,중상
2016091700100063,2016년 9월 17일 01시,토요일,광주광역시 광산구 신가동,경상사고,0,0,3,0,차대차 - 측면직각충돌,안전거리미확보,습기,비,단일로 - 기타,승용,남,47세,상해없음,승용,남,56세,경상
2016091700100064,2016년 9월 17일 01시,토요일,광주광역시 광산구 월계동,중상사고,0,1,0,0,차대차 - 측면직각충돌,기타,습기,비,교차로 - 교차로안,승용,남,43세,상해없음,승용,남,57세,중상
2016091700100112,2016년 9월 17일 04시,토요일,광주광역시 서구 농성동,경상사고,0,0,2,0,차대차 - 추돌,안전운전불이행,습기,비,교차로 - 교차로부근,승용,남,23세,상해없음,승용,남,49세,경상
2016091700100136,2016년 9월 17일 06시,토요일,광주광역시 광산구 월곡동,중상사고,0,1,0,0,차대사람 - 횡단중,신호위반,습기,비,교차로 - 교차로안,승용,기타불명,기타불명,기타불명,보행자,여,57세,중상
2016091700100154,2016년 9월 17일 07시,토요일,광주광역시 서구 치평동,경상사고,0,0,1,0,차대차 - 추돌,안전거리미확보,건조,맑음,교차로 - 교차로부근,승용,남,41세,상해없음,승용,남,44세,경상
2016091700100169,2016년 9월 17일 08시,토요일,광주광역시 서구 금호동,경상사고,0,0,3,0,차대차 - 기타,안전운전불이행,건조,맑음,단일로 - 기타,승용,남,56세,상해없음,승용,여,46세,경상
2016091700100170,2016년 9월 17일 08시,토요일,광주광역시 광산구 쌍암동,경상사고,0,0,2,0,차대차 - 측면직각충돌,직진우회전진행방해,습기,비,교차로 - 교차로안,승용,남,52세,상해없음,승용,남,70세,상해없음
2016091700100209,2016년 9월 17일 10시,토요일,광주광역시 북구 중흥동,경상사고,0,0,3,0,차대차 - 측면직각충돌,직진우회전진행방해,습기,비,교차로 - 교차로안,승용,남,64세,상해없음,승용,남,49세,경상
2016091700100221,2016년 9월 17일 11시,토요일,광주광역시 서구 화정동,경상사고,0,0,2,0,차대차 - 측면직각충돌,안전운전불이행,습기,비,교차로 - 교차로안,승용,남,36세,상해없음,승용,남,45세,경상
2016091700100246,2016년 9월 17일 12시,토요일,광주광역시 북구 동림동,경상사고,0,0,5,1,차대차 - 추돌,안전운전불이행,습기,비,단일로 - 기타,화물,남,53세,상해없음,승용,남,50세,경상
2016091700100247,2016년 9월 17일 12시,토요일,광주광역시 광산구 운남동,경상사고,0,0,1,0,차대차 - 추돌,안전거리미확보,건조,맑음,교차로 - 교차로안,승용,남,56세,상해없음,승용,여,48세,경상
2016091700100334,2016년 9월 17일 15시,토요일,광주광역시 북구 임동,경상사고,0,0,3,0,차대차 - 측면직각충돌,안전거리미확보,건조,맑음,단일로 - 기타,승용,남,23세,경상,승합,남,36세,경상
2016091700100335,2016년 9월 17일 15시,토요일,광주광역시 광산구 수완동,경상사고,0,0,2,0,차대차 - 측면직각충돌,교차로운행방법위반,건조,맑음,교차로 - 교차로안,승용,남,55세,상해없음,승용,여,44세,경상
2016091700100403,2016년 9월 17일 17시,토요일,광주광역시 서구 화정동,경상사고,0,0,2,0,차대차 - 기타,안전운전불이행,습기,비,단일로 - 기타,승용,여,33세,상해없음,승용,여,51세,경상
2016091700100469,2016년 9월 17일 19시,토요일,광주광역시 서구 화정동,경상사고,0,0,1,0,차대차 - 추돌,안전운전불이행,습기,비,교차로 - 교차로부근,승용,여,19세,상해없음,승용,남,50세,경상
2016091700100470,2016년 9월 17일 19시,토요일,광주광역시 광산구 신창동,중상사고,0,1,0,0,차대차 - 측면충돌,교차로운행방법위반,습기,비,교차로 - 교차로안,승용,남,48세,상해없음,원동기,남,16세,중상
2016091700100500,2016년 9월 17일 20시,토요일,광주광역시 북구 양산동,경상사고,0,0,1,0,차대차 - 추돌,안전거리미확보,습기,비,교차로 - 교차로부근,승용,여,57세,상해없음,승용,남,23세,경상
2016091700100541,2016년 9월 17일 21시,토요일,광주광역시 광산구 운수동,경상사고,0,0,1,0,차대차 - 정면충돌,신호위반,습기,비,교차로 - 교차로안,화물,남,74세,상해없음,승용,여,55세,경상
2016091700100569,2016년 9월 17일 22시,토요일,광주광역시 서구 치평동,중상사고,0,1,0,0,차대사람 - 횡단중,신호위반,건조,맑음,교차로 - 교차로부근,승용,남,38세,상해없음,보행자,여,24세,중상
2016091700100588,2016년 9월 17일 23시,토요일,광주광역시 서구 화정동,사망사고,1,0,0,0,차대사람 - 횡단중,안전운전불이행,습기,흐림,단일로 - 기타,승용,남,48세,상해없음,보행자,남,40세,사망
2016091700100589,2016년 9월 17일 23시,토요일,광주광역시 서구 쌍촌동,경상사고,0,0,2,0,차대차 - 추돌,안전운전불이행,습기,비,단일로 - 기타,승용,남,24세,상해없음,승용,남,30세,경상
2016091700100590,2016년 9월 17일 23시,토요일,광주광역시 북구 동림동,경상사고,0,0,3,1,차대차 - 측면직각충돌,신호위반,습기,비,교차로 - 교차로안,승용,여,51세,부상신고,승용,남,40세,경상