사고번호,사고일시,요일,시군구,사고내용,사망자수,중상자수,경상자수,부상신고자수,사고유형,법규위반,노면상태,기상상태,도로형태,가해운전자 차종,가해운전자 성별,가해운전자 연령,가해운전자 상해정도,피해운전자 차종,피해운전자 성별,피해운전자 연령,피해운전자 상해정도
2016091800100016,2016년 9월 18일 00시,일요일,광주광역시 서구 덕흥동,경상사고,0,0,3,0,차대차 - 정면충돌,안전운전불이행,습기,비,단일로 - 기타,승용,남,48세,상해없음,승합,남,53세,경상
2016091800100017,2016년 9월 18일 00시,일요일,광주광역시 북구 신안동,경상사고,0,0,2,0,차대차 - 측면직각충돌,안전거리미확보,습기,비,단일로 - 기타,승용,남,51세,경상,승용,남,49세,경상
2016091800100033,2016년 9월 18일 01시,일요일,광주광역시 서구 유촌동,경상사고,0,0,1,0,차대차 - 추돌,안전운전불이행,습기,비,교차로 - 교차로안,승용,기타불명,기타불명,기타불명,승용,여,57세,경상
2016091800100060,2016년 9월 18일 03시,일요일,광주광역시 남구 월산동,중상사고,0,1,0,0,차대사람 - 횡단중,안전운전불이행,습기,비,단일로 - 횡단보도상,승용,남,57세,상해없음,보행자,남,48세,중상
2016091800100084,2016년 9월 18일 05시,일요일,광주광역시 북구 동림동,중상사고,0,1,0,0,차량단독 - 전도전복,안전운전불이행,습기,비,단일로 - 기타,승용,남,35세,상해없음,,,,
2016091800100085,2016년 9월 18일 05시,일요일,광주광역시 광산구 신창동,중상사고,0,1,0,0,차대차 - 추돌,안전운전불이행,건조,맑음,단일로 - 기타,승용,남,50세,상해없음,원동기,남,69세,중상
2016091800100086,2016년 9월 18일 05시,일요일,광주광역시 광산구 산월동,경상사고,0,0,1,0,차대차 - 측면직각충돌,신호위반,습기,비,교차로 - 교차로안,승용,남,43세,상해없음,승용,남,29세,경상
2016091800100099,2016년 9월 18일 07시,일요일,광주광역시 서구 농성동,경상사고,0,0,1,0,차대차 - 추돌,안전운전불이행,건조,맑음,교차로 - 교차로부근,승용,여,47세,상해없음,승용,여,43세,경상
2016091800100166,2016년 9월 18일 11시,일요일,광주광역시 북구 중흥동,경상사고,0,0,5,0,차대차 - 측면직각충돌,교차로운행방법위반,건조,맑음,교차로 - 교차로안,승용,남,37세,경상,화물,남,51세,경상
2016091800100167,2016년 9월 18일 11시,일요일,광주광역시 북구 운암동,경상사고,0,0,3,0,차대차 - 측면직각충돌,신호위반,습기,흐림,교차로 - 교차로안,승용,남,20세,상해없음,승용,남,44세,경상
2016091800100205,2016년 9월 18일 13시,일요일,광주광역시 서구 치평동,경상사고,0,0,1,0,차대차 - 측면충돌,중앙선침범,기타,기타,단일로 - 기타,자전거,남,13세,경상,승용,남,52세,상해없음
2016091800100261,2016년 9월 18일 15시,일요일,광주광역시 광산구 송정동,경상사고,0,0,1,0,차대사람 - 횡단중,보행자보호의무위반,습기,비,교차로 - 교차로부근,기타불명,기타불명,기타불명,기타불명,보행자,남,51세,경상
2016091800100286,2016년 9월 18일 16시,일요일,광주광역시 북구 두암동,부상신고사고,0,0,0,1,차대차 - 정면충돌,교차로운행방법위반,건조,맑음,교차로 - 교차로안,승용,남,72세,부상신고,승용,남,76세,상해없음
2016091800100391,2016년 9월 18일 21시,일요일,광주광역시 북구 중흥동,경상사고,0,0,1,0,차대차 - 측면직각충돌,차로위반,습기,비,교차로 - 교차로부근,승용,기타불명,기타불명,기타불명,승용,여,39세,경상
2016091800100407,2016년 9월 18일 22시,일요일,광주광역시 광산구 운남동,경상사고,0,0,4,1,차대차 - 정면충돌,신호위반,습기,비,교차로 - 교차로안,승용,남,24세,부상신고,승합,남,46세,경상
2016091800100408,2016년 9월 18일 22시,일요일,광주광역시 광산구 선암동,경상사고,0,0,1,0,차량단독 - 기타,안전운전불이행,습기,비,단일로 - 기타,승용,남,52세,상해없음,,,,
2016091900100008,2016년 9월 19일 00시,월요일,광주광역시 광산구 신창동,경상사고,0,0,2,0,차대차 - 추돌,안전거리미확보,습기,흐림,단일로 - 기타,승용,남,55세,상해없음,승용,여,36세,경상
2016091900100016,2016년 9월 19일 01시,월요일,광주광역시 남구 주월동,경상사고,0,0,4,0,차대차 - 측면충돌,신호위반,건조,맑음,교차로 - 교차로부근,승용,남,62세,상해없음,승용,남,28세,경상
2016091900100034,2016년 9월 19일 05시,월요일,광주광역시 북구 두암동,경상사고,0,0,3,0,차대차 - 정면충돌,신호위반,건조,맑음,교차로 - 교차로안,승용,남,44세,상해없음,승용,남,22세,경상
2016091900100122,2016년 9월 19일 08시,월요일,광주광역시 북구 오치동,경상사고,0,0,1,0,차대사람 - 길가장자리구역통행중,안전운전불이행,건조,맑음,단일로 - 기타,승용,남,52세,기타불명,보행자,여,12세,경상
2016091900100123,2016년 9월 19일 08시,월요일,광주광역시 광산구 비아동,경상사고,0,0,2,0,차대차 - 측면직각충돌,안전거리미확보,건조,맑음,교차로 - 교차로부근,승용,여,49세,경상,화물,남,38세,경상
2016091900100144,2016년 9월 19일 09시,월요일,광주광역시 서구 광천동,중상사고,0,1,0,0,차대차 - 측면직각충돌,교차로운행방법위반,건조,맑음,교차로 - 교차로안,승용,남,67세,상해없음,승용,여,47세,중상
2016091900100145,2016년 9월 19일 09시,월요일,광주광역시 광산구 우산동,경상사고,0,0,1,0,차대차 - 추돌,안전운전불이행,건조,맑음,단일로 - 기타,화물,남,26세,상해없음,승용,여,57세,경상
2016091900100184,2016년 9월 19일 10시,월요일,광주광역시 서구 매월동,경상사고,0,0,2,1,차대차 - 정면충돌,교차로운행방법위반,건조,맑음,교차로 - 교차로안,승용,남,43세,부상신고,승용,남,30세,경상
2016091900100185,2016년 9월 19일 10시,월요일,광주광역시 남구 월산동,경상사고,0,0,1,0,차대차 - 측면직각충돌,안전운전불이행,건조,맑음,단일로 - 기타,승용,여,35세,상해없음,이륜,남,56세,경상
2016091900100215,2016년 9월 19일 11시,월요일,광주광역시 동구 장동,경상사고,0,0,2,0,차대차 - 측면직각충돌,안전운전불이행,건조,맑음,단일로 - 기타,승용,여,50세,상해없음,화물,남,35세,경상
2016091900100238,2016년 9월 19일 12시,월요일,광주광역시 남구 봉선동,경상사고,0,0,1,0,차대차 - 추돌,안전운전불이행,건조,맑음,교차로 - 교차로부근,승용,남,67세,기타불명,승용,여,32세,경상
2016091900100269,2016년 9월 19일 13시,월요일,광주광역시 서구 광천동,경상사고,0,0,3,0,차대차 - 추돌,안전거리미확보,건조,맑음,교차로 - 교차로부근,승용,남,49세,상해없음,승용,여,46세,경상
2016091900100270,2016년 9월 19일 13시,월요일,광주광역시 광산구 장덕동,중상사고,0,1,0,0,차대차 - 측면충돌,교차로운행방법위반,건조,맑음,교차로 - 교차로안,승용,남,47세,상해없음,이륜,남,27세,중상
2016091900100291,2016년 9월 19일 14시,월요일,광주광역시 동구 지산동,경상사고,0,0,1,0,차대사람 - 횡단중,안전운전불이행,건조,맑음,단일로 - 횡단보도상,승용,남,72세,기타불명,보행자,남,9세,경상
2016091900100320,2016년 9월 19일 15시,월요일,광주광역시 광산구 월계동,중상사고,0,1,0,0,차대차 - 측면직각충돌,안전거리미확보,건조,맑음,단일로 - 기타,자전거,남,77세,중상,승용,남,25세,상해없음
2016091900100321,2016년 9월 19일 15시,월요일,광주광역시 광산구 산월동,경상사고,0,0,1,0,차대사람 - 횡단중,신호위반,건조,맑음,단일로 - 횡단보도상,승용,남,61세,상해없음,보행자,여,8세,경상
2016091900100346,2016년 9월 19일 16시,월요일,광주광역시 서구 마륵동,경상사고,0,0,2,0,차대차 - 측면충돌,신호위반,건조,맑음,교차로 - 교차로안,이륜,남,81세,경상,자전거,남,27세,경상
2016091900100389,2016년 9월 19일 17시,월요일,광주광역시 광산구 신가동,사망사고,1,0,0,0,차대사람 - 횡단중,보행자보호의무위반,건조,맑음,교차로 - 교차로부근,승합,남,66세,상해없음,보행자,여,5세,사망
2016091900100433,2016년 9월 19일 18시,월요일,광주광역시 서구 농성동,경상사고,0,0,1,0,차대차 - 측면직각충돌,안전거리미확보,건조,맑음,교차로 - 교차로안,화물,남,44세,상해없음,승용,여,39세,경상
2016091900100434,2016년 9월 19일 18시,월요일,광주광역시 남구 월산동,중상사고,0,1,0,0,차대사람 - 횡단중,안전운전불이행,건조,맑음,단일로 - 기타,승용,남,73세,상해없음,보행자,여,87세,중상
2016091900100435,2016년 9월 19일 18시,월요일,광주광역시 북구 중흥동,중상사고,0,1,0,0,차대사람 - 횡단중,안전운전불이행,건조,맑음,단일로 - 기타,승용,여,46세,상해없음,보행자,남,74세,중상
2016091900100436,2016년 9월 19일 18시,월요일,광주광역시 광산구 운수동,경상사고,0,0,5,0,차대차 - 추돌,안전운전불이행,건조,맑음,단일로 - 기타,승용,여,47세,경상,승용,남,37세,경상
2016091900100565,2016년 9월 19일 23시,월요일,광주광역시 북구 운암동,중상사고,0,1,0,0,차대사람 - 횡단중,과속,건조,맑음,단일로 - 기타,승용,남,51세,상해없음,보행자,남,57세,중상
2016092000100010,2016년 9월 20일 00시,화요일,광주광역시 광산구 운남동,중상사고,0,2,0,0,차대차 - 추돌,안전운전불이행,건조,맑음,단일로 - 기타,승용,남,42세,상해없음,이륜,남,33세,중상
2016092000100026,2016년 9월 20일 02시,화요일,광주광역시 서구 치평동,부상신고사고,0,0,0,1,차대차 - 측면충돌,안전거리미확보,건조,맑음,교차로 - 교차로부근,승용,남,56세,상해없음,승용,남,19세,부상신고
2016092000100041,2016년 9월 20일 04시,화요일,광주광역시 서구 쌍촌동,경상사고,0,0,1,0,차대차 - 측면직각충돌,교차로운행방법위반,건조,맑음,교차로 - 교차로안,승용,남,53세,상해없음,승용,남,28세,경상
2016092000100069,2016년 9월 20일 06시,화요일,광주광역시 북구 동림동,경상사고,0,0,2,0,차대차 - 측면직각충돌,안전거리미확보,건조,맑음,단일로 - 기타,승용,남,35세,기타불명,승용,남,41세,경상
2016092000100108,2016년 9월 20일 07시,화요일,광주광역시 서구 풍암동,중상사고,0,1,0,0,차대차 - 정면충돌,교차로운행방법위반,건조,맑음,교차로 - 교차로안,승용,남,44세,상해없음,이륜,남,25세,중상
2016092000100109,2016년 9월 20일 07시,화요일,광주광역시 서구 광천동,경상사고,0,0,1,0,차대차 - 추돌,안전거리미확보,건조,맑음,단일로 - 기타,승용,남,30세,상해없음,승용,남,40세,경상
2016092000100155,2016년 9월 20일 08시,화요일,광주광역시 광산구 송정동,경상사고,0,0,1,0,차대차 - 기타,안전운전불이행,건조,맑음,단일로 - 기타,승용,남,26세,기타불명,승용,남,47세,경상
2016092000100195,2016년 9월 20일 09시,화요일,광주광역시 동구 계림동,경상사고,0,0,1,0,차대사람 - 기타,안전운전불이행,건조,맑음,단일로 - 기타,승용,여,32세,상해없음,보행자,여,57세,경상
2016092000100196,2016년 9월 20일 09시,화요일,광주광역시 서구 풍암동,경상사고,0,0,3,0,차대차 - 정면충돌,중앙선침범,건조,맑음,단일로 - 기타,승용,여,37세,상해없음,승용,남,24세,경상
2016092000100231,2016년 9월 20일 10시,화요일,광주광역시 북구 용두동,경상사고,0,0,1,0,차대차 - 측면직각충돌,안전거리미확보,건조,맑음,교차로 - 교차로부근,이륜,남,24세,기타불명,승용,여,34세,경상
2016092000100261,2016년 9월 20일 11시,화요일,광주광역시 북구 신용동,경상사고,0,0,3,0,차대차 - 측면충돌,안전운전불이행,건조,맑음,단일로 - 기타,화물,남,40세,상해없음,승용,남,30세,경상
2016092000100314,2016년 9월 20일 13시,화요일,광주광역시 서구 풍암동,경상사고,0,0,1,0,차대사람 - 기타,보행자보호의무위반,건조,맑음,단일로 - 횡단보도상,승용,여,30세,상해없음,보행자,여,7세,경상
2016092000100315,2016년 9월 20일 13시,화요일,광주광역시 북구 각화동,경상사고,0,0,2,0,차대차 - 측면직각충돌,안전운전불이행,건조,맑음,단일로 - 기타,승용,남,54세,기타불명,승용,여,42세,경상
2016092000100391,2016년 9월 20일 16시,화요일,광주광역시 남구 봉선동,중상사고,0,1,0,0,차대차 - 정면충돌,안전운전불이행,건조,맑음,단일로 - 기타,승용,여,47세,상해없음,원동기,남,19세,중상
2016092000100435,2016년 9월 20일 17시,화요일,광주광역시 남구 양림동,경상사고,0,0,1,0,차대차 - 측면직각충돌,교차로운행방법위반,건조,맑음,교차로 - 교차로부근,승용,남,22세,상해없음,화물,남,34세,경상
2016092000100436,2016년 9월 20일 17시,화요일,광주광역시 북구 대촌동,경상사고,0,0,3,0,차대차 - 측면직각충돌,직진우회전진행방해,건조,맑음,교차로 - 교차로안,승용,남,20세,경상,승용,여,46세,경상
2016092000100437,2016년 9월 20일 17시,화요일,광주광역시 광산구 용동,경상사고,0,0,1,0,차대차 - 정면충돌,교차로운행방법위반,건조,맑음,교차로 - 교차로안,승용,남,61세,상해없음,승용,남,48세,경상
2016092000100493,2016년 9월 20일 18시,화요일,광주광역시 광산구 송정동,경상사고,0,0,1,0,차대사람 - 횡단중,교차로운행방법위반,건조,맑음,교차로 - 교차로안,승용,여,61세,상해없음,보행자,남,16세,경상
2016092000100532,2016년 9월 20일 19시,화요일,광주광역시 동구 지산동,경상사고,0,0,2,0,차대차 - 측면직각충돌,안전운전불이행,건조,맑음,교차로 - 교차로안,원동기,여,22세,경상,승용,남,37세,상해없음
2016092000100533,2016년 9월 20일 19시,화요일,광주광역시 북구 중흥동,중상사고,0,1,1,0,차대사람 - 횡단중,안전운전불이행,건조,맑음,단일로 - 기타,이륜,남,21세,경상,보행자,여,78세,중상
2016092000100567,2016년 9월 20일 20시,화요일,광주광역시 서구 농성동,경상사고,0,0,5,0,차대차 - 측면직각충돌,차로위반,건조,흐림,단일로 - 기타,승용,남,63세,상해없음,승용,남,18세,경상
2016092000100568,2016년 9월 20일 20시,화요일,광주광역시 광산구 운수동,경상사고,0,0,1,0,차대차 - 기타,차로위반,건조,맑음,단일로 - 기타,승용,여,49세,상해없음,승용,남,26세,상해없음
2016092000100592,2016년 9월 20일 21시,화요일,광주광역시 북구 운암동,경상사고,0,0,1,0,차대차 - 측면직각충돌,안전운전불이행,건조,맑음,교차로 - 교차로안,승용,여,39세,상해없음,승용,남,56세,경상
2016092100100028,2016년 9월 21일 01시,수요일,광주광역시 서구 광천동,경상사고,0,0,3,0,차대차 - 기타,직진우회전진행방해,건조,맑음,교차로 - 교차로안,승용,남,43세,경상,승용,여,34세,경상
2016092100100029,2016년 9월 21일 01시,수요일,광주광역시 북구 운암동,경상사고,0,0,2,0,차대차 - 측면충돌,안전운전불이행,건조,맑음,교차로 - 교차로안,승용,남,24세,상해없음,승용,남,56세,경상
2016092100100127,2016년 9월 21일 08시,수요일,광주광역시 북구 대촌동,경상사고,0,0,1,0,차대차 - 측면충돌,안전운전불이행,건조,맑음,교차로 - 교차로안,이륜,남,69세,경상,승용,여,47세,상해없음
2016092100100128,2016년 9월 21일 08시,수요일,광주광역시 북구 운암동,경상사고,0,0,1,0,차대사람 - 기타,안전운전불이행,건조,맑음,단일로 - 기타,승용,여,55세,상해없음,보행자,남,17세,상해없음
2016092100100129,2016년 9월 21일 08시,수요일,광주광역시 북구 용봉동,경상사고,0,0,1,0,차대차 - 추돌,안전거리미확보,습기,흐림,단일로 - 기타,승용,남,43세,상해없음,승용,남,62세,상해없음
2016092100100232,2016년 9월 21일 12시,수요일,광주광역시 서구 쌍촌동,경상사고,0,0,1,0,차대차 - 추돌,안전운전불이행,건조,맑음,교차로 - 교차로부근,화물,남,49세,상해없음,승용,여,43세,경상
2016092100100287,2016년 9월 21일 14시,수요일,광주광역시 남구 월산동,경상사고,0,0,1,0,차대차 - 측면충돌,기타,건조,맑음,교차로 - 교차로부근,승용,남,42세,상해없음,승용,남,21세,경상
2016092100100313,2016년 9월 21일 15시,수요일,광주광역시 광산구 신촌동,경상사고,0,0,4,0,차대차 - 측면직각충돌,안전운전불이행,건조,맑음,단일로 - 기타,화물,여,56세,경상,승용,남,60세,경상
2016092100100342,2016년 9월 21일 16시,수요일,광주광역시 남구 월산동,경상사고,0,0,1,0,차대차 - 측면직각충돌,차로위반,건조,맑음,교차로 - 교차로부근,승용,여,33세,상해없음,승용,남,46세,경상
2016092100100411,2016년 9월 21일 18시,수요일,광주광역시 남구 방림동,경상사고,0,0,1,0,차대사람 - 횡단중,보행자보호의무위반,건조,맑음,단일로 - 기타,승용,남,55세,상해없음,보행자,남,7세,경상
2016092100100412,2016년 9월 21일 18시,수요일,광주광역시 북구 오치동,경상사고,0,0,1,0,차대사람 - 횡단중,안전운전불이행,건조,맑음,단일로 - 기타,승용,여,39세,기타불명,보행자,남,15세,경상
2016092100100413,2016년 9월 21일 18시,수요일,광주광역시 광산구 우산동,경상사고,0,0,2,0,차대차 - 측면직각충돌,안전거리미확보,건조,맑음,단일로 - 기타,승합,남,43세,상해없음,승용,여,36세,경상
2016092100100450,2016년 9월 21일 19시,수요일,광주광역시 북구 두암동,경상사고,0,0,1,0,차대차 - 기타,안전운전불이행,건조,맑음,교차로 - 교차로안,자전거,남,31세,경상,승합,남,66세,상해없음
2016092100100451,2016년 9월 21일 19시,수요일,광주광역시 북구 연제동,경상사고,0,0,3,0,차대차 - 추돌,안전운전불이행,건조,맑음,단일로 - 기타,승용,남,29세,상해없음,승용,남,50세,경상
2016092100100452,2016년 9월 21일 19시,수요일,광주광역시 광산구 도천동,경상사고,0,0,1,0,차대차 - 추돌,안전거리미확보,건조,맑음,교차로 - 교차로부근,승용,기타불명,기타불명,기타불명,승용,여,52세,경상
2016092100100484,2016년 9월 21일 20시,수요일,광주광역시 북구 우산동,경상사고,0,0,1,0,차대차 - 기타,안전운전불이행,건조,맑음,단일로 - 기타,자전거,여,65세,경상,승용,여,42세,상해없음
2016092100100508,2016년 9월 21일 21시,수요일,광주광역시 광산구 월계동,경상사고,0,0,2,0,차대차 - 측면직각충돌,교차로운행방법위반,건조,맑음,교차로 - 교차로부근,승합,남,61세,상해없음,승용,남,49세,경상
2016092100100544,2016년 9월 21일 23시,수요일,광주광역시 북구 문흥동,중상사고,0,1,0,0,차대사람 - 횡단중,안전운전불이행,건조,맑음,단일로 - 기타,승용,남,50세,상해없음,보행자,여,52세,중상
2016092200100033,2016년 9월 22일 03시,목요일,광주광역시 북구 풍향동,경상사고,0,0,2,0,차대차 - 기타,중앙선침범,건조,맑음,교차로 - 교차로부근,승용,남,28세,상해없음,승용,남,63세,경상
2016092200100074,2016년 9월 22일 07시,목요일,광주광역시 동구 지산동,경상사고,0,0,1,0,차대사람 - 횡단중,안전운전불이행,건조,맑음,단일로 - 기타,승용,여,50세,상해없음,보행자,여,21세,경상
2016092200100075,2016년 9월 22일 07시,목요일,광주광역시 광산구 장덕동,경상사고,0,0,1,0,차대차 - 측면직각충돌,차로위반,건조,맑음,단일로 - 기타,승용,남,56세,상해없음,화물,남,54세,경상
2016092200100118,2016년 9월 22일 08시,목요일,광주광역시 서구 풍암동,경상사고,0,0,1,0,차대차 - 정면충돌,교차로운행방법위반,건조,맑음,교차로 - 교차로안,승용,남,46세,상해없음,자전거,남,13세,경상
2016092200100151,2016년 9월 22일 09시,목요일,광주광역시 서구 치평동,경상사고,0,0,3,1,차대차 - 정면충돌,중앙선침범,건조,기타,교차로 - 교차로부근,승용,여,33세,부상신고,승용,여,31세,경상
2016092200100152,2016년 9월 22일 09시,목요일,광주광역시 광산구 우산동,경상사고,0,0,1,0,차대차 - 추돌,안전운전불이행,건조,맑음,교차로 - 교차로부근,승용,남,28세,기타불명,승용,남,54세,경상
2016092200100172,2016년 9월 22일 10시,목요일,광주광역시 북구 오치동,경상사고,0,0,2,0,차대차 - 측면충돌,신호위반,건조,맑음,교차로 - 교차로안,승용,여,45세,경상,승용,여,39세,경상
2016092200100173,2016년 9월 22일 10시,목요일,광주광역시 광산구 수완동,경상사고,0,0,1,0,차대사람 - 기타,안전운전불이행,건조,맑음,단일로 - 기타,승용,남,30세,상해없음,보행자,남,23세,경상
2016092200100200,2016년 9월 22일 11시,목요일,광주광역시 동구 소태동,중상사고,0,1,0,0,차량단독 - 전도전복,안전운전불이행,건조,맑음,단일로 - 터널,승용,남,24세,중상,,,,
2016092200100201,2016년 9월 22일 11시,목요일,광주광역시 서구 치평동,중상사고,0,1,0,0,차대차 - 기타,차로위반,건조,기타,단일로 - 기타,승용,남,42세,상해없음,이륜,남,23세,중상
2016092200100202,2016년 9월 22일 11시,목요일,광주광역시 서구 치평동,중상사고,0,1,0,0,차대차 - 측면충돌,안전운전불이행,건조,맑음,단일로 - 기타,승용,남,69세,상해없음,승용,남,48세,기타불명
2016092200100224,2016년 9월 22일 12시,목요일,광주광역시 광산구 월계동,경상사고,0,0,1,0,차대차 - 측면충돌,안전운전불이행,건조,맑음,단일로 - 기타,승용,남,67세,상해없음,이륜,남,23세,경상
2016092200100245,2016년 9월 22일 13시,목요일,광주광역시 서구 쌍촌동,경상사고,0,0,1,0,차대차 - 추돌,안전운전불이행,건조,맑음,교차로 - 교차로부근,승용,여,50세,상해없음,승용,남,34세,경상
2016092200100247,2016년 9월 22일 13시,목요일,광주광역시 북구 두암동,경상사고,0,0,2,0,차대차 - 정면충돌,교차로운행방법위반,건조,맑음,교차로 - 교차로안,이륜,남,25세,경상,화물,남,36세,경상
2016092200100248,2016년 9월 22일 13시,목요일,광주광역시 광산구 서봉동,중상사고,0,1,0,0,차대사람 - 길가장자리구역통행중,안전운전불이행,건조,맑음,교차로 - 교차로부근,승용,남,45세,상해없음,보행자,남,53세,중상
2016092200100326,2016년 9월 22일 16시,목요일,광주광역시 동구 소태동,경상사고,0,0,1,0,차대사람 - 횡단중,안전운전불이행,건조,맑음,단일로 - 기타,승용,여,59세,기타불명,보행자,남,13세,경상
2016092200100327,2016년 9월 22일 16시,목요일,광주광역시 광산구 신가동,경상사고,0,0,1,0,차대차 - 추돌,안전운전불이행,건조,맑음,교차로 - 교차로부근,화물,남,46세,기타불명,승용,여,27세,경상
2016092200100359,2016년 9월 22일 17시,목요일,광주광역시 광산구 고룡동,경상사고,0,0,2,0,차대차 - 측면직각충돌,교차로운행방법위반,건조,맑음,교차로 - 교차로안,승합,남,40세,경상,화물,남,48세,경상
2016092200100396,2016년 9월 22일 18시,목요일,광주광역시 동구 소태동,경상사고,0,0,1,0,차대차 - 측면직각충돌,안전거리미확보,건조,맑음,단일로 - 기타,화물,남,37세,상해없음,승용,남,28세,경상
2016092200100397,2016년 9월 22일 18시,목요일,광주광역시 서구 금호동,경상사고,0,0,1,0,차대사람 - 횡단중,안전운전불이행,건조,맑음,단일로 - 기타,승용,남,34세,상해없음,보행자,남,9세,경상
2016092200100398,2016년 9월 22일 18시,목요일,광주광역시 광산구 월계동,경상사고,0,0,2,0,차대차 - 측면직각충돌,직진우회전진행방해,건조,맑음,교차로 - 교차로안,승용,남,56세,기타불명,승용,여,28세,경상
2016092200100441,2016년 9월 22일 19시,목요일,광주광역시 북구 동림동,경상사고,0,0,1,0,차대차 - 측면충돌,신호위반,건조,맑음,교차로 - 교차로안,승용,남,54세,상해없음,승용,남,28세,경상
2016092200100442,2016년 9월 22일 19시,목요일,광주광역시 광산구 쌍암동,경상사고,0,0,1,0,차대차 - 기타,안전운전불이행,건조,맑음,교차로 - 교차로부근,승용,남,60세,상해없음,승용,남,53세,경상
2016092200100477,2016년 9월 22일 20시,목요일,광주광역시 북구 일곡동,경상사고,0,0,2,0,차대차 - 측면충돌,안전운전불이행,건조,맑음,교차로 - 교차로안,이륜,남,17세,경상,승용,남,41세,경상
2016092200100545,2016년 9월 22일 23시,목요일,광주광역시 동구 금남로5가,경상사고,0,0,1,0,차대차 - 측면직각충돌,신호위반,건조,맑음,단일로 - 횡단보도상,승용,남,52세,상해없음,자전거,여,21세,경상
2016092300100027,2016년 9월 23일 00시,금요일,광주광역시 북구 유동,중상사고,0,2,1,0,차대차 - 측면충돌,신호위반,건조,맑음,단일로 - 기타,승용,남,57세,상해없음,이륜,남,33세,중상
2016092300100059,2016년 9월 23일 03시,금요일,광주광역시 광산구 수완동,경상사고,0,0,1,0,차대차 - 측면직각충돌,안전운전불이행,건조,맑음,단일로 - 기타,기타불명,기타불명,기타불명,기타불명,승용,남,36세,경상
2016092300100068,2016년 9월 23일 04시,금요일,광주광역시 서구 치평동,경상사고,0,0,5,0,차대차 - 측면직각충돌,안전운전불이행,건조,맑음,단일로 - 기타,승용,남,69세,상해없음,승용,남,37세,경상
2016092300100114,2016년 9월 23일 07시,금요일,광주광역시 북구 신안동,경상사고,0,0,3,0,차대차 - 측면직각충돌,직진우회전진행방해,건조,맑음,교차로 - 교차로안,승용,여,43세,경상,승용,남,23세,경상
2016092300100158,2016년 9월 23일 08시,금요일,광주광역시 서구 쌍촌동,경상사고,0,0,3,0,차대차 - 정면충돌,안전운전불이행,건조,맑음,단일로 - 기타,승용,남,36세,경상,승용,남,24세,경상
2016092300100349,2016년 9월 23일 14시,금요일,광주광역시 북구 동림동,경상사고,0,0,4,0,차대차 - 기타,안전거리미확보,건조,맑음,단일로 - 기타,승용,남,54세,경상,건설기계,남,46세,경상
2016092300100381,2016년 9월 23일 15시,금요일,광주광역시 북구 중흥동,중상사고,0,1,0,0,차대차 - 측면직각충돌,안전운전불이행,건조,맑음,교차로 - 교차로안,승용,남,33세,상해없음,이륜,남,23세,중상
2016092300100415,2016년 9월 23일 16시,금요일,광주광역시 남구 양림동,경상사고,0,0,1,0,차대사람 - 횡단중,안전운전불이행,건조,맑음,교차로 - 교차로부근,승용,여,49세,상해없음,보행자,여,28세,경상
2016092300100416,2016년 9월 23일 16시,금요일,광주광역시 남구 백운동,경상사고,0,0,1,0,차대차 - 추돌,안전거리미확보,건조,맑음,단일로 - 기타,승용,남,63세,상해없음,승용,남,48세,경상
2016092300100417,2016년 9월 23일 16시,금요일,광주광역시 북구 오치동,경상사고,0,0,1,0,차대사람 - 횡단중,보행자보호의무위반,건조,맑음,교차로 - 교차로안,화물,남,64세,상해없음,보행자,남,7세,경상
2016092300100502,2016년 9월 23일 18시,금요일,광주광역시 광산구 장덕동,경상사고,0,0,1,0,차대차 - 측면충돌,안전운전불이행,건조,맑음,교차로 - 교차로부근,승용,남,32세,상해없음,승합,남,63세,기타불명
2016092300100503,2016년 9월 23일 18시,금요일,광주광역시 광산구 장수동,중상사고,0,3,1,0,차대차 - 측면직각충돌,과속,건조,맑음,교차로 - 교차로안,승용,남,24세,경상,승용,남,50세,중상
2016092300100574,2016년 9월 23일 20시,금요일,광주광역시 서구 쌍촌동,사망사고,1,0,0,0,차대차 - 기타,안전운전불이행,건조,맑음,단일로 - 기타,승용,남,27세,상해없음,이륜,남,26세,사망
2016092300100575,2016년 9월 23일 20시,금요일,광주광역시 북구 운암동,경상사고,0,0,1,0,차대차 - 정면충돌,안전거리미확보,건조,맑음,단일로 - 기타,승용,남,54세,상해없음,승용,남,59세,경상
2016092300100618,2016년 9월 23일 21시,금요일,광주광역시 남구 구동,사망사고,1,0,0,0,차대사람 - 횡단중,안전운전불이행,건조,맑음,단일로 - 기타,승용,여,64세,상해없음,보행자,여,82세,사망
2016092300100619,2016년 9월 23일 21시,금요일,광주광역시 광산구 신창동,경상사고,0,0,1,0,차대차 - 추돌,안전운전불이행,건조,맑음,교차로 - 교차로부근,승용,남,59세,상해없음,승용,여,26세,경상
2016092300100650,2016년 9월 23일 22시,금요일,광주광역시 동구 금남로3가,사망사고,1,0,2,0,차대사람 - 횡단중,안전운전불이행,건조,맑음,단일로 - 기타,승용,남,62세,상해없음,보행자,여,72세,사망