사고번호,사고일시,요일,시군구,사고내용,사망자수,중상자수,경상자수,부상신고자수,사고유형,법규위반,노면상태,기상상태,도로형태,가해운전자 차종,가해운전자 성별,가해운전자 연령,가해운전자 상해정도,피해운전자 차종,피해운전자 성별,피해운전자 연령,피해운전자 상해정도
2016092400100042,2016년 9월 24일 02시,토요일,광주광역시 북구 동림동,경상사고,0,0,1,0,차대차 - 측면충돌,신호위반,건조,맑음,단일로 - 횡단보도상,승용,남,48세,상해없음,승용,남,57세,경상
2016092400100043,2016년 9월 24일 02시,토요일,광주광역시 광산구 도천동,부상신고사고,0,0,0,1,차량단독 - 전도전복,안전운전불이행,건조,맑음,단일로 - 기타,이륜,남,38세,부상신고,,,,
2016092400100154,2016년 9월 24일 09시,토요일,광주광역시 남구 봉선동,경상사고,0,0,2,0,차대차 - 측면충돌,교차로운행방법위반,건조,맑음,교차로 - 교차로안,승용,여,68세,경상,승용,여,67세,상해없음
2016092400100190,2016년 9월 24일 10시,토요일,광주광역시 서구 금호동,경상사고,0,0,1,0,차량단독 - 기타,안전운전불이행,건조,맑음,단일로 - 기타,승합,남,44세,상해없음,,,,
2016092400100222,2016년 9월 24일 11시,토요일,광주광역시 남구 봉선동,경상사고,0,0,1,0,차대차 - 측면충돌,안전운전불이행,건조,맑음,단일로 - 기타,원동기,남,54세,상해없음,화물,남,48세,경상
2016092400100223,2016년 9월 24일 11시,토요일,광주광역시 광산구 하남동,경상사고,0,0,2,0,차대차 - 측면직각충돌,안전운전불이행,건조,맑음,교차로 - 교차로안,승용,여,56세,경상,승용,여,38세,경상
2016092400100258,2016년 9월 24일 12시,토요일,광주광역시 남구 백운동,경상사고,0,0,1,0,차대차 - 추돌,안전거리미확보,건조,맑음,단일로 - 기타,승용,남,26세,상해없음,승용,남,65세,경상
2016092400100259,2016년 9월 24일 12시,토요일,광주광역시 광산구 도산동,경상사고,0,0,1,0,차대차 - 측면충돌,안전운전불이행,건조,맑음,단일로 - 기타,화물,남,18세,상해없음,자전거,남,65세,경상
2016092400100298,2016년 9월 24일 13시,토요일,광주광역시 서구 치평동,경상사고,0,0,1,0,차대차 - 측면직각충돌,교차로운행방법위반,건조,맑음,교차로 - 교차로안,승용,여,54세,상해없음,승용,남,23세,경상
2016092400100299,2016년 9월 24일 13시,토요일,광주광역시 북구 오룡동,중상사고,0,1,0,0,차대차 - 측면직각충돌,신호위반,건조,맑음,교차로 - 교차로안,원동기,남,21세,중상,승용,남,44세,상해없음
2016092400100333,2016년 9월 24일 14시,토요일,광주광역시 서구 마륵동,경상사고,0,0,2,0,차대차 - 측면직각충돌,안전운전불이행,건조,맑음,교차로 - 교차로안,승용,남,67세,상해없음,승용,여,51세,경상
2016092400100334,2016년 9월 24일 14시,토요일,광주광역시 북구 용봉동,중상사고,0,1,0,0,차대차 - 기타,신호위반,건조,맑음,단일로 - 횡단보도상,승용,여,49세,상해없음,이륜,남,68세,중상
2016092400100412,2016년 9월 24일 16시,토요일,광주광역시 북구 용봉동,경상사고,0,0,1,0,차대차 - 측면직각충돌,교차로운행방법위반,건조,맑음,교차로 - 교차로안,승용,남,23세,상해없음,이륜,남,20세,경상
2016092400100413,2016년 9월 24일 16시,토요일,광주광역시 광산구 월곡동,경상사고,0,0,1,0,차대차 - 측면충돌,교차로운행방법위반,건조,맑음,교차로 - 교차로안,승용,여,40세,상해없음,승용,남,46세,상해없음
2016092400100461,2016년 9월 24일 17시,토요일,광주광역시 북구 문흥동,경상사고,0,0,3,0,차대차 - 측면직각충돌,신호위반,건조,맑음,교차로 - 교차로안,승용,여,54세,경상,승용,남,35세,경상
2016092400100503,2016년 9월 24일 18시,토요일,광주광역시 북구 운암동,경상사고,0,0,1,0,차대차 - 추돌,안전운전불이행,건조,맑음,단일로 - 기타,승용,남,58세,상해없음,승용,여,51세,경상
2016092400100504,2016년 9월 24일 18시,토요일,광주광역시 광산구 월곡동,경상사고,0,0,1,0,차대차 - 추돌,안전운전불이행,건조,맑음,단일로 - 기타,승용,남,44세,상해없음,승용,남,45세,기타불명
2016092400100543,2016년 9월 24일 19시,토요일,광주광역시 서구 농성동,경상사고,0,0,4,0,차대차 - 측면직각충돌,차로위반,건조,맑음,교차로 - 교차로안,승용,남,62세,경상,승용,여,39세,경상
2016092400100606,2016년 9월 24일 21시,토요일,광주광역시 광산구 신가동,경상사고,0,0,1,0,차대차 - 기타,신호위반,건조,맑음,교차로 - 교차로안,이륜,남,17세,상해없음,승용,남,28세,경상
2016092400100634,2016년 9월 24일 22시,토요일,광주광역시 서구 풍암동,경상사고,0,0,1,0,차대차 - 측면직각충돌,교차로운행방법위반,건조,맑음,교차로 - 교차로부근,승용,남,26세,기타불명,승용,남,24세,경상
2016092400100660,2016년 9월 24일 23시,토요일,광주광역시 서구 치평동,중상사고,0,1,6,0,차대차 - 추돌,안전운전불이행,건조,맑음,단일로 - 기타,승용,남,37세,상해없음,승용,남,36세,경상
2016092400100661,2016년 9월 24일 23시,토요일,광주광역시 남구 봉선동,중상사고,0,1,0,0,차대차 - 정면충돌,교차로운행방법위반,건조,맑음,교차로 - 교차로안,승용,남,40세,상해없음,원동기,남,23세,중상
2016092400100662,2016년 9월 24일 23시,토요일,광주광역시 북구 신안동,경상사고,0,0,2,0,차대차 - 측면직각충돌,안전거리미확보,건조,맑음,단일로 - 기타,승용,남,22세,상해없음,승용,여,29세,경상
2016092500100071,2016년 9월 25일 05시,일요일,광주광역시 광산구 월계동,경상사고,0,0,2,0,차대차 - 추돌,안전운전불이행,건조,맑음,단일로 - 기타,승용,남,33세,상해없음,승용,남,53세,경상
2016092500100200,2016년 9월 25일 12시,일요일,광주광역시 서구 화정동,중상사고,0,2,5,0,차대차 - 측면직각충돌,안전운전불이행,건조,맑음,단일로 - 기타,승용,남,35세,경상,승용,여,54세,중상
2016092500100201,2016년 9월 25일 12시,일요일,광주광역시 북구 용두동,중상사고,0,1,0,0,차대사람 - 횡단중,안전운전불이행,건조,맑음,단일로 - 기타,승용,남,73세,상해없음,보행자,여,46세,중상
2016092500100309,2016년 9월 25일 15시,일요일,광주광역시 북구 두암동,경상사고,0,0,1,0,차대차 - 기타,안전운전불이행,건조,맑음,단일로 - 기타,승용,남,47세,상해없음,이륜,남,41세,경상
2016092500100514,2016년 9월 25일 22시,일요일,광주광역시 광산구 신창동,경상사고,0,0,1,0,차대차 - 측면직각충돌,안전거리미확보,건조,맑음,단일로 - 기타,승용,남,33세,상해없음,원동기,남,39세,경상
2016092600100119,2016년 9월 26일 08시,월요일,광주광역시 서구 광천동,경상사고,0,0,2,0,차대차 - 측면직각충돌,교차로운행방법위반,건조,맑음,교차로 - 교차로부근,승용,남,39세,경상,승용,남,40세,경상
2016092600100120,2016년 9월 26일 08시,월요일,광주광역시 북구 운암동,경상사고,0,0,1,0,차대차 - 측면직각충돌,신호위반,건조,맑음,교차로 - 교차로안,승용,여,29세,상해없음,승용,남,45세,경상
2016092600100152,2016년 9월 26일 09시,월요일,광주광역시 동구 산수동,경상사고,0,0,2,0,차대차 - 추돌,안전운전불이행,건조,맑음,단일로 - 기타,승용,남,58세,상해없음,승용,여,34세,경상
2016092600100153,2016년 9월 26일 09시,월요일,광주광역시 북구 양산동,부상신고사고,0,0,0,1,차대차 - 측면충돌,안전운전불이행,건조,맑음,단일로 - 기타,자전거,남,25세,부상신고,승용,남,50세,상해없음
2016092600100243,2016년 9월 26일 12시,월요일,광주광역시 동구 궁동,경상사고,0,0,1,0,차대사람 - 기타,기타,습기,비,단일로 - 횡단보도부근,승합,남,64세,상해없음,보행자,여,76세,경상
2016092600100244,2016년 9월 26일 12시,월요일,광주광역시 서구 동천동,경상사고,0,0,2,0,차대차 - 기타,안전운전불이행,건조,맑음,단일로 - 기타,화물,남,41세,경상,승용,여,58세,경상
2016092600100282,2016년 9월 26일 13시,월요일,광주광역시 동구 동명동,중상사고,0,1,0,0,차대사람 - 차도통행중,안전운전불이행,건조,흐림,교차로 - 교차로안,승용,여,41세,상해없음,보행자,여,38세,중상
2016092600100283,2016년 9월 26일 13시,월요일,광주광역시 동구 산수동,중상사고,0,1,0,0,차대차 - 측면직각충돌,신호위반,건조,맑음,교차로 - 교차로안,승용,남,40세,중상,승용,남,25세,상해없음
2016092600100284,2016년 9월 26일 13시,월요일,광주광역시 동구 산수동,경상사고,0,0,1,0,차대차 - 기타,안전운전불이행,건조,맑음,단일로 - 기타,화물,남,68세,상해없음,승용,여,35세,경상
2016092600100285,2016년 9월 26일 13시,월요일,광주광역시 북구 용봉동,경상사고,0,0,3,0,차대차 - 측면직각충돌,안전거리미확보,건조,맑음,단일로 - 기타,승용,남,57세,상해없음,승용,남,23세,상해없음
2016092600100436,2016년 9월 26일 17시,월요일,광주광역시 광산구 장덕동,부상신고사고,0,0,0,1,차량단독 - 전도전복,안전운전불이행,건조,맑음,교차로 - 교차로안,원동기,남,21세,부상신고,,,,
2016092600100437,2016년 9월 26일 17시,월요일,광주광역시 광산구 수완동,경상사고,0,0,3,0,차대차 - 측면직각충돌,교차로운행방법위반,건조,맑음,교차로 - 교차로안,승용,여,40세,경상,이륜,남,19세,경상
2016092600100438,2016년 9월 26일 17시,월요일,광주광역시 광산구 등임동,경상사고,0,0,3,0,차대차 - 측면직각충돌,안전운전불이행,건조,맑음,교차로 - 교차로안,승용,여,59세,경상,승용,남,45세,경상
2016092600100605,2016년 9월 26일 21시,월요일,광주광역시 서구 금호동,경상사고,0,0,1,0,차대차 - 기타,안전거리미확보,습기,비,교차로 - 교차로부근,승용,남,25세,상해없음,원동기,남,17세,경상
2016092600100606,2016년 9월 26일 21시,월요일,광주광역시 서구 치평동,경상사고,0,0,3,0,차대차 - 측면직각충돌,안전운전불이행,습기,비,교차로 - 교차로안,승용,남,33세,상해없음,승용,남,45세,경상
2016092600100639,2016년 9월 26일 22시,월요일,광주광역시 서구 치평동,경상사고,0,0,1,0,차대차 - 정면충돌,안전운전불이행,건조,맑음,교차로 - 교차로안,승용,여,35세,상해없음,승용,남,23세,경상
2016092600100640,2016년 9월 26일 22시,월요일,광주광역시 북구 운암동,경상사고,0,0,2,0,차대차 - 기타,안전운전불이행,습기,비,단일로 - 기타,승합,여,57세,상해없음,승용,남,60세,경상
2016092600100673,2016년 9월 26일 23시,월요일,광주광역시 광산구 우산동,중상사고,0,1,1,0,차대차 - 정면충돌,중앙선침범,건조,맑음,단일로 - 기타,승용,남,47세,경상,승용,여,26세,중상
2016092700100015,2016년 9월 27일 00시,화요일,광주광역시 서구 화정동,경상사고,0,0,4,0,차대차 - 기타,중앙선침범,습기,비,단일로 - 기타,기타불명,기타불명,기타불명,기타불명,승용,남,53세,경상
2016092700100016,2016년 9월 27일 00시,화요일,광주광역시 북구 우산동,경상사고,0,0,3,0,차대차 - 정면충돌,안전운전불이행,건조,맑음,단일로 - 기타,승용,남,48세,상해없음,승용,남,30세,경상
2016092700100025,2016년 9월 27일 01시,화요일,광주광역시 북구 신안동,중상사고,0,1,0,0,차대사람 - 횡단중,안전운전불이행,건조,맑음,단일로 - 기타,승용,남,24세,상해없음,보행자,남,54세,중상
2016092700100039,2016년 9월 27일 04시,화요일,광주광역시 북구 문흥동,중상사고,0,1,0,0,차대사람 - 횡단중,보행자보호의무위반,건조,맑음,교차로 - 교차로안,승용,여,52세,상해없음,보행자,여,55세,중상
2016092700100128,2016년 9월 27일 08시,화요일,광주광역시 광산구 하산동,경상사고,0,0,1,0,차대차 - 추돌,안전거리미확보,건조,맑음,단일로 - 기타,화물,남,70세,상해없음,승용,남,27세,경상
2016092700100162,2016년 9월 27일 09시,화요일,광주광역시 북구 신안동,경상사고,0,0,1,0,차대차 - 기타,안전운전불이행,건조,맑음,단일로 - 기타,원동기,남,58세,상해없음,승합,남,48세,상해없음
2016092700100163,2016년 9월 27일 09시,화요일,광주광역시 광산구 쌍암동,경상사고,0,0,1,0,차대차 - 추돌,안전거리미확보,건조,맑음,단일로 - 기타,승용,여,53세,상해없음,승용,남,59세,경상
2016092700100201,2016년 9월 27일 10시,화요일,광주광역시 남구 방림동,중상사고,0,1,0,0,차대차 - 기타,안전운전불이행,건조,맑음,교차로 - 교차로안,승용,기타불명,기타불명,기타불명,자전거,남,45세,중상
2016092700100202,2016년 9월 27일 10시,화요일,광주광역시 광산구 신창동,경상사고,0,0,4,0,차대차 - 측면충돌,교차로운행방법위반,건조,맑음,교차로 - 교차로안,승용,남,43세,경상,화물,남,54세,경상
2016092700100230,2016년 9월 27일 11시,화요일,광주광역시 북구 운암동,경상사고,0,0,4,0,차대차 - 추돌,안전거리미확보,건조,맑음,단일로 - 기타,승용,남,64세,상해없음,승용,여,35세,경상
2016092700100378,2016년 9월 27일 15시,화요일,광주광역시 북구 연제동,경상사고,0,0,2,0,차대차 - 추돌,교차로운행방법위반,건조,맑음,교차로 - 교차로부근,승용,여,23세,상해없음,승용,남,53세,경상
2016092700100421,2016년 9월 27일 16시,화요일,광주광역시 광산구 신가동,경상사고,0,0,1,0,차대차 - 측면충돌,안전운전불이행,건조,맑음,교차로 - 교차로부근,승합,남,55세,상해없음,자전거,남,11세,경상
2016092700100482,2016년 9월 27일 17시,화요일,광주광역시 남구 봉선동,경상사고,0,0,2,0,차대차 - 추돌,교차로운행방법위반,건조,맑음,교차로 - 교차로안,승용,남,71세,상해없음,승용,여,43세,경상
2016092700100530,2016년 9월 27일 18시,화요일,광주광역시 광산구 신창동,경상사고,0,0,1,0,차대차 - 측면직각충돌,직진우회전진행방해,건조,맑음,교차로 - 교차로안,승용,남,33세,상해없음,승용,여,48세,경상
2016092700100577,2016년 9월 27일 19시,화요일,광주광역시 서구 양동,중상사고,0,1,0,0,차대사람 - 횡단중,안전운전불이행,건조,맑음,단일로 - 기타,승용,남,59세,상해없음,보행자,남,80세,중상
2016092700100578,2016년 9월 27일 19시,화요일,광주광역시 북구 풍향동,경상사고,0,0,2,0,차대차 - 정면충돌,안전운전불이행,건조,맑음,단일로 - 기타,승용,남,62세,기타불명,승용,여,28세,경상
2016092700100579,2016년 9월 27일 19시,화요일,광주광역시 광산구 신창동,중상사고,0,2,0,0,차대차 - 측면충돌,중앙선침범,습기,비,단일로 - 기타,승용,여,47세,중상,승용,여,54세,중상
2016092700100612,2016년 9월 27일 20시,화요일,광주광역시 광산구 옥동,경상사고,0,0,1,0,차대차 - 측면직각충돌,신호위반,건조,맑음,교차로 - 교차로안,승용,남,26세,상해없음,승합,남,32세,경상
2016092700100613,2016년 9월 27일 20시,화요일,광주광역시 광산구 장덕동,경상사고,0,0,8,2,차대차 - 측면충돌,교차로운행방법위반,건조,맑음,교차로 - 교차로안,승합,남,39세,경상,승용,남,62세,경상
2016092700100614,2016년 9월 27일 20시,화요일,광주광역시 광산구 우산동,부상신고사고,0,0,0,4,차대차 - 추돌,안전운전불이행,건조,맑음,단일로 - 기타,승용,남,45세,상해없음,승용,남,40세,부상신고
2016092700100692,2016년 9월 27일 22시,화요일,광주광역시 동구 동명동,경상사고,0,0,4,0,차대차 - 추돌,안전운전불이행,건조,맑음,단일로 - 기타,승용,남,24세,상해없음,승용,남,57세,경상
2016092700100720,2016년 9월 27일 23시,화요일,광주광역시 서구 화정동,경상사고,0,0,7,0,차대차 - 추돌,안전운전불이행,건조,맑음,교차로 - 교차로부근,승용,남,44세,상해없음,승용,남,71세,경상
2016092800100023,2016년 9월 28일 00시,수요일,광주광역시 서구 치평동,경상사고,0,0,1,0,차대차 - 기타,안전운전불이행,건조,맑음,교차로 - 교차로안,승용,남,56세,상해없음,승용,남,30세,경상
2016092800100037,2016년 9월 28일 01시,수요일,광주광역시 서구 치평동,경상사고,0,0,5,0,차대차 - 측면직각충돌,교차로운행방법위반,건조,맑음,교차로 - 교차로안,승용,남,60세,상해없음,승용,여,26세,경상
2016092800100053,2016년 9월 28일 02시,수요일,광주광역시 남구 백운동,사망사고,1,0,0,0,차대사람 - 기타,과속,건조,맑음,단일로 - 기타,승용,남,66세,상해없음,보행자,여,52세,사망
2016092800100054,2016년 9월 28일 02시,수요일,광주광역시 북구 신안동,경상사고,0,0,3,0,차대차 - 추돌,안전운전불이행,건조,맑음,단일로 - 기타,승용,남,57세,상해없음,승용,남,44세,상해없음
2016092800100100,2016년 9월 28일 06시,수요일,광주광역시 남구 월산동,경상사고,0,0,1,0,차대차 - 측면직각충돌,교차로운행방법위반,건조,맑음,교차로 - 교차로안,승용,남,63세,상해없음,승용,남,67세,경상
2016092800100126,2016년 9월 28일 07시,수요일,광주광역시 북구 두암동,경상사고,0,0,2,0,차대차 - 측면직각충돌,직진우회전진행방해,건조,흐림,교차로 - 교차로안,승용,남,66세,경상,승용,여,49세,경상
2016092800100159,2016년 9월 28일 08시,수요일,광주광역시 동구 학동,경상사고,0,0,1,0,차대차 - 기타,차로위반,건조,맑음,단일로 - 기타,승용,여,51세,상해없음,승용,남,61세,상해없음
2016092800100160,2016년 9월 28일 08시,수요일,광주광역시 북구 두암동,경상사고,0,0,1,0,차대사람 - 횡단중,안전운전불이행,건조,맑음,단일로 - 기타,승용,여,48세,상해없음,보행자,여,13세,경상
2016092800100188,2016년 9월 28일 09시,수요일,광주광역시 북구 신용동,경상사고,0,0,1,0,차대차 - 추돌,안전운전불이행,건조,맑음,단일로 - 기타,건설기계,남,62세,상해없음,화물,남,42세,경상
2016092800100239,2016년 9월 28일 11시,수요일,광주광역시 광산구 우산동,사망사고,1,0,0,0,차량단독 - 공작물충돌,안전운전불이행,습기,비,단일로 - 기타,화물,남,56세,사망,,,,
2016092800100292,2016년 9월 28일 13시,수요일,광주광역시 서구 내방동,경상사고,0,0,1,0,차대사람 - 기타,안전운전불이행,습기,비,단일로 - 기타,승용,남,53세,상해없음,보행자,여,22세,경상
2016092800100293,2016년 9월 28일 13시,수요일,광주광역시 서구 쌍촌동,중상사고,0,1,0,0,차대차 - 추돌,안전거리미확보,습기,비,교차로 - 교차로부근,화물,남,70세,상해없음,승용,남,37세,중상
2016092800100294,2016년 9월 28일 13시,수요일,광주광역시 북구 본촌동,경상사고,0,0,1,0,차대차 - 기타,안전운전불이행,습기,비,단일로 - 기타,승용,남,36세,상해없음,이륜,남,33세,경상
2016092800100365,2016년 9월 28일 15시,수요일,광주광역시 동구 학동,중상사고,0,1,1,0,차대차 - 측면직각충돌,교차로운행방법위반,습기,비,교차로 - 교차로안,승합,남,64세,상해없음,원동기,남,55세,중상
2016092800100366,2016년 9월 28일 15시,수요일,광주광역시 북구 연제동,경상사고,0,0,2,0,차대차 - 측면직각충돌,안전운전불이행,건조,맑음,단일로 - 기타,승합,남,54세,상해없음,승용,여,41세,경상
2016092800100397,2016년 9월 28일 16시,수요일,광주광역시 서구 양동,경상사고,0,0,1,0,차대차 - 측면직각충돌,차로위반,습기,비,단일로 - 기타,이륜,남,45세,경상,화물,남,47세,상해없음
2016092800100488,2016년 9월 28일 18시,수요일,광주광역시 서구 화정동,경상사고,0,0,1,0,차대차 - 측면직각충돌,교차로운행방법위반,습기,비,교차로 - 교차로안,승용,남,48세,상해없음,이륜,남,19세,경상
2016092800100489,2016년 9월 28일 18시,수요일,광주광역시 남구 봉선동,경상사고,0,0,1,0,차대사람 - 횡단중,보행자보호의무위반,건조,맑음,교차로 - 교차로부근,승용,남,35세,상해없음,보행자,남,29세,경상
2016092800100490,2016년 9월 28일 18시,수요일,광주광역시 북구 동림동,경상사고,0,0,2,0,차대차 - 측면충돌,교차로운행방법위반,건조,맑음,교차로 - 교차로안,승용,남,54세,상해없음,승용,여,46세,경상
2016092800100532,2016년 9월 28일 19시,수요일,광주광역시 북구 운암동,경상사고,0,0,1,0,차대차 - 추돌,안전거리미확보,습기,비,단일로 - 기타,승용,남,68세,상해없음,승용,여,36세,경상
2016092800100570,2016년 9월 28일 20시,수요일,광주광역시 광산구 신가동,부상신고사고,0,0,0,1,차대차 - 측면충돌,안전운전불이행,습기,비,단일로 - 기타,이륜,남,20세,부상신고,승용,여,53세,상해없음
2016092800100607,2016년 9월 28일 21시,수요일,광주광역시 서구 유촌동,경상사고,0,0,3,0,차대차 - 추돌,안전운전불이행,습기,비,교차로 - 교차로부근,화물,남,46세,상해없음,승용,여,34세,경상
2016092800100636,2016년 9월 28일 22시,수요일,광주광역시 광산구 신촌동,경상사고,0,0,1,0,차대사람 - 횡단중,안전운전불이행,건조,맑음,단일로 - 기타,승용,기타불명,기타불명,기타불명,보행자,여,61세,경상
2016092900100078,2016년 9월 29일 05시,목요일,광주광역시 동구 소태동,경상사고,0,0,1,0,차대사람 - 횡단중,안전운전불이행,습기,비,교차로 - 교차로안,승용,남,63세,상해없음,보행자,남,56세,경상
2016092900100079,2016년 9월 29일 05시,목요일,광주광역시 동구 계림동,경상사고,0,0,2,0,차대차 - 기타,중앙선침범,습기,비,교차로 - 교차로부근,승용,여,59세,상해없음,승용,남,55세,경상
2016092900100095,2016년 9월 29일 06시,목요일,광주광역시 서구 광천동,부상신고사고,0,0,0,2,차대차 - 추돌,안전운전불이행,습기,비,단일로 - 기타,승용,남,58세,상해없음,승용,여,49세,부상신고
2016092900100115,2016년 9월 29일 07시,목요일,광주광역시 동구 동명동,경상사고,0,0,1,0,차대차 - 추돌,안전운전불이행,건조,맑음,교차로 - 교차로안,승용,남,50세,상해없음,승용,남,52세,경상
2016092900100116,2016년 9월 29일 07시,목요일,광주광역시 서구 벽진동,경상사고,0,0,1,0,차대차 - 측면충돌,차로위반,건조,맑음,단일로 - 기타,승용,여,62세,상해없음,화물,남,52세,경상
2016092900100117,2016년 9월 29일 07시,목요일,광주광역시 서구 광천동,경상사고,0,0,1,0,차대차 - 측면직각충돌,안전거리미확보,건조,맑음,단일로 - 기타,기타불명,기타불명,기타불명,기타불명,승용,남,56세,경상
2016092900100156,2016년 9월 29일 08시,목요일,광주광역시 남구 주월동,경상사고,0,0,2,0,차대차 - 기타,교차로운행방법위반,건조,맑음,교차로 - 교차로안,승용,남,46세,상해없음,승용,남,45세,경상
2016092900100319,2016년 9월 29일 13시,목요일,광주광역시 북구 본촌동,경상사고,0,0,2,0,차대차 - 측면충돌,안전운전불이행,건조,맑음,단일로 - 기타,승용,여,30세,상해없음,승용,여,50세,상해없음
2016092900100355,2016년 9월 29일 14시,목요일,광주광역시 북구 대촌동,경상사고,0,0,2,0,차대차 - 측면충돌,중앙선침범,건조,맑음,단일로 - 기타,화물,남,49세,상해없음,승용,남,53세,경상
2016092900100393,2016년 9월 29일 15시,목요일,광주광역시 광산구 산월동,경상사고,0,0,1,0,차대차 - 측면직각충돌,신호위반,건조,맑음,단일로 - 횡단보도상,승용,남,67세,상해없음,자전거,남,9세,경상
2016092900100461,2016년 9월 29일 17시,목요일,광주광역시 광산구 선암동,경상사고,0,0,2,0,차대차 - 추돌,안전운전불이행,건조,맑음,교차로 - 교차로부근,승용,남,53세,상해없음,화물,남,52세,경상
2016092900100462,2016년 9월 29일 17시,목요일,광주광역시 광산구 신가동,경상사고,0,0,1,0,차대차 - 추돌,안전운전불이행,건조,맑음,단일로 - 기타,화물,남,50세,상해없음,승용,남,46세,경상
2016092900100503,2016년 9월 29일 18시,목요일,광주광역시 광산구 수완동,경상사고,0,0,1,0,차대차 - 측면직각충돌,안전거리미확보,건조,맑음,단일로 - 기타,승용,여,54세,상해없음,승용,남,48세,경상
2016092900100537,2016년 9월 29일 19시,목요일,광주광역시 북구 임동,경상사고,0,0,1,0,차대차 - 측면직각충돌,신호위반,건조,맑음,교차로 - 교차로안,자전거,남,69세,경상,화물,남,43세,상해없음
2016092900100603,2016년 9월 29일 21시,목요일,광주광역시 남구 백운동,경상사고,0,0,2,0,차대차 - 정면충돌,교차로운행방법위반,건조,흐림,교차로 - 교차로안,승용,여,26세,경상,승합,남,46세,상해없음
2016092900100604,2016년 9월 29일 21시,목요일,광주광역시 북구 중흥동,중상사고,0,1,0,0,차대사람 - 횡단중,안전운전불이행,건조,맑음,단일로 - 기타,승용,남,54세,상해없음,보행자,남,64세,중상
2016092900100652,2016년 9월 29일 23시,목요일,광주광역시 남구 노대동,경상사고,0,0,1,0,차대차 - 추돌,안전운전불이행,건조,맑음,단일로 - 기타,승용,남,62세,상해없음,승용,남,25세,경상
2016092900100653,2016년 9월 29일 23시,목요일,광주광역시 남구 백운동,경상사고,0,0,1,0,차대차 - 추돌,안전운전불이행,건조,맑음,단일로 - 기타,승용,남,19세,상해없음,승용,남,54세,경상
2016092900100654,2016년 9월 29일 23시,목요일,광주광역시 북구 유동,경상사고,0,0,7,0,차대차 - 측면직각충돌,안전운전불이행,건조,맑음,단일로 - 기타,승용,남,27세,경상,승용,남,35세,경상
2016093000100019,2016년 9월 30일 00시,금요일,광주광역시 광산구 송정동,경상사고,0,0,1,0,차대사람 - 기타,안전운전불이행,습기,비,교차로 - 교차로부근,승용,남,51세,상해없음,보행자,여,48세,경상
2016093000100045,2016년 9월 30일 03시,금요일,광주광역시 서구 화정동,사망사고,1,0,0,0,차대사람 - 횡단중,신호위반,습기,비,단일로 - 횡단보도상,승용,남,44세,상해없음,보행자,남,90세 이상,사망
2016093000100055,2016년 9월 30일 04시,금요일,광주광역시 북구 운암동,중상사고,0,3,0,0,차대차 - 추돌,안전거리미확보,습기,비,단일로 - 기타,승용,여,60세,상해없음,승용,남,30세,중상
2016093000100089,2016년 9월 30일 06시,금요일,광주광역시 서구 광천동,중상사고,0,1,0,0,차대사람 - 횡단중,신호위반,습기,비,교차로 - 교차로부근,승용,남,23세,상해없음,보행자,남,52세,중상
2016093000100114,2016년 9월 30일 07시,금요일,광주광역시 남구 진월동,경상사고,0,0,1,0,차대차 - 측면직각충돌,불법유턴,습기,비,단일로 - 기타,승용,남,52세,상해없음,승용,남,43세,경상
2016093000100159,2016년 9월 30일 08시,금요일,광주광역시 남구 월산동,경상사고,0,0,1,0,차대차 - 기타,교차로운행방법위반,습기,비,교차로 - 교차로안,승용,남,56세,상해없음,승용,남,37세,경상
2016093000100160,2016년 9월 30일 08시,금요일,광주광역시 북구 우산동,경상사고,0,0,10,0,차대차 - 기타,교차로운행방법위반,습기,비,교차로 - 교차로안,승용,여,47세,경상,승합,남,50세,경상
2016093000100161,2016년 9월 30일 08시,금요일,광주광역시 광산구 장덕동,경상사고,0,0,1,0,차대차 - 추돌,안전운전불이행,습기,비,단일로 - 기타,특수,남,57세,상해없음,승용,여,34세,경상
2016093000100194,2016년 9월 30일 09시,금요일,광주광역시 남구 방림동,경상사고,0,0,1,0,차대차 - 측면충돌,안전거리미확보,습기,흐림,단일로 - 기타,승합,남,68세,상해없음,승용,남,23세,경상
2016093000100223,2016년 9월 30일 10시,금요일,광주광역시 서구 화정동,경상사고,0,0,1,0,차대차 - 측면직각충돌,안전거리미확보,건조,맑음,교차로 - 교차로안,승용,여,38세,상해없음,승합,남,47세,경상
2016093000100243,2016년 9월 30일 11시,금요일,광주광역시 서구 화정동,경상사고,0,0,1,0,차대차 - 측면직각충돌,불법유턴,습기,비,단일로 - 기타,승용,남,59세,상해없음,승용,여,52세,경상
2016093000100244,2016년 9월 30일 11시,금요일,광주광역시 서구 금호동,경상사고,0,0,1,0,차대차 - 추돌,안전운전불이행,습기,비,교차로 - 교차로부근,승용,남,77세,상해없음,승용,남,59세,경상
2016093000100245,2016년 9월 30일 11시,금요일,광주광역시 남구 압촌동,경상사고,0,0,2,0,차대차 - 측면직각충돌,교차로운행방법위반,습기,흐림,교차로 - 교차로안,화물,남,58세,상해없음,승합,남,60세,경상