사고번호,사고일시,요일,시군구,사고내용,사망자수,중상자수,경상자수,부상신고자수,사고유형,법규위반,노면상태,기상상태,도로형태,가해운전자 차종,가해운전자 성별,가해운전자 연령,가해운전자 상해정도,피해운전자 차종,피해운전자 성별,피해운전자 연령,피해운전자 상해정도
2016093000100246,2016년 9월 30일 11시,금요일,광주광역시 북구 운암동,중상사고,0,1,0,0,차대차 - 기타,신호위반,습기,비,교차로 - 교차로부근,승용,남,68세,상해없음,자전거,남,73세,중상
2016093000100247,2016년 9월 30일 11시,금요일,광주광역시 광산구 우산동,경상사고,0,0,2,0,차대차 - 측면충돌,안전운전불이행,습기,비,단일로 - 기타,승용,남,41세,상해없음,승용,남,57세,경상
2016093000100375,2016년 9월 30일 15시,금요일,광주광역시 서구 쌍촌동,중상사고,0,2,1,0,차대차 - 정면충돌,안전운전불이행,건조,맑음,단일로 - 기타,승용,여,69세,중상,승용,남,28세,경상
2016093000100376,2016년 9월 30일 15시,금요일,광주광역시 광산구 산정동,경상사고,0,0,1,0,차대차 - 추돌,안전운전불이행,습기,비,교차로 - 교차로부근,승용,남,65세,상해없음,승용,여,25세,경상
2016093000100459,2016년 9월 30일 17시,금요일,광주광역시 북구 중흥동,경상사고,0,0,1,0,차대차 - 측면직각충돌,안전운전불이행,습기,비,단일로 - 기타,승용,여,37세,상해없음,이륜,남,20세,경상
2016093000100618,2016년 9월 30일 20시,금요일,광주광역시 남구 백운동,경상사고,0,0,2,0,차대차 - 추돌,안전거리미확보,습기,비,단일로 - 기타,승용,여,30세,상해없음,승용,남,36세,경상
2016093000100619,2016년 9월 30일 20시,금요일,광주광역시 광산구 우산동,경상사고,0,0,1,0,차대차 - 정면충돌,신호위반,습기,비,교차로 - 교차로안,승용,남,61세,상해없음,승용,남,34세,경상
2016093000100661,2016년 9월 30일 21시,금요일,광주광역시 남구 방림동,중상사고,0,1,0,0,차대차 - 측면충돌,신호위반,습기,비,교차로 - 교차로안,승용,여,42세,상해없음,원동기,남,58세,중상
2016093000100695,2016년 9월 30일 22시,금요일,광주광역시 서구 풍암동,경상사고,0,0,1,0,차대차 - 기타,안전운전불이행,습기,비,교차로 - 교차로안,이륜,남,19세,경상,승용,여,38세,상해없음
2016100100100032,2016년 10월 1일 00시,토요일,광주광역시 광산구 도천동,경상사고,0,0,5,0,차대차 - 추돌,안전거리미확보,습기,비,단일로 - 기타,승용,남,44세,상해없음,승용,남,52세,경상
2016100100100033,2016년 10월 1일 00시,토요일,광주광역시 광산구 신창동,중상사고,0,1,0,0,차대차 - 측면직각충돌,신호위반,습기,맑음,교차로 - 교차로안,승용,남,29세,상해없음,승용,남,53세,중상
2016100100100052,2016년 10월 1일 01시,토요일,광주광역시 서구 치평동,경상사고,0,0,1,0,차대차 - 추돌,안전운전불이행,건조,맑음,교차로 - 교차로안,승용,남,52세,상해없음,승용,남,26세,경상
2016100100100069,2016년 10월 1일 02시,토요일,광주광역시 서구 치평동,경상사고,0,0,5,0,차대차 - 기타,안전운전불이행,습기,비,교차로 - 교차로부근,승용,남,46세,상해없음,승용,남,49세,경상
2016100100100070,2016년 10월 1일 02시,토요일,광주광역시 광산구 쌍암동,경상사고,0,0,1,0,차대사람 - 길가장자리구역통행중,안전운전불이행,습기,비,교차로 - 교차로안,승용,남,50세,상해없음,보행자,남,42세,경상
2016100100100104,2016년 10월 1일 04시,토요일,광주광역시 광산구 월계동,경상사고,0,0,2,0,차대차 - 추돌,안전운전불이행,습기,흐림,교차로 - 교차로부근,승용,남,21세,상해없음,승용,여,50세,경상
2016100100100207,2016년 10월 1일 09시,토요일,광주광역시 서구 치평동,경상사고,0,0,2,0,차대차 - 추돌,안전운전불이행,건조,맑음,교차로 - 교차로부근,승용,남,33세,상해없음,승용,여,36세,경상
2016100100100208,2016년 10월 1일 09시,토요일,광주광역시 북구 우산동,중상사고,0,1,0,0,차대사람 - 횡단중,안전운전불이행,건조,맑음,단일로 - 기타,건설기계,남,65세,상해없음,보행자,여,60세,중상
2016100100100209,2016년 10월 1일 09시,토요일,광주광역시 광산구 본덕동,경상사고,0,0,1,0,차량단독 - 전도전복,안전운전불이행,습기,비,단일로 - 기타,승용,남,32세,경상,,,,
2016100100100231,2016년 10월 1일 10시,토요일,광주광역시 광산구 도산동,경상사고,0,0,1,0,차대차 - 추돌,안전거리미확보,건조,맑음,단일로 - 기타,승용,남,57세,상해없음,화물,남,60세,경상
2016100100100286,2016년 10월 1일 12시,토요일,광주광역시 광산구 신가동,중상사고,0,1,0,0,차대사람 - 길가장자리구역통행중,안전운전불이행,건조,흐림,단일로 - 기타,승용,남,78세,상해없음,보행자,남,57세,중상
2016100100100287,2016년 10월 1일 12시,토요일,광주광역시 광산구 도산동,경상사고,0,0,1,0,차대차 - 측면직각충돌,중앙선침범,건조,맑음,단일로 - 기타,승합,남,66세,상해없음,승용,남,42세,경상
2016100100100321,2016년 10월 1일 13시,토요일,광주광역시 북구 신안동,경상사고,0,0,1,1,차대차 - 측면직각충돌,교차로운행방법위반,건조,맑음,교차로 - 교차로안,승용,남,37세,상해없음,승용,남,57세,경상
2016100100100429,2016년 10월 1일 16시,토요일,광주광역시 북구 운암동,경상사고,0,0,1,0,차대차 - 추돌,안전운전불이행,건조,맑음,단일로 - 기타,승용,여,29세,상해없음,이륜,남,18세,경상
2016100100100455,2016년 10월 1일 17시,토요일,광주광역시 서구 광천동,경상사고,0,0,3,0,차대차 - 추돌,안전운전불이행,습기,흐림,교차로 - 교차로부근,승용,남,25세,경상,승용,남,52세,경상
2016100100100499,2016년 10월 1일 18시,토요일,광주광역시 남구 월산동,경상사고,0,0,4,0,차대차 - 측면직각충돌,교차로운행방법위반,습기,비,교차로 - 교차로안,승용,남,30세,경상,승용,남,57세,경상
2016100100100500,2016년 10월 1일 18시,토요일,광주광역시 북구 임동,경상사고,0,0,2,0,차대차 - 측면직각충돌,교차로운행방법위반,습기,비,교차로 - 교차로안,승용,남,53세,상해없음,승용,남,49세,상해없음
2016100100100541,2016년 10월 1일 19시,토요일,광주광역시 광산구 도천동,경상사고,0,0,2,0,차대차 - 측면직각충돌,신호위반,습기,비,교차로 - 교차로안,원동기,남,24세,경상,승용,여,62세,경상
2016100100100584,2016년 10월 1일 20시,토요일,광주광역시 서구 광천동,경상사고,0,0,4,0,차대차 - 측면직각충돌,신호위반,습기,비,교차로 - 교차로안,승용,남,73세,상해없음,승용,남,41세,경상
2016100100100611,2016년 10월 1일 21시,토요일,광주광역시 서구 쌍촌동,경상사고,0,0,2,0,차대차 - 측면직각충돌,안전운전불이행,건조,맑음,단일로 - 기타,승용,남,55세,상해없음,승용,남,39세,경상
2016100100100638,2016년 10월 1일 22시,토요일,광주광역시 북구 우산동,경상사고,0,0,1,0,차대사람 - 차도통행중,안전운전불이행,습기,비,단일로 - 기타,화물,남,54세,기타불명,보행자,남,33세,경상
2016100200100037,2016년 10월 2일 01시,일요일,광주광역시 남구 방림동,중상사고,0,1,0,0,차대차 - 측면직각충돌,안전운전불이행,습기,비,단일로 - 기타,승용,남,52세,상해없음,승용,남,33세,기타불명
2016100200100047,2016년 10월 2일 02시,일요일,광주광역시 서구 쌍촌동,경상사고,0,0,3,0,차대차 - 측면직각충돌,과속,건조,맑음,단일로 - 기타,승용,남,50세,상해없음,승용,남,65세,경상
2016100200100048,2016년 10월 2일 02시,일요일,광주광역시 서구 치평동,경상사고,0,0,1,0,차대차 - 기타,안전운전불이행,건조,맑음,교차로 - 교차로부근,승용,여,30세,상해없음,승용,남,31세,경상
2016100200100049,2016년 10월 2일 02시,일요일,광주광역시 광산구 수완동,경상사고,0,0,1,0,차대차 - 측면직각충돌,안전거리미확보,습기,비,단일로 - 기타,승용,남,19세,상해없음,승용,남,52세,경상
2016100200100050,2016년 10월 2일 02시,일요일,광주광역시 광산구 도천동,중상사고,0,1,0,0,차량단독 - 공작물충돌,안전운전불이행,습기,비,교차로 - 교차로부근,승용,남,21세,중상,,,,
2016100200100062,2016년 10월 2일 03시,일요일,광주광역시 북구 신용동,경상사고,0,0,2,0,차대차 - 기타,중앙선침범,습기,흐림,단일로 - 기타,승용,남,18세,상해없음,이륜,남,23세,경상
2016100200100070,2016년 10월 2일 04시,일요일,광주광역시 북구 임동,사망사고,1,0,0,0,차대사람 - 횡단중,안전운전불이행,습기,흐림,교차로 - 교차로안,승용,남,36세,상해없음,보행자,여,81세,사망
2016100200100275,2016년 10월 2일 14시,일요일,광주광역시 동구 선교동,사망사고,1,0,0,0,차대차 - 기타,신호위반,건조,맑음,교차로 - 교차로안,원동기,여,66세,사망,승용,남,42세,상해없음
2016100200100455,2016년 10월 2일 20시,일요일,광주광역시 동구 학동,경상사고,0,0,1,0,차대차 - 기타,안전운전불이행,건조,맑음,교차로 - 교차로부근,이륜,남,28세,경상,승용,남,33세,상해없음
2016100200100456,2016년 10월 2일 20시,일요일,광주광역시 동구 계림동,경상사고,0,0,1,0,차대차 - 기타,안전운전불이행,건조,맑음,단일로 - 기타,기타불명,기타불명,16세,기타불명,자전거,남,21세,경상
2016100200100508,2016년 10월 2일 22시,일요일,광주광역시 서구 치평동,경상사고,0,0,3,0,차대차 - 추돌,안전운전불이행,건조,맑음,단일로 - 기타,승용,남,30세,상해없음,승용,남,34세,경상
2016100200100509,2016년 10월 2일 22시,일요일,광주광역시 북구 중흥동,경상사고,0,0,1,0,차대차 - 측면충돌,안전운전불이행,건조,맑음,단일로 - 기타,승용,남,24세,상해없음,이륜,남,36세,경상
2016100200100529,2016년 10월 2일 23시,일요일,광주광역시 서구 화정동,중상사고,0,1,0,0,차대사람 - 기타,안전운전불이행,건조,맑음,단일로 - 기타,승합,남,52세,상해없음,보행자,남,64세,중상
2016100300100033,2016년 10월 3일 01시,월요일,광주광역시 광산구 신창동,중상사고,0,1,0,0,차대사람 - 횡단중,보행자보호의무위반,습기,비,단일로 - 횡단보도상,승용,남,25세,상해없음,보행자,여,19세,중상
2016100300100062,2016년 10월 3일 03시,월요일,광주광역시 서구 풍암동,경상사고,0,0,3,0,차대차 - 정면충돌,신호위반,건조,맑음,교차로 - 교차로안,승용,남,51세,경상,승용,남,22세,경상
2016100300100063,2016년 10월 3일 03시,월요일,광주광역시 북구 용봉동,경상사고,0,0,1,0,차대사람 - 횡단중,안전운전불이행,습기,비,교차로 - 교차로안,승용,남,30세,상해없음,보행자,남,27세,경상
2016100300100111,2016년 10월 3일 06시,월요일,광주광역시 서구 광천동,경상사고,0,0,2,0,차대차 - 측면충돌,안전운전불이행,건조,맑음,단일로 - 기타,화물,남,61세,상해없음,화물,남,45세,경상
2016100300100120,2016년 10월 3일 07시,월요일,광주광역시 광산구 고룡동,중상사고,0,1,0,0,차대차 - 측면직각충돌,안전운전불이행,건조,맑음,단일로 - 기타,건설기계,남,48세,상해없음,화물,남,47세,중상
2016100300100135,2016년 10월 3일 08시,월요일,광주광역시 동구 계림동,경상사고,0,0,2,0,차대차 - 추돌,안전운전불이행,습기,비,교차로 - 교차로부근,승용,남,26세,상해없음,승용,여,60세,경상
2016100300100199,2016년 10월 3일 11시,월요일,광주광역시 북구 신용동,경상사고,0,0,1,0,차대차 - 추돌,안전운전불이행,건조,맑음,교차로 - 교차로부근,승용,남,46세,상해없음,승용,남,33세,경상
2016100300100227,2016년 10월 3일 12시,월요일,광주광역시 동구 소태동,경상사고,0,0,1,0,차대차 - 측면직각충돌,차로위반,습기,비,단일로 - 기타,승용,여,44세,상해없음,승용,여,59세,경상
2016100300100228,2016년 10월 3일 12시,월요일,광주광역시 서구 치평동,경상사고,0,0,3,0,차대차 - 측면직각충돌,교차로운행방법위반,건조,맑음,교차로 - 교차로안,승용,남,57세,상해없음,승합,남,38세,경상
2016100300100267,2016년 10월 3일 13시,월요일,광주광역시 북구 운암동,경상사고,0,0,1,0,차대차 - 기타,안전운전불이행,습기,흐림,단일로 - 기타,화물,여,46세,상해없음,승용,남,34세,경상
2016100300100304,2016년 10월 3일 14시,월요일,광주광역시 광산구 소촌동,경상사고,0,0,1,0,차대차 - 측면직각충돌,안전거리미확보,건조,맑음,단일로 - 기타,승용,여,40세,상해없음,승용,여,43세,경상
2016100300100326,2016년 10월 3일 15시,월요일,광주광역시 광산구 산월동,경상사고,0,0,4,0,차대차 - 측면직각충돌,안전거리미확보,건조,맑음,단일로 - 기타,승용,남,69세,경상,화물,여,56세,경상
2016100300100327,2016년 10월 3일 15시,월요일,광주광역시 광산구 복룡동,경상사고,0,0,2,0,차대차 - 추돌,안전거리미확보,건조,맑음,단일로 - 횡단보도부근,승용,남,59세,상해없음,승용,남,47세,경상
2016100300100357,2016년 10월 3일 16시,월요일,광주광역시 동구 계림동,중상사고,0,1,0,0,차대사람 - 횡단중,안전운전불이행,건조,맑음,기타 - 기타,승용,남,57세,상해없음,보행자,남,56세,중상
2016100300100459,2016년 10월 3일 19시,월요일,광주광역시 서구 매월동,경상사고,0,0,2,0,차대차 - 추돌,안전운전불이행,건조,맑음,단일로 - 기타,화물,남,42세,상해없음,승용,여,56세,경상
2016100300100529,2016년 10월 3일 21시,월요일,광주광역시 동구 동명동,중상사고,0,1,0,0,차대사람 - 기타,안전운전불이행,건조,맑음,기타 - 기타,승용,남,36세,상해없음,보행자,남,60세,중상
2016100300100554,2016년 10월 3일 22시,월요일,광주광역시 광산구 송정동,중상사고,0,1,0,0,차대사람 - 횡단중,신호위반,건조,맑음,교차로 - 교차로부근,승용,여,60세,상해없음,보행자,남,67세,중상
2016100400100014,2016년 10월 4일 00시,화요일,광주광역시 서구 풍암동,경상사고,0,0,2,0,차대차 - 측면직각충돌,안전운전불이행,건조,맑음,단일로 - 기타,승용,남,45세,상해없음,승용,남,43세,기타불명
2016100400100054,2016년 10월 4일 05시,화요일,광주광역시 광산구 월계동,경상사고,0,0,1,0,차대사람 - 횡단중,안전운전불이행,건조,맑음,교차로 - 교차로부근,화물,남,63세,상해없음,보행자,남,54세,경상
2016100400100149,2016년 10월 4일 08시,화요일,광주광역시 서구 풍암동,경상사고,0,0,1,0,차대차 - 측면직각충돌,안전운전불이행,건조,맑음,교차로 - 교차로안,승용,남,23세,상해없음,승용,남,30세,경상
2016100400100150,2016년 10월 4일 08시,화요일,광주광역시 북구 본촌동,경상사고,0,0,1,0,차대차 - 측면직각충돌,안전운전불이행,건조,맑음,교차로 - 교차로안,승용,여,43세,상해없음,승용,여,26세,경상
2016100400100151,2016년 10월 4일 08시,화요일,광주광역시 북구 신안동,경상사고,0,0,1,0,차대차 - 추돌,안전거리미확보,건조,맑음,단일로 - 기타,승용,남,78세,상해없음,승용,여,49세,경상
2016100400100152,2016년 10월 4일 08시,화요일,광주광역시 광산구 수완동,경상사고,0,0,4,0,차대차 - 추돌,안전거리미확보,건조,맑음,단일로 - 기타,승용,여,39세,상해없음,승용,여,39세,경상
2016100400100153,2016년 10월 4일 08시,화요일,광주광역시 광산구 월계동,경상사고,0,0,1,0,차대사람 - 기타,안전운전불이행,건조,맑음,교차로 - 교차로부근,승용,남,47세,기타불명,보행자,여,15세,경상
2016100400100257,2016년 10월 4일 11시,화요일,광주광역시 북구 오치동,경상사고,0,0,1,0,차대차 - 기타,중앙선침범,건조,맑음,단일로 - 기타,승용,여,43세,상해없음,이륜,남,34세,경상
2016100400100288,2016년 10월 4일 12시,화요일,광주광역시 광산구 도천동,경상사고,0,0,1,0,차대차 - 측면충돌,안전거리미확보,건조,맑음,단일로 - 기타,화물,남,52세,상해없음,승용,남,38세,경상
2016100400100323,2016년 10월 4일 13시,화요일,광주광역시 서구 화정동,경상사고,0,0,1,0,차대사람 - 기타,안전운전불이행,건조,맑음,단일로 - 기타,승용,여,50세,상해없음,보행자,여,23세,경상
2016100400100366,2016년 10월 4일 14시,화요일,광주광역시 북구 문흥동,경상사고,0,0,1,0,차대차 - 기타,안전운전불이행,건조,맑음,단일로 - 기타,승용,남,61세,경상,승용,남,43세,상해없음
2016100400100400,2016년 10월 4일 15시,화요일,광주광역시 서구 풍암동,중상사고,0,1,0,0,차대사람 - 횡단중,안전운전불이행,건조,맑음,단일로 - 기타,승합,남,60세,상해없음,보행자,여,7세,중상
2016100400100401,2016년 10월 4일 15시,화요일,광주광역시 남구 월산동,경상사고,0,0,1,0,차대사람 - 길가장자리구역통행중,안전운전불이행,건조,맑음,단일로 - 기타,승용,남,55세,상해없음,보행자,남,34세,경상
2016100400100425,2016년 10월 4일 16시,화요일,광주광역시 북구 용봉동,경상사고,0,0,1,0,차대차 - 추돌,안전운전불이행,건조,맑음,교차로 - 교차로안,승용,남,45세,상해없음,승용,남,35세,경상
2016100400100426,2016년 10월 4일 16시,화요일,광주광역시 광산구 송정동,경상사고,0,0,1,0,차대차 - 기타,안전운전불이행,건조,맑음,교차로 - 교차로안,화물,남,49세,상해없음,승합,남,44세,상해없음
2016100400100475,2016년 10월 4일 17시,화요일,광주광역시 동구 지산동,경상사고,0,0,1,0,차대사람 - 횡단중,안전운전불이행,건조,맑음,단일로 - 기타,승용,남,55세,상해없음,보행자,남,19세,경상
2016100400100527,2016년 10월 4일 18시,화요일,광주광역시 북구 용봉동,경상사고,0,0,1,0,차대차 - 추돌,안전운전불이행,건조,맑음,단일로 - 기타,승용,남,51세,상해없음,승용,여,43세,경상
2016100400100584,2016년 10월 4일 19시,화요일,광주광역시 동구 학동,경상사고,0,0,2,0,차대차 - 정면충돌,중앙선침범,습기,비,교차로 - 교차로부근,승용,남,67세,상해없음,이륜,남,26세,경상
2016100400100585,2016년 10월 4일 19시,화요일,광주광역시 서구 풍암동,경상사고,0,0,1,0,차대사람 - 횡단중,보행자보호의무위반,건조,맑음,교차로 - 교차로부근,승용,여,22세,상해없음,보행자,남,13세,경상
2016100400100586,2016년 10월 4일 19시,화요일,광주광역시 남구 송하동,경상사고,0,0,3,0,차대차 - 추돌,안전거리미확보,건조,맑음,단일로 - 기타,승용,남,62세,기타불명,승용,남,40세,경상
2016100400100612,2016년 10월 4일 20시,화요일,광주광역시 동구 계림동,경상사고,0,0,1,0,차량단독 - 기타,기타,습기,비,단일로 - 기타,승합,남,58세,상해없음,,,,
2016100400100640,2016년 10월 4일 21시,화요일,광주광역시 광산구 하남동,경상사고,0,0,1,0,차대사람 - 횡단중,안전운전불이행,건조,맑음,단일로 - 기타,승용,남,46세,상해없음,보행자,남,34세,경상
2016100400100667,2016년 10월 4일 22시,화요일,광주광역시 서구 풍암동,경상사고,0,0,1,0,차대차 - 측면직각충돌,신호위반,습기,비,교차로 - 교차로안,승용,여,24세,상해없음,특수,남,39세,경상
2016100500100016,2016년 10월 5일 00시,수요일,광주광역시 서구 화정동,경상사고,0,0,2,0,차대차 - 정면충돌,중앙선침범,습기,비,교차로 - 교차로부근,승용,남,29세,상해없음,승용,남,56세,경상
2016100500100017,2016년 10월 5일 00시,수요일,광주광역시 남구 월산동,경상사고,0,0,1,0,차대차 - 측면충돌,안전운전불이행,습기,비,단일로 - 기타,승용,남,32세,상해없음,승용,남,22세,경상
2016100500100028,2016년 10월 5일 01시,수요일,광주광역시 북구 용두동,중상사고,0,1,0,0,차량단독 - 전도전복,안전운전불이행,습기,비,단일로 - 기타,승용,남,43세,중상,,,,
2016100500100054,2016년 10월 5일 03시,수요일,광주광역시 북구 운암동,경상사고,0,0,1,0,차대차 - 측면직각충돌,안전운전불이행,습기,비,교차로 - 교차로부근,화물,남,36세,상해없음,승용,남,36세,경상
2016100500100099,2016년 10월 5일 06시,수요일,광주광역시 광산구 쌍암동,사망사고,1,0,0,0,차대사람 - 횡단중,안전운전불이행,습기,비,교차로 - 교차로부근,승용,남,46세,기타불명,보행자,여,70세,사망
2016100500100127,2016년 10월 5일 07시,수요일,광주광역시 북구 신안동,경상사고,0,0,2,0,차대차 - 추돌,안전거리미확보,습기,비,단일로 - 기타,승용,남,50세,상해없음,승용,남,49세,경상
2016100500100165,2016년 10월 5일 08시,수요일,광주광역시 서구 쌍촌동,경상사고,0,0,1,0,차대사람 - 길가장자리구역통행중,안전운전불이행,습기,비,단일로 - 기타,승용,여,55세,상해없음,보행자,여,50세,경상
2016100500100166,2016년 10월 5일 08시,수요일,광주광역시 북구 문흥동,경상사고,0,0,3,0,차대차 - 측면직각충돌,교차로운행방법위반,건조,흐림,교차로 - 교차로안,승용,남,30세,상해없음,승용,여,45세,경상
2016100500100167,2016년 10월 5일 08시,수요일,광주광역시 광산구 우산동,중상사고,0,1,0,0,차대사람 - 횡단중,안전운전불이행,습기,비,단일로 - 기타,승합,남,62세,상해없음,보행자,여,26세,중상
2016100500100196,2016년 10월 5일 09시,수요일,광주광역시 서구 치평동,경상사고,0,0,1,0,차대차 - 측면직각충돌,신호위반,습기,비,교차로 - 교차로안,승용,남,31세,상해없음,승용,여,31세,경상
2016100500100248,2016년 10월 5일 11시,수요일,광주광역시 서구 유촌동,경상사고,0,0,2,0,차대차 - 측면직각충돌,안전거리미확보,건조,맑음,교차로 - 교차로안,승합,남,58세,경상,승용,남,35세,경상
2016100500100306,2016년 10월 5일 13시,수요일,광주광역시 북구 풍향동,중상사고,0,1,0,0,차대차 - 측면직각충돌,안전운전불이행,습기,흐림,단일로 - 기타,승용,남,50세,상해없음,이륜,남,43세,중상
2016100500100307,2016년 10월 5일 13시,수요일,광주광역시 북구 용봉동,경상사고,0,0,1,0,차대사람 - 횡단중,신호위반,건조,맑음,교차로 - 교차로부근,승용,남,59세,상해없음,보행자,남,20세,경상
2016100500100342,2016년 10월 5일 14시,수요일,광주광역시 서구 광천동,경상사고,0,0,1,0,차대사람 - 차도통행중,안전운전불이행,건조,맑음,단일로 - 기타,승용,여,25세,상해없음,보행자,남,69세,경상
2016100500100343,2016년 10월 5일 14시,수요일,광주광역시 북구 연제동,중상사고,0,1,0,0,차대차 - 정면충돌,교차로운행방법위반,건조,맑음,교차로 - 교차로안,화물,남,47세,상해없음,이륜,여,48세,중상
2016100500100425,2016년 10월 5일 16시,수요일,광주광역시 북구 두암동,중상사고,0,1,0,0,차대사람 - 기타,안전운전불이행,습기,흐림,교차로 - 교차로안,승용,남,23세,상해없음,보행자,남,21세,중상
2016100500100471,2016년 10월 5일 17시,수요일,광주광역시 광산구 월곡동,경상사고,0,0,1,0,차대사람 - 기타,안전운전불이행,건조,맑음,단일로 - 기타,승용,남,58세,상해없음,보행자,여,72세,경상
2016100500100520,2016년 10월 5일 18시,수요일,광주광역시 광산구 월계동,경상사고,0,0,1,0,차대차 - 기타,교차로운행방법위반,건조,맑음,교차로 - 교차로안,승용,남,56세,상해없음,승용,남,25세,경상
2016100500100573,2016년 10월 5일 19시,수요일,광주광역시 서구 풍암동,경상사고,0,0,1,0,차대차 - 측면직각충돌,안전운전불이행,건조,맑음,단일로 - 기타,승용,남,55세,상해없음,승용,남,49세,경상
2016100500100574,2016년 10월 5일 19시,수요일,광주광역시 광산구 신가동,경상사고,0,0,1,0,차대차 - 측면충돌,안전거리미확보,건조,맑음,교차로 - 교차로부근,승용,남,21세,상해없음,승용,남,40세,경상
2016100600100011,2016년 10월 6일 00시,목요일,광주광역시 광산구 하남동,경상사고,0,0,1,0,차대차 - 추돌,안전운전불이행,건조,맑음,단일로 - 기타,승용,남,33세,상해없음,승용,남,19세,상해없음
2016100600100017,2016년 10월 6일 00시,목요일,광주광역시 광산구 우산동,경상사고,0,0,1,0,차대차 - 추돌,안전운전불이행,습기,흐림,교차로 - 교차로부근,승용,여,53세,상해없음,승용,남,37세,상해없음
2016100600100043,2016년 10월 6일 02시,목요일,광주광역시 북구 운암동,경상사고,0,0,1,0,차대차 - 추돌,안전운전불이행,건조,맑음,교차로 - 교차로부근,승용,남,36세,상해없음,승용,남,29세,경상
2016100600100061,2016년 10월 6일 04시,목요일,광주광역시 남구 백운동,경상사고,0,0,1,0,차대차 - 기타,신호위반,건조,맑음,교차로 - 교차로안,화물,남,53세,상해없음,승용,남,64세,경상
2016100600100067,2016년 10월 6일 05시,목요일,광주광역시 서구 치평동,중상사고,0,1,0,0,차대차 - 기타,안전운전불이행,건조,맑음,교차로 - 교차로안,승용,남,38세,상해없음,승용,여,49세,중상
2016100600100106,2016년 10월 6일 07시,목요일,광주광역시 서구 금호동,경상사고,0,0,2,0,차대차 - 측면충돌,안전운전불이행,건조,맑음,단일로 - 기타,승용,여,58세,경상,화물,남,34세,경상
2016100600100107,2016년 10월 6일 07시,목요일,광주광역시 광산구 신창동,경상사고,0,0,1,0,차대차 - 추돌,안전운전불이행,건조,맑음,단일로 - 횡단보도상,기타불명,기타불명,기타불명,기타불명,승용,남,29세,경상
2016100600100148,2016년 10월 6일 08시,목요일,광주광역시 서구 내방동,경상사고,0,0,1,0,차대차 - 측면직각충돌,안전운전불이행,건조,맑음,단일로 - 기타,승용,남,24세,상해없음,승용,여,38세,경상
2016100600100149,2016년 10월 6일 08시,목요일,광주광역시 광산구 광산동,경상사고,0,0,1,0,차대차 - 측면직각충돌,안전거리미확보,건조,맑음,단일로 - 기타,화물,남,60세,상해없음,승용,여,25세,경상
2016100600100150,2016년 10월 6일 08시,목요일,광주광역시 광산구 흑석동,경상사고,0,0,1,0,차대차 - 측면직각충돌,안전운전불이행,건조,맑음,단일로 - 횡단보도상,기타불명,기타불명,기타불명,기타불명,자전거,남,25세,경상
2016100600100182,2016년 10월 6일 09시,목요일,광주광역시 광산구 신창동,경상사고,0,0,1,0,차대차 - 기타,안전운전불이행,건조,맑음,교차로 - 교차로안,승용,남,34세,상해없음,승용,남,52세,경상
2016100600100214,2016년 10월 6일 10시,목요일,광주광역시 동구 대인동,경상사고,0,0,2,0,차대차 - 측면충돌,신호위반,건조,맑음,교차로 - 교차로안,화물,여,51세,상해없음,승용,남,55세,경상
2016100600100215,2016년 10월 6일 10시,목요일,광주광역시 남구 방림동,경상사고,0,0,1,0,차대차 - 측면충돌,차로위반,건조,맑음,교차로 - 교차로부근,승용,남,61세,상해없음,승합,남,47세,상해없음
2016100600100283,2016년 10월 6일 12시,목요일,광주광역시 남구 송하동,경상사고,0,0,1,0,차대차 - 측면직각충돌,안전운전불이행,건조,맑음,단일로 - 기타,승용,남,54세,상해없음,이륜,남,24세,경상
2016100600100311,2016년 10월 6일 13시,목요일,광주광역시 북구 신안동,경상사고,0,0,1,0,차대사람 - 기타,안전운전불이행,건조,맑음,교차로 - 교차로부근,화물,남,72세,기타불명,보행자,여,90세 이상,경상
2016100600100393,2016년 10월 6일 15시,목요일,광주광역시 북구 신안동,경상사고,0,0,1,0,차대차 - 측면충돌,안전운전불이행,건조,맑음,교차로 - 교차로안,승용,여,33세,기타불명,이륜,남,19세,경상
2016100600100394,2016년 10월 6일 15시,목요일,광주광역시 북구 일곡동,경상사고,0,0,1,0,차대차 - 측면직각충돌,안전운전불이행,건조,맑음,교차로 - 교차로부근,자전거,남,23세,경상,화물,남,54세,상해없음
2016100600100430,2016년 10월 6일 16시,목요일,광주광역시 서구 풍암동,경상사고,0,0,2,0,차대차 - 추돌,안전운전불이행,건조,맑음,교차로 - 교차로안,승용,남,39세,상해없음,승용,여,45세,경상
2016100600100431,2016년 10월 6일 16시,목요일,광주광역시 북구 운암동,경상사고,0,0,2,0,차대차 - 측면충돌,안전운전불이행,건조,맑음,단일로 - 기타,승용,남,49세,상해없음,승용,남,25세,경상