사고번호,사고일시,요일,시군구,사고내용,사망자수,중상자수,경상자수,부상신고자수,사고유형,법규위반,노면상태,기상상태,도로형태,가해운전자 차종,가해운전자 성별,가해운전자 연령,가해운전자 상해정도,피해운전자 차종,피해운전자 성별,피해운전자 연령,피해운전자 상해정도
2016101200100369,2016년 10월 12일 15시,수요일,광주광역시 광산구 쌍암동,경상사고,0,0,4,0,차대차 - 추돌,안전운전불이행,건조,맑음,단일로 - 기타,승용,여,53세,경상,승용,여,51세,경상
2016101200100410,2016년 10월 12일 16시,수요일,광주광역시 북구 용전동,경상사고,0,0,1,0,차대차 - 측면충돌,교차로운행방법위반,건조,맑음,교차로 - 교차로부근,화물,남,31세,기타불명,승용,여,53세,경상
2016101200100456,2016년 10월 12일 17시,수요일,광주광역시 남구 주월동,부상신고사고,0,0,0,1,차대사람 - 횡단중,안전운전불이행,건조,맑음,교차로 - 교차로부근,승용,여,47세,상해없음,보행자,남,33세,부상신고
2016101200100457,2016년 10월 12일 17시,수요일,광주광역시 남구 진월동,중상사고,0,1,0,0,차대사람 - 기타,안전운전불이행,건조,맑음,단일로 - 기타,승용,남,46세,상해없음,보행자,여,85세,중상
2016101200100561,2016년 10월 12일 19시,수요일,광주광역시 서구 화정동,경상사고,0,0,1,0,차대차 - 기타,불법유턴,건조,맑음,교차로 - 교차로안,화물,남,60세,상해없음,이륜,남,34세,경상
2016101200100562,2016년 10월 12일 19시,수요일,광주광역시 광산구 신가동,경상사고,0,0,1,0,차대차 - 기타,안전운전불이행,건조,맑음,단일로 - 기타,승용,남,48세,상해없음,자전거,남,11세,경상
2016101200100563,2016년 10월 12일 19시,수요일,광주광역시 광산구 신가동,중상사고,0,1,1,0,차대사람 - 횡단중,보행자보호의무위반,건조,맑음,교차로 - 교차로안,승합,남,51세,상해없음,보행자,남,21세,경상
2016101200100642,2016년 10월 12일 22시,수요일,광주광역시 북구 동림동,부상신고사고,0,0,0,1,차대차 - 측면충돌,안전운전불이행,건조,맑음,교차로 - 교차로안,승용,기타불명,기타불명,기타불명,승용,여,52세,부상신고
2016101200100666,2016년 10월 12일 23시,수요일,광주광역시 서구 쌍촌동,중상사고,0,1,2,0,차대차 - 측면직각충돌,신호위반,건조,맑음,교차로 - 교차로부근,승용,여,28세,경상,승용,여,55세,경상
2016101300100035,2016년 10월 13일 02시,목요일,광주광역시 서구 치평동,경상사고,0,0,1,1,차대차 - 측면직각충돌,안전운전불이행,건조,맑음,교차로 - 교차로안,승용,남,28세,부상신고,승용,여,58세,경상
2016101300100080,2016년 10월 13일 06시,목요일,광주광역시 동구 학동,경상사고,0,0,1,0,차대차 - 측면직각충돌,신호위반,건조,맑음,교차로 - 교차로안,승용,여,63세,상해없음,승용,남,40세,경상
2016101300100081,2016년 10월 13일 06시,목요일,광주광역시 북구 임동,중상사고,0,1,0,0,차대차 - 측면충돌,안전운전불이행,건조,맑음,교차로 - 교차로안,승용,남,56세,상해없음,자전거,여,60세,중상
2016101300100106,2016년 10월 13일 07시,목요일,광주광역시 남구 송하동,중상사고,0,1,0,0,차대차 - 측면충돌,차로위반,건조,맑음,단일로 - 기타,화물,남,26세,상해없음,승용,여,45세,중상
2016101300100149,2016년 10월 13일 08시,목요일,광주광역시 남구 월산동,경상사고,0,0,2,0,차대차 - 추돌,안전거리미확보,건조,맑음,교차로 - 교차로부근,승용,남,26세,상해없음,승용,남,57세,경상
2016101300100182,2016년 10월 13일 09시,목요일,광주광역시 북구 유동,경상사고,0,0,1,0,차대차 - 측면직각충돌,안전운전불이행,건조,맑음,교차로 - 교차로안,기타불명,기타불명,61세,기타불명,자전거,남,62세,경상
2016101300100183,2016년 10월 13일 09시,목요일,광주광역시 북구 중흥동,경상사고,0,0,2,0,차대차 - 측면직각충돌,교차로운행방법위반,건조,맑음,교차로 - 교차로안,승용,남,27세,경상,승용,남,57세,경상
2016101300100211,2016년 10월 13일 10시,목요일,광주광역시 서구 풍암동,경상사고,0,0,2,0,차대차 - 추돌,안전거리미확보,건조,맑음,단일로 - 기타,화물,남,27세,상해없음,승용,남,67세,경상
2016101300100212,2016년 10월 13일 10시,목요일,광주광역시 서구 쌍촌동,중상사고,0,1,0,0,차대차 - 측면충돌,신호위반,건조,맑음,단일로 - 횡단보도상,화물,남,33세,상해없음,이륜,남,62세,중상
2016101300100241,2016년 10월 13일 11시,목요일,광주광역시 동구 동명동,중상사고,0,1,0,0,차대차 - 추돌,안전운전불이행,건조,맑음,단일로 - 기타,화물,남,35세,상해없음,승용,남,37세,중상
2016101300100242,2016년 10월 13일 11시,목요일,광주광역시 남구 방림동,경상사고,0,0,1,0,차대차 - 측면직각충돌,안전거리미확보,건조,맑음,단일로 - 기타,화물,남,23세,상해없음,승용,여,64세,경상
2016101300100409,2016년 10월 13일 16시,목요일,광주광역시 광산구 월곡동,경상사고,0,0,1,0,차대사람 - 횡단중,보행자보호의무위반,건조,맑음,단일로 - 횡단보도상,승용,여,46세,상해없음,보행자,남,9세,경상
2016101300100410,2016년 10월 13일 16시,목요일,광주광역시 광산구 송촌동,경상사고,0,0,3,0,차대차 - 추돌,중앙선침범,건조,맑음,단일로 - 기타,승용,여,52세,상해없음,승용,남,21세,경상
2016101300100491,2016년 10월 13일 18시,목요일,광주광역시 서구 치평동,경상사고,0,0,1,0,차대사람 - 횡단중,보행자보호의무위반,건조,맑음,단일로 - 횡단보도상,승용,남,27세,상해없음,보행자,남,73세,경상
2016101300100492,2016년 10월 13일 18시,목요일,광주광역시 서구 매월동,중상사고,0,1,0,0,차대사람 - 횡단중,교차로운행방법위반,건조,기타,교차로 - 교차로안,승용,여,47세,상해없음,보행자,여,54세,중상
2016101300100547,2016년 10월 13일 19시,목요일,광주광역시 남구 월산동,경상사고,0,0,1,0,차대사람 - 기타,안전운전불이행,건조,맑음,단일로 - 기타,화물,남,46세,기타불명,보행자,여,24세,경상
2016101300100655,2016년 10월 13일 23시,목요일,광주광역시 동구 광산동,경상사고,0,0,1,0,차대사람 - 기타,안전운전불이행,건조,맑음,기타 - 기타,승용,남,53세,상해없음,보행자,남,18세,경상
2016101400100040,2016년 10월 14일 02시,금요일,광주광역시 남구 송하동,중상사고,0,1,0,0,차대차 - 측면직각충돌,교차로운행방법위반,건조,맑음,교차로 - 교차로부근,승용,남,59세,상해없음,이륜,남,37세,중상
2016101400100064,2016년 10월 14일 05시,금요일,광주광역시 북구 연제동,중상사고,0,1,0,0,차대차 - 정면충돌,신호위반,건조,맑음,교차로 - 교차로안,승용,여,30세,상해없음,승용,남,35세,중상
2016101400100118,2016년 10월 14일 07시,금요일,광주광역시 북구 일곡동,경상사고,0,0,5,0,차대차 - 측면직각충돌,교차로운행방법위반,건조,맑음,교차로 - 교차로안,승용,남,52세,상해없음,승합,남,46세,경상
2016101400100119,2016년 10월 14일 07시,금요일,광주광역시 북구 일곡동,경상사고,0,0,2,0,차대차 - 측면직각충돌,신호위반,건조,맑음,교차로 - 교차로안,승용,여,45세,상해없음,승용,남,45세,경상
2016101400100159,2016년 10월 14일 08시,금요일,광주광역시 남구 송하동,경상사고,0,0,2,0,차대차 - 추돌,안전거리미확보,건조,맑음,기타 - 기타,승용,여,24세,상해없음,승용,남,24세,경상
2016101400100160,2016년 10월 14일 08시,금요일,광주광역시 남구 송하동,경상사고,0,0,1,0,차대차 - 추돌,안전거리미확보,건조,맑음,기타 - 기타,승용,여,49세,상해없음,승용,여,24세,경상
2016101400100161,2016년 10월 14일 08시,금요일,광주광역시 광산구 신창동,경상사고,0,0,2,0,차대차 - 측면직각충돌,차로위반,건조,맑음,단일로 - 기타,승용,남,34세,상해없음,화물,남,34세,경상
2016101400100193,2016년 10월 14일 09시,금요일,광주광역시 광산구 산정동,경상사고,0,0,1,0,차대차 - 추돌,안전운전불이행,건조,맑음,단일로 - 기타,승용,남,29세,상해없음,화물,남,38세,경상
2016101400100365,2016년 10월 14일 14시,금요일,광주광역시 남구 월산동,중상사고,0,1,5,0,차대차 - 측면충돌,안전거리미확보,건조,맑음,단일로 - 기타,화물,남,46세,상해없음,승합,남,54세,경상
2016101400100366,2016년 10월 14일 14시,금요일,광주광역시 남구 진월동,경상사고,0,0,1,0,차대사람 - 보도통행중,안전운전불이행,건조,맑음,교차로 - 교차로부근,승용,남,59세,상해없음,보행자,여,78세,경상
2016101400100367,2016년 10월 14일 14시,금요일,광주광역시 광산구 비아동,경상사고,0,0,2,0,차대차 - 정면충돌,직진우회전진행방해,건조,맑음,교차로 - 교차로안,승용,여,43세,상해없음,승용,남,42세,경상
2016101400100454,2016년 10월 14일 16시,금요일,광주광역시 북구 두암동,경상사고,0,0,1,0,차대사람 - 횡단중,안전운전불이행,건조,맑음,교차로 - 교차로안,승용,남,28세,상해없음,보행자,남,79세,경상
2016101400100500,2016년 10월 14일 17시,금요일,광주광역시 북구 우산동,중상사고,0,1,0,0,차대차 - 측면직각충돌,교차로운행방법위반,건조,맑음,교차로 - 교차로안,승용,남,70세,상해없음,이륜,남,46세,중상
2016101400100501,2016년 10월 14일 17시,금요일,광주광역시 광산구 장덕동,중상사고,0,1,1,0,차대사람 - 횡단중,안전운전불이행,건조,맑음,단일로 - 기타,원동기,남,46세,중상,보행자,남,43세,경상
2016101400100560,2016년 10월 14일 18시,금요일,광주광역시 북구 두암동,경상사고,0,0,2,0,차대차 - 측면직각충돌,신호위반,건조,맑음,교차로 - 교차로안,승용,여,64세,경상,승용,남,26세,경상
2016101400100561,2016년 10월 14일 18시,금요일,광주광역시 북구 우산동,중상사고,0,1,0,0,차대차 - 측면충돌,안전운전불이행,건조,맑음,교차로 - 교차로부근,승용,남,50세,상해없음,자전거,남,62세,중상
2016101400100604,2016년 10월 14일 19시,금요일,광주광역시 서구 내방동,경상사고,0,0,1,0,차대차 - 측면직각충돌,교차로운행방법위반,건조,맑음,교차로 - 교차로안,승용,남,46세,상해없음,승용,기타불명,기타불명,기타불명
2016101400100605,2016년 10월 14일 19시,금요일,광주광역시 서구 금호동,경상사고,0,0,1,0,차대사람 - 길가장자리구역통행중,안전운전불이행,건조,맑음,단일로 - 기타,승용,여,40세,상해없음,보행자,남,26세,경상
2016101400100606,2016년 10월 14일 19시,금요일,광주광역시 광산구 신가동,경상사고,0,0,3,0,차대차 - 추돌,안전운전불이행,건조,맑음,단일로 - 기타,화물,남,63세,상해없음,승용,남,52세,경상
2016101400100647,2016년 10월 14일 20시,금요일,광주광역시 북구 중흥동,경상사고,0,0,1,0,차대차 - 추돌,안전운전불이행,건조,맑음,교차로 - 교차로부근,승용,남,23세,상해없음,승용,남,42세,경상
2016101400100679,2016년 10월 14일 21시,금요일,광주광역시 남구 노대동,경상사고,0,0,1,0,차대차 - 정면충돌,교차로운행방법위반,건조,맑음,교차로 - 교차로안,승합,남,40세,상해없음,원동기,남,19세,경상
2016101400100680,2016년 10월 14일 21시,금요일,광주광역시 남구 송하동,경상사고,0,0,1,0,차대차 - 기타,차로위반,건조,맑음,교차로 - 교차로부근,승용,남,61세,상해없음,승용,남,34세,상해없음
2016101400100681,2016년 10월 14일 21시,금요일,광주광역시 북구 두암동,경상사고,0,0,2,0,차대차 - 기타,안전운전불이행,건조,맑음,교차로 - 교차로부근,승용,여,34세,경상,승용,남,50세,경상
2016101400100701,2016년 10월 14일 22시,금요일,광주광역시 광산구 비아동,경상사고,0,0,4,0,차대차 - 측면충돌,안전운전불이행,건조,맑음,교차로 - 교차로안,승용,남,41세,상해없음,승용,남,41세,경상
2016101400100732,2016년 10월 14일 23시,금요일,광주광역시 북구 오치동,중상사고,0,1,1,0,차대차 - 측면충돌,신호위반,건조,맑음,교차로 - 교차로안,이륜,남,19세,중상,승용,여,36세,경상
2016101500100015,2016년 10월 15일 00시,토요일,광주광역시 광산구 월곡동,경상사고,0,0,1,0,차대사람 - 횡단중,신호위반,건조,맑음,단일로 - 기타,이륜,남,48세,상해없음,보행자,남,35세,경상
2016101500100040,2016년 10월 15일 01시,토요일,광주광역시 남구 진월동,경상사고,0,0,2,0,차대차 - 추돌,안전운전불이행,건조,맑음,단일로 - 기타,승용,남,55세,상해없음,승용,남,20세,경상
2016101500100051,2016년 10월 15일 02시,토요일,광주광역시 광산구 수완동,경상사고,0,0,2,0,차대차 - 측면충돌,안전운전불이행,건조,맑음,교차로 - 교차로안,승용,남,27세,상해없음,승용,남,22세,경상
2016101500100121,2016년 10월 15일 07시,토요일,광주광역시 북구 중흥동,중상사고,0,1,0,0,차대사람 - 기타,보행자보호의무위반,건조,맑음,교차로 - 교차로부근,승용,남,76세,상해없음,보행자,여,75세,중상
2016101500100122,2016년 10월 15일 07시,토요일,광주광역시 광산구 연산동,경상사고,0,0,1,0,차대차 - 측면충돌,안전운전불이행,건조,맑음,교차로 - 교차로부근,승용,남,27세,상해없음,승용,남,50세,경상
2016101500100148,2016년 10월 15일 08시,토요일,광주광역시 북구 신안동,중상사고,0,1,1,0,차대차 - 측면직각충돌,차로위반,건조,맑음,단일로 - 기타,승용,남,28세,중상,승용,남,73세,경상
2016101500100255,2016년 10월 15일 11시,토요일,광주광역시 동구 계림동,경상사고,0,0,1,0,차대차 - 측면충돌,안전운전불이행,건조,맑음,단일로 - 기타,승용,여,74세,상해없음,자전거,남,9세,경상
2016101500100256,2016년 10월 15일 11시,토요일,광주광역시 남구 노대동,중상사고,0,1,0,0,차대차 - 기타,신호위반,건조,맑음,교차로 - 교차로안,원동기,남,82세,중상,승용,남,49세,상해없음
2016101500100292,2016년 10월 15일 12시,토요일,광주광역시 남구 구동,경상사고,0,0,1,0,차대차 - 기타,안전운전불이행,건조,맑음,단일로 - 기타,승용,남,25세,상해없음,승용,남,44세,경상
2016101500100409,2016년 10월 15일 15시,토요일,광주광역시 동구 수기동,경상사고,0,0,7,0,차대차 - 추돌,안전거리미확보,건조,맑음,단일로 - 기타,승용,여,38세,상해없음,승용,남,42세,경상
2016101500100410,2016년 10월 15일 15시,토요일,광주광역시 북구 양산동,경상사고,0,0,1,0,차대사람 - 횡단중,안전운전불이행,건조,맑음,단일로 - 기타,승용,여,53세,상해없음,보행자,여,22세,경상
2016101500100427,2016년 10월 15일 16시,토요일,광주광역시 광산구 신창동,중상사고,0,1,0,0,차대차 - 추돌,안전운전불이행,건조,맑음,단일로 - 기타,승용,여,45세,상해없음,승용,남,41세,중상
2016101500100465,2016년 10월 15일 17시,토요일,광주광역시 북구 각화동,경상사고,0,0,3,0,차대차 - 추돌,안전거리미확보,건조,맑음,교차로 - 교차로안,승용,남,69세,상해없음,승용,남,53세,상해없음
2016101500100509,2016년 10월 15일 18시,토요일,광주광역시 광산구 신창동,경상사고,0,0,1,0,차대차 - 추돌,안전운전불이행,건조,맑음,단일로 - 기타,승용,남,31세,상해없음,승용,남,48세,경상
2016101500100527,2016년 10월 15일 18시,토요일,광주광역시 서구 쌍촌동,경상사고,0,0,1,0,차대사람 - 기타,안전운전불이행,건조,맑음,단일로 - 기타,승용,남,58세,상해없음,보행자,남,59세,경상
2016101500100528,2016년 10월 15일 18시,토요일,광주광역시 광산구 우산동,경상사고,0,0,2,0,차대차 - 기타,안전운전불이행,건조,맑음,단일로 - 기타,화물,남,56세,기타불명,승용,남,48세,경상
2016101500100566,2016년 10월 15일 19시,토요일,광주광역시 서구 치평동,경상사고,0,0,1,0,차대차 - 추돌,안전운전불이행,건조,맑음,교차로 - 교차로부근,승용,남,22세,상해없음,승용,여,44세,경상
2016101500100609,2016년 10월 15일 20시,토요일,광주광역시 서구 치평동,경상사고,0,0,1,0,차대차 - 기타,신호위반,건조,맑음,교차로 - 교차로안,승용,남,38세,상해없음,원동기,남,21세,경상
2016101500100610,2016년 10월 15일 20시,토요일,광주광역시 광산구 신창동,중상사고,0,1,0,0,차대차 - 측면충돌,차로위반,건조,맑음,단일로 - 기타,승용,남,37세,상해없음,이륜,남,30세,중상
2016101600100018,2016년 10월 16일 00시,일요일,광주광역시 북구 용봉동,경상사고,0,0,1,0,차대사람 - 길가장자리구역통행중,안전운전불이행,건조,맑음,교차로 - 교차로부근,승용,남,44세,상해없음,보행자,남,33세,경상
2016101600100032,2016년 10월 16일 01시,일요일,광주광역시 북구 동림동,경상사고,0,0,2,0,차대차 - 추돌,안전운전불이행,건조,맑음,교차로 - 교차로부근,승용,남,40세,상해없음,승용,남,48세,경상
2016101600100082,2016년 10월 16일 05시,일요일,광주광역시 광산구 신가동,경상사고,0,0,1,0,차대차 - 측면충돌,신호위반,건조,맑음,교차로 - 교차로안,승용,남,37세,상해없음,승용,여,54세,경상
2016101600100121,2016년 10월 16일 08시,일요일,광주광역시 광산구 우산동,경상사고,0,0,1,0,차대차 - 측면직각충돌,신호위반,건조,맑음,교차로 - 교차로안,승용,남,76세,상해없음,승합,남,38세,경상
2016101600100145,2016년 10월 16일 10시,일요일,광주광역시 서구 농성동,경상사고,0,0,1,0,차대사람 - 기타,안전운전불이행,습기,비,교차로 - 교차로안,승용,남,73세,상해없음,보행자,여,71세,경상
2016101600100165,2016년 10월 16일 11시,일요일,광주광역시 북구 삼각동,경상사고,0,0,2,0,차대차 - 정면충돌,안전운전불이행,습기,비,교차로 - 교차로안,승용,남,57세,상해없음,승용,남,54세,경상
2016101600100166,2016년 10월 16일 11시,일요일,광주광역시 북구 용봉동,경상사고,0,0,1,0,차대차 - 측면충돌,교차로운행방법위반,습기,비,교차로 - 교차로안,화물,남,57세,상해없음,승용,여,25세,경상
2016101600100222,2016년 10월 16일 13시,일요일,광주광역시 북구 오치동,경상사고,0,0,1,0,차대차 - 기타,중앙선침범,습기,비,단일로 - 기타,승용,여,46세,상해없음,이륜,남,61세,경상
2016101600100275,2016년 10월 16일 14시,일요일,광주광역시 광산구 월계동,사망사고,1,0,0,0,차대사람 - 횡단중,신호위반,습기,비,단일로 - 기타,승용,여,42세,상해없음,보행자,여,56세,사망
2016101600100302,2016년 10월 16일 15시,일요일,광주광역시 남구 봉선동,경상사고,0,0,2,0,차대차 - 추돌,안전거리미확보,습기,비,단일로 - 기타,승용,남,24세,상해없음,승용,남,43세,경상
2016101600100303,2016년 10월 16일 15시,일요일,광주광역시 북구 문흥동,경상사고,0,0,2,0,차대차 - 기타,교차로운행방법위반,습기,비,교차로 - 교차로안,승용,남,59세,상해없음,승용,남,39세,상해없음
2016101600100304,2016년 10월 16일 15시,일요일,광주광역시 광산구 운남동,경상사고,0,0,1,0,차대차 - 추돌,안전운전불이행,습기,비,단일로 - 교량,승용,남,51세,기타불명,승용,남,40세,경상
2016101600100341,2016년 10월 16일 16시,일요일,광주광역시 남구 주월동,경상사고,0,0,1,0,차대사람 - 기타,안전운전불이행,습기,비,단일로 - 기타,기타불명,기타불명,기타불명,기타불명,보행자,여,19세,경상
2016101600100385,2016년 10월 16일 17시,일요일,광주광역시 광산구 도천동,중상사고,0,1,1,0,차대차 - 기타,안전거리미확보,습기,비,단일로 - 기타,승용,여,46세,상해없음,화물,남,48세,경상
2016101600100428,2016년 10월 16일 18시,일요일,광주광역시 서구 광천동,경상사고,0,0,2,0,차대차 - 추돌,안전운전불이행,습기,비,교차로 - 교차로부근,승용,남,57세,상해없음,승용,남,33세,경상
2016101600100483,2016년 10월 16일 19시,일요일,광주광역시 북구 각화동,경상사고,0,0,1,0,차대차 - 측면직각충돌,안전운전불이행,습기,비,단일로 - 기타,승용,남,76세,상해없음,승용,남,40세,경상
2016101600100484,2016년 10월 16일 19시,일요일,광주광역시 광산구 산정동,경상사고,0,0,2,0,차대차 - 추돌,안전운전불이행,습기,비,교차로 - 교차로부근,승용,남,50세,상해없음,화물,남,48세,경상
2016101600100521,2016년 10월 16일 20시,일요일,광주광역시 북구 삼각동,경상사고,0,0,1,0,차대차 - 추돌,안전운전불이행,습기,비,교차로 - 교차로부근,승용,남,39세,상해없음,승용,여,49세,경상
2016101600100553,2016년 10월 16일 21시,일요일,광주광역시 서구 쌍촌동,경상사고,0,0,4,0,차대차 - 추돌,안전운전불이행,습기,비,단일로 - 기타,승용,남,54세,상해없음,승용,남,46세,경상
2016101600100554,2016년 10월 16일 21시,일요일,광주광역시 서구 쌍촌동,경상사고,0,0,4,0,차대차 - 측면직각충돌,안전거리미확보,건조,맑음,단일로 - 기타,화물,남,59세,상해없음,승용,남,35세,경상
2016101600100555,2016년 10월 16일 21시,일요일,광주광역시 서구 광천동,경상사고,0,0,1,0,차대차 - 추돌,안전운전불이행,건조,맑음,단일로 - 기타,승용,남,33세,상해없음,승용,남,52세,경상
2016101600100581,2016년 10월 16일 22시,일요일,광주광역시 서구 내방동,경상사고,0,0,1,1,차대차 - 측면직각충돌,신호위반,건조,맑음,교차로 - 교차로안,승용,남,32세,부상신고,승용,남,50세,경상
2016101600100597,2016년 10월 16일 23시,일요일,광주광역시 남구 주월동,중상사고,0,1,0,0,차대사람 - 횡단중,안전운전불이행,습기,흐림,단일로 - 기타,특수,남,39세,상해없음,보행자,남,21세,중상
2016101700100008,2016년 10월 17일 00시,월요일,광주광역시 광산구 선암동,경상사고,0,0,2,0,차대차 - 추돌,안전운전불이행,습기,흐림,교차로 - 교차로부근,승용,여,44세,상해없음,승용,남,30세,경상
2016101700100039,2016년 10월 17일 05시,월요일,광주광역시 동구 용산동,경상사고,0,0,1,0,차대차 - 추돌,안전운전불이행,습기,비,단일로 - 기타,화물,남,47세,상해없음,승합,남,52세,상해없음
2016101700100040,2016년 10월 17일 05시,월요일,광주광역시 광산구 신창동,경상사고,0,0,3,0,차대차 - 추돌,안전운전불이행,건조,맑음,단일로 - 기타,승용,남,72세,경상,승용,여,23세,경상
2016101700100041,2016년 10월 17일 05시,월요일,광주광역시 광산구 비아동,경상사고,0,0,4,0,차대차 - 측면직각충돌,교차로운행방법위반,습기,흐림,교차로 - 교차로안,승용,여,27세,경상,승용,남,38세,경상
2016101700100081,2016년 10월 17일 07시,월요일,광주광역시 서구 유촌동,경상사고,0,0,3,0,차대차 - 추돌,안전운전불이행,건조,맑음,단일로 - 기타,화물,남,40세,상해없음,승용,남,31세,경상
2016101700100153,2016년 10월 17일 09시,월요일,광주광역시 북구 장등동,경상사고,0,0,1,0,차대차 - 기타,안전운전불이행,건조,맑음,단일로 - 기타,승합,남,68세,상해없음,승용,여,28세,경상
2016101700100163,2016년 10월 17일 09시,월요일,광주광역시 북구 운암동,중상사고,0,2,1,0,차대차 - 정면충돌,중앙선침범,건조,맑음,단일로 - 기타,승합,남,66세,상해없음,승용,남,69세,중상
2016101700100164,2016년 10월 17일 09시,월요일,광주광역시 광산구 월계동,경상사고,0,0,2,0,차대차 - 추돌,안전운전불이행,건조,흐림,교차로 - 교차로부근,화물,남,75세,기타불명,승용,여,50세,경상
2016101700100266,2016년 10월 17일 12시,월요일,광주광역시 광산구 우산동,중상사고,0,1,0,0,차대사람 - 횡단중,안전운전불이행,건조,맑음,단일로 - 기타,승용,남,70세,상해없음,보행자,여,43세,중상
2016101700100304,2016년 10월 17일 13시,월요일,광주광역시 서구 내방동,경상사고,0,0,1,0,차대차 - 측면충돌,차로위반,건조,맑음,단일로 - 기타,승용,남,55세,상해없음,이륜,남,32세,경상
2016101700100341,2016년 10월 17일 14시,월요일,광주광역시 북구 동림동,경상사고,0,0,1,0,차대차 - 추돌,차로위반,건조,맑음,단일로 - 기타,승용,남,55세,상해없음,승용,남,24세,경상
2016101700100342,2016년 10월 17일 14시,월요일,광주광역시 북구 신용동,경상사고,0,0,1,0,차대차 - 기타,안전운전불이행,건조,맑음,단일로 - 기타,승용,남,73세,상해없음,자전거,여,60세,경상
2016101700100343,2016년 10월 17일 14시,월요일,광주광역시 북구 두암동,중상사고,0,1,0,0,차대사람 - 횡단중,안전운전불이행,건조,맑음,단일로 - 기타,승용,여,46세,상해없음,보행자,여,76세,중상
2016101700100344,2016년 10월 17일 14시,월요일,광주광역시 광산구 우산동,경상사고,0,0,1,0,차대차 - 측면충돌,안전운전불이행,건조,맑음,단일로 - 기타,승합,남,33세,상해없음,승용,여,64세,경상
2016101700100377,2016년 10월 17일 15시,월요일,광주광역시 서구 내방동,경상사고,0,0,1,0,차대사람 - 횡단중,안전운전불이행,건조,흐림,단일로 - 횡단보도부근,승용,남,63세,상해없음,보행자,남,12세,경상
2016101700100421,2016년 10월 17일 16시,월요일,광주광역시 광산구 월계동,경상사고,0,0,1,0,차대사람 - 횡단중,안전운전불이행,건조,맑음,단일로 - 기타,승용,여,44세,상해없음,보행자,여,60세,경상
2016101700100466,2016년 10월 17일 17시,월요일,광주광역시 서구 풍암동,경상사고,0,0,2,0,차대차 - 정면충돌,교차로운행방법위반,건조,맑음,교차로 - 교차로안,승용,여,46세,경상,승용,남,34세,경상
2016101700100467,2016년 10월 17일 17시,월요일,광주광역시 남구 진월동,경상사고,0,0,1,0,차대차 - 기타,차로위반,건조,맑음,단일로 - 기타,화물,남,66세,상해없음,승용,남,52세,경상
2016101700100518,2016년 10월 17일 18시,월요일,광주광역시 남구 송하동,경상사고,0,0,1,0,차대사람 - 횡단중,신호위반,건조,맑음,단일로 - 횡단보도상,기타불명,기타불명,기타불명,기타불명,보행자,여,23세,경상
2016101700100607,2016년 10월 17일 20시,월요일,광주광역시 서구 풍암동,경상사고,0,0,4,0,차대차 - 기타,안전거리미확보,건조,맑음,교차로 - 교차로부근,승용,여,52세,상해없음,승용,남,33세,경상
2016101700100677,2016년 10월 17일 23시,월요일,광주광역시 북구 각화동,중상사고,0,2,1,0,차대차 - 측면충돌,중앙선침범,건조,맑음,단일로 - 기타,승용,남,39세,경상,승용,남,43세,중상
2016101700100678,2016년 10월 17일 23시,월요일,광주광역시 북구 유동,경상사고,0,0,2,0,차대차 - 추돌,안전운전불이행,건조,맑음,교차로 - 교차로부근,승용,여,26세,상해없음,승용,여,29세,경상
2016101800100023,2016년 10월 18일 01시,화요일,광주광역시 서구 풍암동,경상사고,0,0,1,0,차대차 - 측면충돌,안전운전불이행,건조,맑음,단일로 - 기타,승용,남,51세,기타불명,승용,남,37세,경상
2016101800100029,2016년 10월 18일 02시,화요일,광주광역시 북구 오치동,경상사고,0,0,1,0,차대차 - 추돌,안전운전불이행,건조,맑음,교차로 - 교차로부근,승용,남,25세,상해없음,승용,남,35세,상해없음
2016101800100050,2016년 10월 18일 05시,화요일,광주광역시 광산구 황룡동,중상사고,0,1,0,0,차대사람 - 차도통행중,안전운전불이행,건조,맑음,교차로 - 교차로부근,승용,남,57세,상해없음,보행자,남,50세,중상
2016101800100066,2016년 10월 18일 06시,화요일,광주광역시 광산구 신창동,경상사고,0,0,1,0,차대차 - 정면충돌,안전운전불이행,건조,맑음,교차로 - 교차로안,승용,남,24세,상해없음,승용,남,43세,경상
2016101800100093,2016년 10월 18일 07시,화요일,광주광역시 광산구 월곡동,경상사고,0,0,1,0,차대차 - 측면직각충돌,안전거리미확보,건조,맑음,교차로 - 교차로부근,승용,남,57세,상해없음,승용,기타불명,기타불명,기타불명
2016101800100151,2016년 10월 18일 08시,화요일,광주광역시 서구 쌍촌동,중상사고,0,1,0,0,차대차 - 측면직각충돌,안전운전불이행,건조,맑음,단일로 - 기타,승용,남,58세,상해없음,이륜,남,58세,중상
2016101800100179,2016년 10월 18일 09시,화요일,광주광역시 서구 쌍촌동,경상사고,0,0,1,0,차대차 - 측면직각충돌,안전운전불이행,건조,맑음,단일로 - 기타,승용,남,46세,상해없음,승용,여,37세,경상