사고번호,사고일시,요일,시군구,사고내용,사망자수,중상자수,경상자수,부상신고자수,사고유형,법규위반,노면상태,기상상태,도로형태,가해운전자 차종,가해운전자 성별,가해운전자 연령,가해운전자 상해정도,피해운전자 차종,피해운전자 성별,피해운전자 연령,피해운전자 상해정도
2016102900100125,2016년 10월 29일 08시,토요일,광주광역시 광산구 하남동,경상사고,0,0,7,0,차대차 - 정면충돌,교차로운행방법위반,건조,맑음,교차로 - 교차로안,승용,남,60세,상해없음,승합,남,33세,경상
2016102900100219,2016년 10월 29일 11시,토요일,광주광역시 북구 두암동,경상사고,0,0,1,0,차대사람 - 보도통행중,안전운전불이행,건조,맑음,단일로 - 기타,화물,남,45세,상해없음,보행자,남,71세,경상
2016102900100246,2016년 10월 29일 12시,토요일,광주광역시 서구 매월동,중상사고,0,1,0,0,차대차 - 기타,안전운전불이행,건조,맑음,교차로 - 교차로부근,이륜,남,55세,중상,승용,남,31세,상해없음
2016102900100284,2016년 10월 29일 13시,토요일,광주광역시 서구 치평동,중상사고,0,1,0,0,차대차 - 기타,안전운전불이행,건조,맑음,교차로 - 교차로안,이륜,여,31세,중상,승용,남,31세,상해없음
2016102900100327,2016년 10월 29일 14시,토요일,광주광역시 남구 봉선동,경상사고,0,0,1,0,차대사람 - 길가장자리구역통행중,안전운전불이행,건조,맑음,단일로 - 기타,승용,남,59세,상해없음,보행자,여,28세,경상
2016102900100328,2016년 10월 29일 14시,토요일,광주광역시 북구 각화동,경상사고,0,0,2,0,차대차 - 추돌,안전거리미확보,건조,맑음,단일로 - 기타,승용,여,61세,상해없음,승합,남,53세,상해없음
2016102900100329,2016년 10월 29일 14시,토요일,광주광역시 북구 운암동,경상사고,0,0,1,0,차대사람 - 횡단중,신호위반,건조,맑음,교차로 - 교차로부근,화물,남,32세,상해없음,보행자,여,72세,경상
2016102900100359,2016년 10월 29일 15시,토요일,광주광역시 광산구 본덕동,경상사고,0,0,1,0,차대차 - 추돌,안전거리미확보,건조,맑음,단일로 - 기타,승용,남,51세,상해없음,승용,남,54세,상해없음
2016102900100486,2016년 10월 29일 18시,토요일,광주광역시 서구 치평동,경상사고,0,0,1,0,차대차 - 기타,안전거리미확보,건조,맑음,단일로 - 기타,기타불명,기타불명,기타불명,기타불명,승용,남,25세,상해없음
2016102900100487,2016년 10월 29일 18시,토요일,광주광역시 광산구 신촌동,경상사고,0,0,2,0,차대차 - 추돌,안전운전불이행,건조,맑음,단일로 - 기타,승용,남,57세,상해없음,승용,남,44세,경상
2016102900100524,2016년 10월 29일 19시,토요일,광주광역시 동구 서석동,경상사고,0,0,2,0,차대차 - 측면충돌,안전거리미확보,건조,맑음,단일로 - 기타,승합,남,58세,상해없음,이륜,남,73세,경상
2016102900100525,2016년 10월 29일 19시,토요일,광주광역시 북구 양산동,부상신고사고,0,0,0,1,차대사람 - 횡단중,안전운전불이행,건조,맑음,교차로 - 교차로부근,기타불명,기타불명,기타불명,기타불명,보행자,남,38세,부상신고
2016102900100549,2016년 10월 29일 20시,토요일,광주광역시 남구 진월동,경상사고,0,0,1,0,차대차 - 측면직각충돌,안전거리미확보,건조,맑음,단일로 - 기타,승용,남,22세,상해없음,승용,여,38세,경상
2016102900100550,2016년 10월 29일 20시,토요일,광주광역시 광산구 우산동,경상사고,0,0,2,0,차대차 - 측면충돌,중앙선침범,건조,맑음,단일로 - 기타,승용,남,35세,상해없음,승용,남,51세,경상
2016102900100576,2016년 10월 29일 21시,토요일,광주광역시 서구 매월동,경상사고,0,0,2,0,차대차 - 측면직각충돌,안전운전불이행,건조,맑음,단일로 - 기타,화물,여,55세,상해없음,승용,남,44세,경상
2016102900100577,2016년 10월 29일 21시,토요일,광주광역시 북구 우산동,중상사고,0,1,0,0,차대사람 - 기타,보행자보호의무위반,건조,맑음,교차로 - 교차로안,승용,남,44세,상해없음,보행자,남,57세,중상
2016102900100621,2016년 10월 29일 23시,토요일,광주광역시 서구 쌍촌동,경상사고,0,0,2,0,차대차 - 측면직각충돌,교차로운행방법위반,건조,맑음,교차로 - 교차로안,승용,남,48세,경상,승용,남,32세,상해없음
2016103000100016,2016년 10월 30일 00시,일요일,광주광역시 광산구 도산동,경상사고,0,0,1,0,차대차 - 추돌,안전운전불이행,건조,맑음,교차로 - 교차로안,승용,남,19세,상해없음,승용,남,52세,경상
2016103000100017,2016년 10월 30일 00시,일요일,광주광역시 광산구 옥동,경상사고,0,0,1,0,차대차 - 추돌,안전운전불이행,건조,맑음,단일로 - 기타,승용,남,62세,상해없음,자전거,남,23세,경상
2016103000100046,2016년 10월 30일 01시,일요일,광주광역시 서구 쌍촌동,경상사고,0,0,1,0,차대차 - 추돌,안전운전불이행,건조,맑음,교차로 - 교차로부근,승용,남,35세,상해없음,승용,남,55세,상해없음
2016103000100067,2016년 10월 30일 02시,일요일,광주광역시 동구 수기동,경상사고,0,0,1,0,차대차 - 추돌,안전거리미확보,건조,흐림,단일로 - 기타,승용,남,19세,상해없음,승용,여,36세,경상
2016103000100117,2016년 10월 30일 07시,일요일,광주광역시 서구 치평동,경상사고,0,0,1,0,차대차 - 추돌,안전거리미확보,건조,맑음,교차로 - 교차로안,승용,남,37세,상해없음,승용,남,38세,경상
2016103000100155,2016년 10월 30일 09시,일요일,광주광역시 북구 우산동,중상사고,0,1,1,0,차대차 - 측면충돌,안전운전불이행,건조,맑음,단일로 - 기타,자전거,여,74세,경상,이륜,남,50세,중상
2016103000100288,2016년 10월 30일 14시,일요일,광주광역시 북구 두암동,경상사고,0,0,3,0,차대차 - 기타,안전운전불이행,건조,맑음,교차로 - 교차로안,승용,여,25세,상해없음,승용,여,38세,경상
2016103000100358,2016년 10월 30일 16시,일요일,광주광역시 동구 금남로4가,경상사고,0,0,1,0,차대사람 - 횡단중,안전운전불이행,건조,맑음,단일로 - 기타,승용,여,52세,상해없음,보행자,여,76세,경상
2016103000100359,2016년 10월 30일 16시,일요일,광주광역시 북구 지야동,경상사고,0,0,4,0,차대차 - 측면충돌,교차로운행방법위반,건조,맑음,교차로 - 교차로안,승용,남,57세,경상,승용,남,56세,경상
2016103000100360,2016년 10월 30일 16시,일요일,광주광역시 북구 운암동,중상사고,0,1,0,0,차대차 - 정면충돌,안전운전불이행,건조,맑음,교차로 - 교차로부근,승용,여,58세,상해없음,이륜,남,21세,중상
2016103000100455,2016년 10월 30일 19시,일요일,광주광역시 서구 풍암동,중상사고,0,1,0,0,차대차 - 측면직각충돌,안전운전불이행,건조,맑음,단일로 - 기타,이륜,남,44세,중상,화물,여,45세,상해없음
2016103000100456,2016년 10월 30일 19시,일요일,광주광역시 광산구 신촌동,사망사고,1,0,0,0,차대사람 - 차도통행중,안전운전불이행,건조,맑음,단일로 - 기타,승용,남,36세,상해없음,보행자,남,50세,사망
2016103000100457,2016년 10월 30일 19시,일요일,광주광역시 광산구 송정동,경상사고,0,0,1,0,차대사람 - 횡단중,안전운전불이행,건조,맑음,단일로 - 기타,기타불명,기타불명,기타불명,기타불명,보행자,여,60세,경상
2016103000100526,2016년 10월 30일 21시,일요일,광주광역시 서구 쌍촌동,경상사고,0,0,1,0,차대차 - 기타,중앙선침범,건조,맑음,단일로 - 기타,승용,남,52세,상해없음,승용,남,62세,경상
2016103000100527,2016년 10월 30일 21시,일요일,광주광역시 서구 광천동,경상사고,0,0,1,0,차대차 - 기타,교차로운행방법위반,건조,맑음,교차로 - 교차로안,승용,남,73세,상해없음,승용,여,56세,상해없음
2016103100100006,2016년 10월 31일 00시,월요일,광주광역시 서구 치평동,중상사고,0,1,2,0,차대차 - 측면직각충돌,신호위반,건조,흐림,교차로 - 교차로안,승용,여,51세,중상,승용,여,44세,경상
2016103100100007,2016년 10월 31일 00시,월요일,광주광역시 북구 동림동,중상사고,0,4,0,0,차대차 - 측면충돌,중앙선침범,건조,맑음,단일로 - 교량,승용,남,60세,중상,승용,여,48세,중상
2016103100100037,2016년 10월 31일 04시,월요일,광주광역시 남구 주월동,중상사고,0,1,0,0,차대차 - 측면직각충돌,신호위반,건조,맑음,교차로 - 교차로안,승용,남,48세,상해없음,승용,남,50세,중상
2016103100100096,2016년 10월 31일 07시,월요일,광주광역시 북구 대촌동,경상사고,0,0,2,0,차대차 - 측면충돌,직진우회전진행방해,건조,맑음,교차로 - 교차로안,승합,남,55세,경상,승용,남,38세,경상
2016103100100165,2016년 10월 31일 09시,월요일,광주광역시 광산구 우산동,경상사고,0,0,1,0,차대사람 - 횡단중,안전운전불이행,습기,흐림,교차로 - 교차로안,화물,남,46세,상해없음,보행자,여,44세,경상
2016103100100186,2016년 10월 31일 10시,월요일,광주광역시 동구 동명동,경상사고,0,0,1,0,차대사람 - 기타,안전운전불이행,습기,비,단일로 - 기타,기타불명,기타불명,기타불명,기타불명,보행자,여,74세,경상
2016103100100217,2016년 10월 31일 11시,월요일,광주광역시 북구 일곡동,중상사고,0,1,0,0,차대차 - 측면직각충돌,안전운전불이행,습기,비,교차로 - 교차로안,화물,남,26세,상해없음,승용,여,66세,중상
2016103100100218,2016년 10월 31일 11시,월요일,광주광역시 광산구 하남동,중상사고,0,1,1,0,차대차 - 정면충돌,교차로운행방법위반,습기,흐림,교차로 - 교차로안,화물,남,66세,상해없음,승용,남,54세,중상
2016103100100241,2016년 10월 31일 12시,월요일,광주광역시 동구 금남로2가,경상사고,0,0,1,0,차대사람 - 횡단중,안전운전불이행,건조,맑음,기타 - 기타,승용,남,46세,상해없음,보행자,여,58세,경상
2016103100100242,2016년 10월 31일 12시,월요일,광주광역시 서구 풍암동,경상사고,0,0,1,0,차대사람 - 길가장자리구역통행중,안전운전불이행,습기,비,단일로 - 기타,승용,남,54세,상해없음,보행자,남,44세,경상
2016103100100265,2016년 10월 31일 13시,월요일,광주광역시 북구 연제동,경상사고,0,0,1,0,차대차 - 추돌,안전운전불이행,건조,맑음,단일로 - 기타,승용,여,31세,상해없음,승용,남,59세,경상
2016103100100266,2016년 10월 31일 13시,월요일,광주광역시 북구 신안동,경상사고,0,0,1,0,차대차 - 추돌,안전운전불이행,건조,맑음,교차로 - 교차로부근,승용,여,48세,경상,화물,여,48세,상해없음
2016103100100267,2016년 10월 31일 13시,월요일,광주광역시 광산구 운남동,중상사고,0,1,0,0,차대사람 - 기타,안전운전불이행,건조,맑음,단일로 - 기타,승용,남,65세,상해없음,보행자,여,83세,중상
2016103100100298,2016년 10월 31일 14시,월요일,광주광역시 남구 방림동,중상사고,0,1,0,0,차대차 - 측면충돌,신호위반,건조,맑음,교차로 - 교차로안,승용,여,31세,기타불명,승용,남,63세,중상
2016103100100329,2016년 10월 31일 15시,월요일,광주광역시 북구 우산동,경상사고,0,0,2,0,차대차 - 측면충돌,차로위반,건조,맑음,교차로 - 교차로안,원동기,남,72세,경상,승용,남,52세,상해없음
2016103100100363,2016년 10월 31일 16시,월요일,광주광역시 남구 주월동,경상사고,0,0,1,0,차대사람 - 기타,안전운전불이행,건조,맑음,단일로 - 기타,승용,남,45세,상해없음,보행자,여,58세,경상
2016103100100364,2016년 10월 31일 16시,월요일,광주광역시 광산구 신창동,경상사고,0,0,1,0,차대사람 - 기타,안전운전불이행,건조,맑음,단일로 - 기타,승합,남,58세,상해없음,보행자,여,71세,경상
2016103100100401,2016년 10월 31일 17시,월요일,광주광역시 서구 풍암동,중상사고,0,1,0,0,차대차 - 기타,안전운전불이행,건조,맑음,단일로 - 기타,승용,남,70세,상해없음,이륜,남,75세,중상
2016103100100552,2016년 10월 31일 20시,월요일,광주광역시 북구 두암동,경상사고,0,0,1,0,차대사람 - 횡단중,안전운전불이행,건조,맑음,교차로 - 교차로부근,승용,남,36세,상해없음,보행자,남,53세,경상
2016110100100038,2016년 11월 1일 02시,화요일,광주광역시 서구 화정동,경상사고,0,0,3,0,차대차 - 정면충돌,교차로운행방법위반,건조,맑음,교차로 - 교차로안,승용,남,22세,상해없음,승용,남,64세,상해없음
2016110100100039,2016년 11월 1일 02시,화요일,광주광역시 북구 용봉동,경상사고,0,0,5,0,차대차 - 정면충돌,안전운전불이행,건조,맑음,교차로 - 교차로안,승용,남,55세,경상,승용,남,65세,경상
2016110100100068,2016년 11월 1일 06시,화요일,광주광역시 서구 농성동,경상사고,0,0,1,0,차대차 - 측면직각충돌,교차로운행방법위반,건조,맑음,교차로 - 교차로안,승용,남,70세,상해없음,이륜,남,73세,경상
2016110100100191,2016년 11월 1일 09시,화요일,광주광역시 동구 학동,중상사고,0,1,0,0,차대사람 - 횡단중,안전운전불이행,건조,맑음,교차로 - 교차로부근,승용,남,67세,상해없음,보행자,남,55세,중상
2016110100100344,2016년 11월 1일 14시,화요일,광주광역시 서구 쌍촌동,경상사고,0,0,1,0,차대차 - 추돌,차로위반,건조,맑음,교차로 - 교차로부근,승용,남,66세,상해없음,승용,남,18세,상해없음
2016110100100345,2016년 11월 1일 14시,화요일,광주광역시 북구 각화동,경상사고,0,0,1,0,차대사람 - 횡단중,안전운전불이행,건조,맑음,단일로 - 기타,승용,남,48세,상해없음,보행자,여,62세,경상
2016110100100346,2016년 11월 1일 14시,화요일,광주광역시 광산구 장록동,중상사고,0,1,0,0,차대차 - 측면충돌,안전운전불이행,건조,맑음,단일로 - 기타,화물,남,65세,상해없음,이륜,남,57세,중상
2016110100100387,2016년 11월 1일 15시,화요일,광주광역시 서구 양동,경상사고,0,0,1,0,차대사람 - 기타,안전운전불이행,건조,맑음,단일로 - 기타,승용,남,55세,상해없음,보행자,여,21세,경상
2016110100100458,2016년 11월 1일 17시,화요일,광주광역시 서구 쌍촌동,경상사고,0,0,3,0,차대차 - 추돌,안전운전불이행,건조,맑음,교차로 - 교차로부근,승용,남,48세,상해없음,승용,여,34세,경상
2016110100100459,2016년 11월 1일 17시,화요일,광주광역시 광산구 산정동,경상사고,0,0,2,0,차대차 - 추돌,안전운전불이행,건조,맑음,단일로 - 기타,승용,남,55세,상해없음,승용,남,63세,경상
2016110100100460,2016년 11월 1일 17시,화요일,광주광역시 광산구 우산동,중상사고,0,1,0,0,차대차 - 측면직각충돌,안전운전불이행,건조,맑음,단일로 - 기타,승용,여,49세,상해없음,자전거,남,60세,중상
2016110100100519,2016년 11월 1일 18시,화요일,광주광역시 서구 풍암동,경상사고,0,0,1,0,차대차 - 추돌,안전거리미확보,건조,맑음,단일로 - 기타,승용,남,57세,상해없음,승용,남,35세,경상
2016110100100520,2016년 11월 1일 18시,화요일,광주광역시 북구 신안동,경상사고,0,0,1,0,차대사람 - 횡단중,안전운전불이행,건조,맑음,단일로 - 기타,승용,남,47세,상해없음,보행자,여,90세 이상,경상
2016110100100521,2016년 11월 1일 18시,화요일,광주광역시 북구 유동,경상사고,0,0,1,0,차대사람 - 기타,기타,건조,맑음,단일로 - 기타,승합,남,61세,상해없음,보행자,여,69세,경상
2016110100100639,2016년 11월 1일 22시,화요일,광주광역시 남구 진월동,경상사고,0,0,1,0,차대차 - 측면충돌,안전운전불이행,건조,맑음,단일로 - 기타,승용,남,52세,상해없음,승용,남,43세,경상
2016110200100041,2016년 11월 2일 03시,수요일,광주광역시 동구 학동,경상사고,0,0,1,0,차대사람 - 기타,안전운전불이행,건조,맑음,교차로 - 교차로안,승용,남,56세,상해없음,보행자,남,21세,경상
2016110200100072,2016년 11월 2일 06시,수요일,광주광역시 광산구 우산동,경상사고,0,0,1,0,차대차 - 측면충돌,차로위반,건조,맑음,단일로 - 기타,건설기계,남,58세,상해없음,승용,여,25세,경상
2016110200100158,2016년 11월 2일 08시,수요일,광주광역시 북구 용봉동,경상사고,0,0,1,0,차대차 - 추돌,안전운전불이행,건조,맑음,단일로 - 기타,승용,남,25세,상해없음,승용,남,43세,경상
2016110200100159,2016년 11월 2일 08시,수요일,광주광역시 북구 매곡동,경상사고,0,0,1,0,차대사람 - 횡단중,보행자보호의무위반,건조,맑음,교차로 - 교차로부근,화물,남,28세,상해없음,보행자,여,39세,경상
2016110200100160,2016년 11월 2일 08시,수요일,광주광역시 광산구 월계동,경상사고,0,0,2,0,차대차 - 측면직각충돌,안전거리미확보,건조,맑음,단일로 - 기타,승용,여,49세,기타불명,승용,남,31세,경상
2016110200100161,2016년 11월 2일 08시,수요일,광주광역시 광산구 우산동,경상사고,0,0,1,0,차대차 - 추돌,안전거리미확보,건조,맑음,단일로 - 기타,승용,남,24세,상해없음,승용,여,43세,경상
2016110200100233,2016년 11월 2일 10시,수요일,광주광역시 서구 쌍촌동,경상사고,0,0,1,0,차대차 - 정면충돌,신호위반,건조,맑음,교차로 - 교차로안,승용,남,31세,상해없음,승용,여,33세,경상
2016110200100270,2016년 11월 2일 11시,수요일,광주광역시 북구 두암동,경상사고,0,0,1,0,차대사람 - 횡단중,기타,건조,맑음,단일로 - 기타,승용,남,45세,상해없음,보행자,남,59세,경상
2016110200100271,2016년 11월 2일 11시,수요일,광주광역시 광산구 월계동,경상사고,0,0,1,0,차대사람 - 횡단중,안전운전불이행,건조,맑음,교차로 - 교차로안,승용,여,51세,상해없음,보행자,여,84세,경상
2016110200100299,2016년 11월 2일 12시,수요일,광주광역시 서구 화정동,사망사고,1,0,0,0,차대차 - 측면직각충돌,안전운전불이행,건조,맑음,단일로 - 기타,승합,남,35세,상해없음,자전거,남,83세,사망
2016110200100300,2016년 11월 2일 12시,수요일,광주광역시 광산구 동호동,사망사고,1,0,0,0,차대차 - 추돌,안전운전불이행,건조,맑음,단일로 - 기타,승용,여,58세,상해없음,자전거,남,80세,사망
2016110200100377,2016년 11월 2일 15시,수요일,광주광역시 남구 진월동,경상사고,0,0,1,0,차대사람 - 횡단중,기타,건조,맑음,교차로 - 교차로부근,승용,여,42세,상해없음,보행자,여,42세,경상
2016110200100378,2016년 11월 2일 15시,수요일,광주광역시 광산구 수완동,경상사고,0,0,2,0,차대차 - 측면직각충돌,교차로운행방법위반,건조,맑음,교차로 - 교차로안,승합,남,66세,상해없음,승용,여,40세,경상
2016110200100404,2016년 11월 2일 16시,수요일,광주광역시 서구 동천동,경상사고,0,0,1,0,차대사람 - 횡단중,보행자보호의무위반,건조,맑음,교차로 - 교차로부근,승용,여,34세,상해없음,보행자,남,7세,경상
2016110200100450,2016년 11월 2일 17시,수요일,광주광역시 북구 운암동,중상사고,0,1,0,0,차대사람 - 횡단중,기타,건조,맑음,단일로 - 기타,승용,여,21세,상해없음,보행자,남,4세,중상
2016110200100494,2016년 11월 2일 18시,수요일,광주광역시 서구 쌍촌동,중상사고,0,1,0,0,차대사람 - 횡단중,안전운전불이행,건조,맑음,교차로 - 교차로안,승용,여,23세,상해없음,보행자,여,59세,중상
2016110200100495,2016년 11월 2일 18시,수요일,광주광역시 서구 양동,경상사고,0,0,1,0,차대차 - 측면직각충돌,안전운전불이행,건조,맑음,단일로 - 기타,승용,남,26세,상해없음,승용,여,41세,경상
2016110200100496,2016년 11월 2일 18시,수요일,광주광역시 남구 방림동,경상사고,0,0,1,0,차대사람 - 횡단중,보행자보호의무위반,건조,맑음,단일로 - 기타,승용,남,79세,상해없음,보행자,남,30세,경상
2016110200100497,2016년 11월 2일 18시,수요일,광주광역시 북구 연제동,경상사고,0,0,1,0,차대차 - 측면충돌,안전운전불이행,건조,맑음,단일로 - 기타,승용,남,58세,상해없음,승용,남,48세,경상
2016110200100498,2016년 11월 2일 18시,수요일,광주광역시 광산구 월계동,중상사고,0,1,0,0,차대사람 - 횡단중,안전운전불이행,건조,맑음,단일로 - 기타,승용,여,45세,상해없음,보행자,여,10세,중상
2016110200100535,2016년 11월 2일 19시,수요일,광주광역시 서구 화정동,경상사고,0,0,1,0,차대차 - 기타,차로위반,건조,기타,단일로 - 기타,승용,여,56세,상해없음,이륜,남,19세,경상
2016110200100536,2016년 11월 2일 19시,수요일,광주광역시 북구 용봉동,경상사고,0,0,2,0,차대차 - 측면직각충돌,안전운전불이행,건조,맑음,교차로 - 교차로안,승용,여,40세,경상,승용,여,32세,경상
2016110200100537,2016년 11월 2일 19시,수요일,광주광역시 북구 연제동,경상사고,0,0,1,0,차대차 - 추돌,안전운전불이행,건조,맑음,단일로 - 기타,화물,남,49세,상해없음,승용,여,56세,경상
2016110200100538,2016년 11월 2일 19시,수요일,광주광역시 광산구 월곡동,중상사고,0,1,0,0,차대차 - 측면직각충돌,안전거리미확보,건조,맑음,단일로 - 기타,승용,남,60세,상해없음,이륜,남,59세,중상
2016110200100573,2016년 11월 2일 20시,수요일,광주광역시 광산구 운남동,경상사고,0,0,1,0,차대사람 - 기타,안전운전불이행,건조,맑음,단일로 - 기타,승합,남,39세,상해없음,보행자,여,47세,경상
2016110200100603,2016년 11월 2일 21시,수요일,광주광역시 남구 진월동,경상사고,0,0,1,0,차대차 - 측면직각충돌,안전운전불이행,건조,맑음,단일로 - 기타,승용,남,57세,기타불명,승용,남,30세,경상
2016110200100604,2016년 11월 2일 21시,수요일,광주광역시 남구 백운동,경상사고,0,0,1,0,차대차 - 추돌,안전거리미확보,건조,맑음,단일로 - 기타,승용,남,58세,상해없음,승용,여,62세,경상
2016110200100628,2016년 11월 2일 22시,수요일,광주광역시 서구 화정동,경상사고,0,0,1,0,차대사람 - 횡단중,보행자보호의무위반,건조,맑음,단일로 - 횡단보도상,승용,여,47세,기타불명,보행자,남,53세,경상
2016110200100629,2016년 11월 2일 22시,수요일,광주광역시 광산구 쌍암동,경상사고,0,0,1,0,차대사람 - 횡단중,안전운전불이행,건조,맑음,교차로 - 교차로부근,승용,남,27세,상해없음,보행자,남,43세,경상
2016110200100663,2016년 11월 2일 23시,수요일,광주광역시 동구 학동,중상사고,0,2,0,0,차대차 - 측면직각충돌,신호위반,건조,맑음,교차로 - 교차로안,승용,남,31세,중상,승용,남,59세,중상
2016110200100664,2016년 11월 2일 23시,수요일,광주광역시 광산구 우산동,중상사고,0,1,1,0,차량단독 - 전도전복,안전운전불이행,건조,맑음,단일로 - 기타,승용,남,18세,경상,,,,
2016110300100155,2016년 11월 3일 08시,목요일,광주광역시 북구 신용동,경상사고,0,0,4,0,차대차 - 추돌,안전거리미확보,건조,맑음,단일로 - 기타,승용,남,40세,경상,승용,남,32세,경상
2016110300100184,2016년 11월 3일 09시,목요일,광주광역시 서구 매월동,경상사고,0,0,1,0,차대차 - 측면직각충돌,차로위반,건조,맑음,교차로 - 교차로부근,화물,남,34세,상해없음,승용,여,33세,경상
2016110300100185,2016년 11월 3일 09시,목요일,광주광역시 북구 동림동,중상사고,0,1,0,0,차대사람 - 횡단중,보행자보호의무위반,건조,맑음,교차로 - 교차로안,승용,남,22세,상해없음,보행자,여,82세,중상
2016110300100290,2016년 11월 3일 13시,목요일,광주광역시 남구 백운동,중상사고,0,1,2,0,차대차 - 추돌,안전거리미확보,건조,맑음,단일로 - 기타,승용,남,59세,경상,승용,남,37세,중상
2016110300100323,2016년 11월 3일 14시,목요일,광주광역시 서구 화정동,경상사고,0,0,2,0,차대차 - 기타,안전거리미확보,건조,맑음,교차로 - 교차로부근,승용,여,39세,경상,승용,여,38세,경상
2016110300100324,2016년 11월 3일 14시,목요일,광주광역시 서구 농성동,경상사고,0,0,2,0,차대차 - 추돌,안전운전불이행,건조,맑음,교차로 - 교차로안,화물,남,33세,상해없음,승용,여,29세,상해없음
2016110300100401,2016년 11월 3일 16시,목요일,광주광역시 서구 쌍촌동,경상사고,0,0,1,0,차대차 - 측면직각충돌,안전운전불이행,건조,맑음,교차로 - 교차로안,승용,여,39세,상해없음,이륜,남,37세,경상
2016110300100402,2016년 11월 3일 16시,목요일,광주광역시 남구 월산동,중상사고,0,1,0,0,차대차 - 측면충돌,신호위반,건조,맑음,단일로 - 횡단보도상,승용,남,72세,상해없음,자전거,남,51세,중상
2016110300100403,2016년 11월 3일 16시,목요일,광주광역시 광산구 소촌동,중상사고,0,1,0,0,차대사람 - 횡단중,안전운전불이행,건조,맑음,단일로 - 기타,승용,남,35세,상해없음,보행자,여,71세,중상
2016110300100404,2016년 11월 3일 16시,목요일,광주광역시 광산구 신가동,경상사고,0,0,1,0,차대차 - 추돌,안전운전불이행,건조,맑음,단일로 - 기타,승용,남,35세,상해없음,승용,남,21세,경상
2016110300100405,2016년 11월 3일 16시,목요일,광주광역시 광산구 신창동,경상사고,0,0,1,0,차대차 - 측면직각충돌,교차로운행방법위반,건조,맑음,교차로 - 교차로안,승용,남,39세,상해없음,승용,남,59세,경상
2016110300100450,2016년 11월 3일 17시,목요일,광주광역시 서구 금호동,경상사고,0,0,1,0,차대차 - 측면직각충돌,안전운전불이행,건조,맑음,단일로 - 기타,자전거,남,15세,경상,승용,여,54세,상해없음
2016110300100451,2016년 11월 3일 17시,목요일,광주광역시 북구 양산동,중상사고,0,1,0,0,차대사람 - 횡단중,안전운전불이행,건조,맑음,단일로 - 기타,승용,여,55세,상해없음,보행자,여,13세,중상
2016110300100504,2016년 11월 3일 18시,목요일,광주광역시 서구 매월동,경상사고,0,0,1,0,차대차 - 추돌,안전거리미확보,건조,맑음,단일로 - 기타,화물,남,65세,상해없음,승용,남,25세,경상
2016110300100545,2016년 11월 3일 19시,목요일,광주광역시 북구 운암동,중상사고,0,1,0,0,차대사람 - 횡단중,신호위반,건조,맑음,단일로 - 횡단보도상,승용,남,63세,상해없음,보행자,여,11세,중상
2016110300100602,2016년 11월 3일 21시,목요일,광주광역시 북구 용봉동,경상사고,0,0,1,0,차대차 - 기타,신호위반,건조,맑음,교차로 - 교차로안,승용,여,40세,상해없음,자전거,남,30세,경상
2016110300100652,2016년 11월 3일 23시,목요일,광주광역시 서구 쌍촌동,경상사고,0,0,1,0,차대사람 - 횡단중,안전운전불이행,건조,맑음,교차로 - 교차로안,승용,여,33세,상해없음,보행자,남,67세,경상
2016110400100025,2016년 11월 4일 01시,금요일,광주광역시 북구 오치동,경상사고,0,0,1,0,차량단독 - 공작물충돌,안전운전불이행,건조,맑음,단일로 - 기타,승용,남,24세,경상,,,,
2016110400100035,2016년 11월 4일 02시,금요일,광주광역시 북구 운암동,경상사고,0,0,2,0,차대차 - 측면직각충돌,신호위반,건조,맑음,교차로 - 교차로안,승용,남,55세,상해없음,승용,남,22세,경상
2016110400100053,2016년 11월 4일 04시,금요일,광주광역시 광산구 도천동,경상사고,0,0,1,0,차대차 - 추돌,안전운전불이행,건조,맑음,단일로 - 기타,승용,남,36세,상해없음,화물,남,55세,경상
2016110400100064,2016년 11월 4일 05시,금요일,광주광역시 광산구 하남동,경상사고,0,0,1,0,차대차 - 기타,신호위반,건조,맑음,교차로 - 교차로안,승용,남,27세,상해없음,승용,여,64세,경상
2016110400100099,2016년 11월 4일 07시,금요일,광주광역시 북구 신용동,경상사고,0,0,1,0,차대차 - 추돌,안전운전불이행,건조,맑음,단일로 - 기타,자전거,남,20세,경상,승용,남,55세,상해없음
2016110400100100,2016년 11월 4일 07시,금요일,광주광역시 북구 신안동,경상사고,0,0,1,0,차대차 - 측면충돌,안전운전불이행,건조,맑음,교차로 - 교차로부근,승용,남,26세,상해없음,자전거,남,25세,경상
2016110400100144,2016년 11월 4일 08시,금요일,광주광역시 남구 백운동,경상사고,0,0,1,0,차대사람 - 차도통행중,안전운전불이행,건조,맑음,단일로 - 기타,승합,남,66세,상해없음,보행자,여,67세,경상
2016110400100229,2016년 11월 4일 11시,금요일,광주광역시 남구 행암동,경상사고,0,0,3,0,차대차 - 정면충돌,중앙선침범,건조,맑음,단일로 - 기타,승용,남,42세,상해없음,승용,남,26세,경상