사고번호,사고일시,요일,시군구,사고내용,사망자수,중상자수,경상자수,부상신고자수,사고유형,법규위반,노면상태,기상상태,도로형태,가해운전자 차종,가해운전자 성별,가해운전자 연령,가해운전자 상해정도,피해운전자 차종,피해운전자 성별,피해운전자 연령,피해운전자 상해정도
2016110400100230,2016년 11월 4일 11시,금요일,광주광역시 북구 신안동,경상사고,0,0,3,0,차대차 - 기타,안전운전불이행,건조,맑음,단일로 - 기타,승용,남,32세,상해없음,승용,남,68세,경상
2016110400100249,2016년 11월 4일 12시,금요일,광주광역시 서구 치평동,경상사고,0,0,1,0,차대사람 - 기타,안전운전불이행,건조,맑음,단일로 - 기타,승용,남,54세,상해없음,보행자,남,58세,경상
2016110400100250,2016년 11월 4일 12시,금요일,광주광역시 광산구 신창동,중상사고,0,1,0,0,차대차 - 기타,안전운전불이행,건조,맑음,교차로 - 교차로안,승용,여,38세,상해없음,원동기,남,30세,중상
2016110400100282,2016년 11월 4일 13시,금요일,광주광역시 북구 용봉동,경상사고,0,0,1,0,차대사람 - 횡단중,안전운전불이행,건조,맑음,단일로 - 기타,승용,남,51세,상해없음,보행자,여,25세,경상
2016110400100283,2016년 11월 4일 13시,금요일,광주광역시 광산구 본덕동,경상사고,0,0,5,0,차대차 - 추돌,안전거리미확보,건조,맑음,단일로 - 기타,화물,남,55세,경상,승용,여,29세,경상
2016110400100319,2016년 11월 4일 14시,금요일,광주광역시 남구 진월동,경상사고,0,0,1,0,차대차 - 측면직각충돌,안전거리미확보,건조,맑음,단일로 - 기타,승용,남,27세,상해없음,이륜,남,75세,경상
2016110400100368,2016년 11월 4일 15시,금요일,광주광역시 북구 운암동,경상사고,0,0,1,0,차대차 - 측면직각충돌,신호위반,건조,맑음,교차로 - 교차로안,승용,여,42세,상해없음,승용,남,44세,경상
2016110400100369,2016년 11월 4일 15시,금요일,광주광역시 광산구 옥동,경상사고,0,0,3,0,차대차 - 추돌,안전거리미확보,건조,맑음,교차로 - 교차로부근,승용,남,46세,상해없음,승용,남,59세,경상
2016110400100370,2016년 11월 4일 15시,금요일,광주광역시 광산구 월계동,경상사고,0,0,1,0,차대차 - 측면직각충돌,안전거리미확보,건조,맑음,교차로 - 교차로안,승합,남,56세,상해없음,원동기,남,20세,경상
2016110400100407,2016년 11월 4일 16시,금요일,광주광역시 광산구 송정동,경상사고,0,0,1,0,차대차 - 기타,안전운전불이행,건조,맑음,단일로 - 기타,승용,남,57세,상해없음,승용,남,49세,경상
2016110400100450,2016년 11월 4일 17시,금요일,광주광역시 동구 지산동,경상사고,0,0,1,0,차대차 - 추돌,안전운전불이행,건조,맑음,단일로 - 기타,화물,남,61세,상해없음,승용,남,40세,경상
2016110400100451,2016년 11월 4일 17시,금요일,광주광역시 북구 운암동,경상사고,0,0,1,0,차대차 - 추돌,안전운전불이행,건조,맑음,교차로 - 교차로안,승합,남,40세,기타불명,승용,남,56세,경상
2016110400100551,2016년 11월 4일 19시,금요일,광주광역시 광산구 송정동,중상사고,0,2,1,0,차대차 - 측면직각충돌,안전거리미확보,건조,맑음,단일로 - 기타,승용,남,46세,상해없음,승용,남,28세,경상
2016110400100552,2016년 11월 4일 19시,금요일,광주광역시 광산구 신창동,경상사고,0,0,3,0,차대차 - 추돌,안전운전불이행,건조,맑음,단일로 - 기타,승용,남,24세,상해없음,승용,남,36세,경상
2016110400100614,2016년 11월 4일 21시,금요일,광주광역시 광산구 월계동,경상사고,0,0,1,0,차대사람 - 길가장자리구역통행중,안전운전불이행,건조,맑음,단일로 - 기타,특수,남,45세,상해없음,보행자,남,55세,경상
2016110400100654,2016년 11월 4일 23시,금요일,광주광역시 서구 동천동,부상신고사고,0,0,0,1,차대사람 - 횡단중,안전운전불이행,건조,맑음,단일로 - 기타,승용,기타불명,기타불명,기타불명,보행자,남,16세,부상신고
2016110500100014,2016년 11월 5일 00시,토요일,광주광역시 남구 주월동,경상사고,0,0,2,0,차대차 - 측면직각충돌,교차로운행방법위반,건조,맑음,교차로 - 교차로안,승용,여,47세,경상,승용,남,56세,경상
2016110500100077,2016년 11월 5일 04시,토요일,광주광역시 북구 문흥동,경상사고,0,0,1,0,차대차 - 기타,안전운전불이행,건조,맑음,교차로 - 교차로부근,원동기,남,33세,경상,화물,남,60세,기타불명
2016110500100078,2016년 11월 5일 04시,토요일,광주광역시 광산구 신가동,경상사고,0,0,2,0,차대차 - 측면직각충돌,안전거리미확보,건조,맑음,교차로 - 교차로부근,승용,남,34세,상해없음,승용,남,30세,경상
2016110500100092,2016년 11월 5일 05시,토요일,광주광역시 서구 화정동,경상사고,0,0,1,0,차대차 - 기타,안전운전불이행,건조,맑음,교차로 - 교차로안,승용,여,54세,상해없음,이륜,남,19세,경상
2016110500100114,2016년 11월 5일 06시,토요일,광주광역시 서구 유촌동,경상사고,0,0,2,0,차대차 - 측면직각충돌,안전거리미확보,건조,맑음,단일로 - 기타,승용,남,24세,상해없음,승용,남,52세,경상
2016110500100115,2016년 11월 5일 06시,토요일,광주광역시 북구 문흥동,중상사고,0,1,1,0,차대차 - 정면충돌,안전운전불이행,건조,맑음,교차로 - 교차로안,승용,여,49세,상해없음,화물,남,65세,경상
2016110500100218,2016년 11월 5일 10시,토요일,광주광역시 동구 동명동,부상신고사고,0,0,0,1,차대차 - 측면직각충돌,불법유턴,건조,맑음,교차로 - 교차로안,이륜,남,67세,부상신고,승용,남,35세,상해없음
2016110500100219,2016년 11월 5일 10시,토요일,광주광역시 북구 용봉동,경상사고,0,0,1,0,차대차 - 기타,안전거리미확보,건조,맑음,단일로 - 기타,승용,남,57세,상해없음,승용,남,39세,경상
2016110500100318,2016년 11월 5일 13시,토요일,광주광역시 광산구 우산동,경상사고,0,0,3,0,차대차 - 기타,안전운전불이행,건조,맑음,단일로 - 기타,승용,남,36세,상해없음,승용,여,52세,경상
2016110500100393,2016년 11월 5일 15시,토요일,광주광역시 남구 방림동,경상사고,0,0,1,0,차대사람 - 길가장자리구역통행중,안전운전불이행,건조,맑음,단일로 - 기타,승용,남,47세,상해없음,보행자,여,65세,경상
2016110500100394,2016년 11월 5일 15시,토요일,광주광역시 북구 풍향동,경상사고,0,0,3,0,차대차 - 측면직각충돌,차로위반,건조,맑음,단일로 - 기타,승용,여,22세,경상,승용,여,46세,경상
2016110500100419,2016년 11월 5일 16시,토요일,광주광역시 광산구 대산동,중상사고,0,1,0,0,차대차 - 측면직각충돌,안전운전불이행,건조,맑음,단일로 - 기타,이륜,남,48세,상해없음,자전거,남,77세,중상
2016110500100533,2016년 11월 5일 19시,토요일,광주광역시 북구 두암동,경상사고,0,0,1,0,차대사람 - 횡단중,안전운전불이행,건조,맑음,단일로 - 기타,승용,기타불명,기타불명,기타불명,보행자,남,33세,경상
2016110500100604,2016년 11월 5일 21시,토요일,광주광역시 서구 화정동,중상사고,0,1,0,0,차대사람 - 횡단중,보행자보호의무위반,건조,맑음,교차로 - 교차로부근,승용,남,73세,상해없음,보행자,여,47세,중상
2016110500100626,2016년 11월 5일 22시,토요일,광주광역시 북구 오치동,중상사고,0,1,0,0,차대차 - 기타,안전운전불이행,건조,맑음,교차로 - 교차로안,승용,남,59세,상해없음,이륜,남,26세,중상
2016110600100015,2016년 11월 6일 00시,일요일,광주광역시 서구 농성동,경상사고,0,0,1,0,차대차 - 측면직각충돌,안전운전불이행,건조,맑음,단일로 - 기타,승용,남,61세,상해없음,이륜,남,25세,경상
2016110600100016,2016년 11월 6일 00시,일요일,광주광역시 북구 오치동,사망사고,1,0,0,0,차대사람 - 횡단중,안전운전불이행,건조,맑음,단일로 - 기타,승용,남,24세,상해없음,보행자,남,34세,사망
2016110600100050,2016년 11월 6일 03시,일요일,광주광역시 서구 치평동,경상사고,0,0,1,0,차대사람 - 차도통행중,안전운전불이행,건조,맑음,단일로 - 기타,승용,남,28세,상해없음,보행자,여,34세,경상
2016110600100078,2016년 11월 6일 05시,일요일,광주광역시 서구 농성동,중상사고,0,1,1,0,차대차 - 측면충돌,신호위반,건조,맑음,교차로 - 교차로안,승용,남,31세,상해없음,승용,여,58세,경상
2016110600100117,2016년 11월 6일 08시,일요일,광주광역시 서구 치평동,경상사고,0,0,4,0,차대차 - 추돌,안전거리미확보,건조,맑음,단일로 - 기타,화물,남,56세,상해없음,승용,남,49세,경상
2016110600100118,2016년 11월 6일 08시,일요일,광주광역시 북구 신안동,경상사고,0,0,2,0,차대차 - 추돌,안전운전불이행,건조,맑음,교차로 - 교차로부근,승용,남,66세,경상,승용,남,65세,경상
2016110600100119,2016년 11월 6일 08시,일요일,광주광역시 광산구 산월동,경상사고,0,0,1,0,차대차 - 측면직각충돌,중앙선침범,건조,맑음,단일로 - 기타,승용,남,53세,상해없음,승용,여,32세,경상
2016110600100176,2016년 11월 6일 11시,일요일,광주광역시 서구 치평동,경상사고,0,0,5,0,차대차 - 정면충돌,신호위반,건조,맑음,교차로 - 교차로안,승용,여,62세,상해없음,승용,남,60세,경상
2016110600100253,2016년 11월 6일 14시,일요일,광주광역시 북구 풍향동,경상사고,0,0,1,0,차대사람 - 횡단중,안전운전불이행,건조,맑음,단일로 - 기타,승용,여,27세,상해없음,보행자,남,74세,경상
2016110600100254,2016년 11월 6일 14시,일요일,광주광역시 북구 일곡동,중상사고,0,1,1,0,차대차 - 추돌,안전운전불이행,건조,맑음,교차로 - 교차로안,승용,남,55세,중상,승용,여,52세,경상
2016110600100313,2016년 11월 6일 16시,일요일,광주광역시 광산구 수완동,중상사고,0,1,3,0,차대차 - 추돌,안전운전불이행,건조,맑음,교차로 - 교차로부근,승용,남,58세,상해없음,승용,남,44세,경상
2016110600100390,2016년 11월 6일 18시,일요일,광주광역시 서구 쌍촌동,경상사고,0,0,2,0,차대차 - 정면충돌,직진우회전진행방해,건조,맑음,교차로 - 교차로안,승용,남,22세,경상,승용,여,26세,경상
2016110600100391,2016년 11월 6일 18시,일요일,광주광역시 남구 주월동,중상사고,0,1,0,0,차대사람 - 횡단중,안전운전불이행,건조,맑음,단일로 - 기타,화물,남,55세,상해없음,보행자,여,90세 이상,중상
2016110600100392,2016년 11월 6일 18시,일요일,광주광역시 북구 오치동,경상사고,0,0,1,0,차대사람 - 길가장자리구역통행중,안전운전불이행,건조,맑음,단일로 - 기타,승용,남,48세,상해없음,보행자,남,22세,경상
2016110600100393,2016년 11월 6일 18시,일요일,광주광역시 광산구 우산동,경상사고,0,0,2,0,차대차 - 측면충돌,안전운전불이행,건조,맑음,미분류 - 미분류,승용,남,56세,상해없음,승용,여,33세,경상
2016110600100450,2016년 11월 6일 20시,일요일,광주광역시 서구 금호동,경상사고,0,0,1,0,차대차 - 측면직각충돌,교차로운행방법위반,건조,맑음,교차로 - 교차로안,승용,여,26세,상해없음,이륜,남,18세,경상
2016110600100473,2016년 11월 6일 21시,일요일,광주광역시 서구 유촌동,경상사고,0,0,1,0,차대차 - 추돌,안전운전불이행,건조,맑음,교차로 - 교차로부근,승용,여,43세,상해없음,원동기,남,36세,경상
2016110600100474,2016년 11월 6일 21시,일요일,광주광역시 북구 문흥동,경상사고,0,0,2,0,차대차 - 측면직각충돌,안전운전불이행,건조,맑음,단일로 - 기타,승용,남,29세,상해없음,승용,여,46세,경상
2016110700100034,2016년 11월 7일 04시,월요일,광주광역시 광산구 우산동,중상사고,0,2,0,0,차대사람 - 횡단중,안전운전불이행,건조,맑음,교차로 - 교차로안,승용,남,29세,상해없음,보행자,여,69세,중상
2016110700100071,2016년 11월 7일 06시,월요일,광주광역시 북구 임동,경상사고,0,0,2,0,차대차 - 측면직각충돌,차로위반,건조,맑음,교차로 - 교차로안,승용,남,61세,상해없음,승용,남,30세,경상
2016110700100095,2016년 11월 7일 07시,월요일,광주광역시 광산구 선암동,경상사고,0,0,1,0,차대차 - 측면직각충돌,안전거리미확보,건조,맑음,교차로 - 교차로안,승용,여,30세,상해없음,화물,남,39세,경상
2016110700100135,2016년 11월 7일 08시,월요일,광주광역시 광산구 소촌동,경상사고,0,0,1,0,차대차 - 측면직각충돌,안전운전불이행,건조,맑음,단일로 - 기타,승용,여,43세,경상,승합,남,70세,상해없음
2016110700100234,2016년 11월 7일 11시,월요일,광주광역시 남구 송하동,경상사고,0,0,1,0,차대차 - 측면직각충돌,교차로운행방법위반,건조,맑음,교차로 - 교차로안,승용,남,33세,상해없음,승용,남,46세,경상
2016110700100260,2016년 11월 7일 12시,월요일,광주광역시 서구 풍암동,경상사고,0,0,4,0,차대차 - 측면직각충돌,직진우회전진행방해,건조,맑음,교차로 - 교차로안,화물,여,52세,경상,승용,남,45세,경상
2016110700100261,2016년 11월 7일 12시,월요일,광주광역시 광산구 산월동,경상사고,0,0,1,0,차대차 - 측면직각충돌,안전운전불이행,건조,맑음,단일로 - 기타,승용,남,42세,상해없음,자전거,여,36세,경상
2016110700100286,2016년 11월 7일 13시,월요일,광주광역시 광산구 하남동,경상사고,0,0,2,0,차대차 - 측면직각충돌,안전거리미확보,건조,맑음,교차로 - 교차로안,승용,남,62세,경상,승용,남,37세,경상
2016110700100319,2016년 11월 7일 14시,월요일,광주광역시 북구 두암동,경상사고,0,0,1,0,차대사람 - 횡단중,안전운전불이행,건조,맑음,단일로 - 기타,화물,남,66세,상해없음,보행자,남,59세,경상
2016110700100320,2016년 11월 7일 14시,월요일,광주광역시 광산구 신가동,중상사고,0,1,0,0,차대차 - 측면직각충돌,중앙선침범,건조,맑음,단일로 - 기타,승용,여,36세,상해없음,자전거,남,62세,중상
2016110700100345,2016년 11월 7일 15시,월요일,광주광역시 북구 용봉동,경상사고,0,0,1,0,차대사람 - 기타,안전운전불이행,건조,맑음,교차로 - 교차로안,이륜,남,38세,상해없음,보행자,남,41세,경상
2016110700100379,2016년 11월 7일 16시,월요일,광주광역시 서구 광천동,중상사고,0,1,2,0,차대차 - 정면충돌,안전운전불이행,건조,맑음,교차로 - 교차로안,화물,남,57세,상해없음,승용,남,54세,중상
2016110700100432,2016년 11월 7일 17시,월요일,광주광역시 북구 문흥동,경상사고,0,0,1,0,차대차 - 측면직각충돌,안전운전불이행,건조,맑음,단일로 - 기타,화물,남,37세,상해없음,승용,여,28세,경상
2016110700100504,2016년 11월 7일 18시,월요일,광주광역시 북구 신안동,중상사고,0,1,1,0,차대차 - 측면충돌,중앙선침범,건조,맑음,단일로 - 기타,승용,남,33세,상해없음,승용,남,34세,경상
2016110700100505,2016년 11월 7일 18시,월요일,광주광역시 광산구 신촌동,경상사고,0,0,5,0,차대차 - 정면충돌,안전운전불이행,건조,맑음,교차로 - 교차로부근,승용,남,45세,상해없음,승용,여,54세,경상
2016110700100557,2016년 11월 7일 19시,월요일,광주광역시 서구 매월동,경상사고,0,0,4,0,차대차 - 추돌,안전거리미확보,건조,맑음,단일로 - 기타,승용,남,40세,경상,승용,여,35세,경상
2016110700100558,2016년 11월 7일 19시,월요일,광주광역시 서구 화정동,경상사고,0,0,2,0,차대차 - 추돌,안전운전불이행,건조,맑음,교차로 - 교차로부근,승용,여,37세,상해없음,승용,여,24세,경상
2016110700100591,2016년 11월 7일 20시,월요일,광주광역시 광산구 왕동,부상신고사고,0,0,0,1,차량단독 - 전도전복,안전운전불이행,건조,맑음,단일로 - 기타,승용,남,76세,부상신고,,,,
2016110700100628,2016년 11월 7일 21시,월요일,광주광역시 동구 동명동,사망사고,1,0,1,0,차대차 - 측면직각충돌,신호위반,건조,맑음,교차로 - 교차로안,승합,남,46세,상해없음,원동기,남,43세,사망
2016110700100629,2016년 11월 7일 21시,월요일,광주광역시 남구 방림동,경상사고,0,0,3,0,차대차 - 추돌,안전운전불이행,건조,맑음,단일로 - 기타,승용,남,54세,상해없음,승용,남,22세,경상
2016110700100630,2016년 11월 7일 21시,월요일,광주광역시 남구 진월동,경상사고,0,0,1,0,차대차 - 측면충돌,안전거리미확보,건조,맑음,단일로 - 기타,승용,남,24세,상해없음,승용,남,29세,상해없음
2016110700100667,2016년 11월 7일 22시,월요일,광주광역시 남구 양림동,경상사고,0,0,2,0,차대차 - 정면충돌,안전운전불이행,건조,맑음,단일로 - 기타,승용,남,49세,경상,승용,남,36세,경상
2016110700100668,2016년 11월 7일 22시,월요일,광주광역시 광산구 송정동,경상사고,0,0,1,0,차대차 - 추돌,안전운전불이행,건조,맑음,단일로 - 기타,승용,남,51세,상해없음,승용,남,20세,경상
2016110800100018,2016년 11월 8일 00시,화요일,광주광역시 북구 두암동,경상사고,0,0,1,0,차대사람 - 횡단중,안전운전불이행,습기,흐림,단일로 - 기타,승용,남,43세,상해없음,보행자,남,34세,경상
2016110800100043,2016년 11월 8일 02시,화요일,광주광역시 남구 주월동,경상사고,0,0,1,0,차대차 - 추돌,안전운전불이행,습기,비,교차로 - 교차로부근,승용,남,20세,상해없음,승용,남,53세,상해없음
2016110800100096,2016년 11월 8일 07시,화요일,광주광역시 북구 각화동,경상사고,0,0,1,0,차대사람 - 기타,안전운전불이행,습기,흐림,기타 - 기타,화물,여,42세,상해없음,보행자,여,62세,경상
2016110800100125,2016년 11월 8일 08시,화요일,광주광역시 서구 쌍촌동,중상사고,0,1,0,0,차대사람 - 기타,안전운전불이행,건조,맑음,교차로 - 교차로부근,승용,남,60세,상해없음,보행자,여,35세,중상
2016110800100126,2016년 11월 8일 08시,화요일,광주광역시 서구 쌍촌동,경상사고,0,0,2,0,차대차 - 측면직각충돌,안전거리미확보,건조,맑음,교차로 - 교차로안,승용,남,39세,상해없음,승용,남,43세,경상
2016110800100165,2016년 11월 8일 09시,화요일,광주광역시 북구 삼각동,경상사고,0,0,3,0,차대차 - 측면직각충돌,안전거리미확보,건조,맑음,단일로 - 기타,화물,남,77세,경상,승용,여,32세,경상
2016110800100166,2016년 11월 8일 09시,화요일,광주광역시 광산구 비아동,경상사고,0,0,2,0,차대차 - 추돌,안전운전불이행,건조,맑음,단일로 - 기타,승용,남,58세,상해없음,승용,남,56세,경상
2016110800100187,2016년 11월 8일 10시,화요일,광주광역시 남구 방림동,경상사고,0,0,1,0,차대사람 - 횡단중,안전운전불이행,건조,맑음,교차로 - 교차로안,승용,남,28세,상해없음,보행자,남,25세,경상
2016110800100188,2016년 11월 8일 10시,화요일,광주광역시 광산구 황룡동,경상사고,0,0,1,0,차대차 - 측면직각충돌,중앙선침범,건조,맑음,단일로 - 기타,승용,남,37세,상해없음,승용,남,43세,경상
2016110800100240,2016년 11월 8일 12시,화요일,광주광역시 서구 화정동,경상사고,0,0,1,0,차대차 - 기타,안전운전불이행,건조,맑음,단일로 - 기타,화물,남,39세,상해없음,이륜,남,48세,경상
2016110800100273,2016년 11월 8일 13시,화요일,광주광역시 서구 치평동,경상사고,0,0,2,0,차대차 - 측면직각충돌,안전운전불이행,건조,맑음,단일로 - 기타,화물,남,48세,경상,승용,남,52세,경상
2016110800100274,2016년 11월 8일 13시,화요일,광주광역시 북구 각화동,경상사고,0,0,1,0,차대차 - 추돌,안전운전불이행,건조,맑음,교차로 - 교차로안,승용,남,70세,상해없음,승용,여,49세,경상
2016110800100298,2016년 11월 8일 14시,화요일,광주광역시 남구 월산동,경상사고,0,0,1,0,차대차 - 측면직각충돌,교차로운행방법위반,건조,맑음,교차로 - 교차로안,승용,여,50세,상해없음,화물,남,67세,경상
2016110800100335,2016년 11월 8일 15시,화요일,광주광역시 서구 화정동,중상사고,0,1,0,0,차대사람 - 횡단중,안전운전불이행,건조,맑음,단일로 - 횡단보도부근,승용,여,46세,상해없음,보행자,남,72세,중상
2016110800100336,2016년 11월 8일 15시,화요일,광주광역시 남구 방림동,경상사고,0,0,1,0,차대차 - 추돌,안전거리미확보,건조,맑음,단일로 - 기타,승용,남,52세,상해없음,승용,남,38세,상해없음
2016110800100379,2016년 11월 8일 16시,화요일,광주광역시 남구 송하동,경상사고,0,0,1,0,차대차 - 측면충돌,안전운전불이행,건조,맑음,교차로 - 교차로안,승용,남,62세,상해없음,승용,여,48세,경상
2016110800100477,2016년 11월 8일 18시,화요일,광주광역시 서구 광천동,경상사고,0,0,3,0,차량단독 - 기타,기타,건조,맑음,교차로 - 교차로부근,승용,남,70세,상해없음,,,,
2016110800100478,2016년 11월 8일 18시,화요일,광주광역시 북구 두암동,경상사고,0,0,1,0,차대차 - 기타,안전운전불이행,건조,맑음,단일로 - 기타,이륜,남,20세,경상,화물,남,57세,상해없음
2016110800100479,2016년 11월 8일 18시,화요일,광주광역시 광산구 우산동,경상사고,0,0,2,0,차대차 - 추돌,안전거리미확보,건조,맑음,단일로 - 기타,승용,남,39세,상해없음,승용,남,38세,경상
2016110800100522,2016년 11월 8일 19시,화요일,광주광역시 광산구 송정동,중상사고,0,1,0,0,차대차 - 측면직각충돌,신호위반,건조,맑음,교차로 - 교차로부근,원동기,남,58세,중상,화물,남,60세,상해없음
2016110800100544,2016년 11월 8일 20시,화요일,광주광역시 동구 학동,경상사고,0,0,1,0,차대사람 - 보도통행중,보행자보호의무위반,건조,맑음,교차로 - 교차로안,승용,남,60세,상해없음,보행자,여,60세,경상
2016110800100545,2016년 11월 8일 20시,화요일,광주광역시 남구 월산동,중상사고,0,1,1,0,차대사람 - 기타,안전운전불이행,건조,흐림,단일로 - 횡단보도상,승용,여,52세,경상,보행자,남,48세,중상
2016110800100583,2016년 11월 8일 21시,화요일,광주광역시 남구 주월동,경상사고,0,0,1,0,차대사람 - 횡단중,교차로운행방법위반,건조,맑음,교차로 - 교차로부근,승용,여,46세,상해없음,보행자,남,42세,경상
2016110800100609,2016년 11월 8일 22시,화요일,광주광역시 서구 농성동,경상사고,0,0,3,0,차대차 - 측면직각충돌,중앙선침범,건조,맑음,교차로 - 교차로부근,승용,여,48세,경상,승용,남,47세,경상
2016110800100610,2016년 11월 8일 22시,화요일,광주광역시 광산구 쌍암동,경상사고,0,0,1,0,차대차 - 측면직각충돌,안전운전불이행,건조,맑음,교차로 - 교차로안,승용,남,16세,상해없음,화물,여,42세,경상
2016110800100629,2016년 11월 8일 23시,화요일,광주광역시 남구 주월동,경상사고,0,0,1,0,차대차 - 측면충돌,신호위반,건조,맑음,교차로 - 교차로안,승용,남,35세,상해없음,승용,남,46세,경상
2016110800100630,2016년 11월 8일 23시,화요일,광주광역시 북구 오치동,경상사고,0,0,1,0,차대사람 - 횡단중,안전운전불이행,건조,맑음,단일로 - 기타,승용,남,25세,상해없음,보행자,남,51세,경상
2016110900100099,2016년 11월 9일 07시,수요일,광주광역시 북구 북동,중상사고,0,1,1,0,차대차 - 측면충돌,신호위반,건조,맑음,교차로 - 교차로안,승용,남,35세,상해없음,화물,남,63세,중상
2016110900100143,2016년 11월 9일 08시,수요일,광주광역시 동구 계림동,경상사고,0,0,1,0,차대차 - 측면충돌,불법유턴,건조,맑음,교차로 - 교차로안,자전거,남,79세,경상,승용,여,43세,상해없음
2016110900100144,2016년 11월 9일 08시,수요일,광주광역시 서구 덕흥동,경상사고,0,0,4,0,차대차 - 추돌,안전운전불이행,건조,맑음,단일로 - 기타,건설기계,남,30세,상해없음,승용,남,35세,경상
2016110900100145,2016년 11월 9일 08시,수요일,광주광역시 서구 쌍촌동,경상사고,0,0,2,0,차대차 - 측면직각충돌,교차로운행방법위반,건조,맑음,교차로 - 교차로안,승합,여,54세,상해없음,승용,여,25세,경상
2016110900100146,2016년 11월 9일 08시,수요일,광주광역시 북구 용봉동,경상사고,0,0,1,0,차대차 - 추돌,안전거리미확보,건조,맑음,단일로 - 기타,건설기계,남,50세,상해없음,승용,여,46세,경상
2016110900100147,2016년 11월 9일 08시,수요일,광주광역시 광산구 신가동,중상사고,0,3,5,0,차대차 - 측면충돌,안전운전불이행,건조,맑음,교차로 - 교차로부근,승용,여,41세,상해없음,승용,남,58세,경상
2016110900100148,2016년 11월 9일 08시,수요일,광주광역시 광산구 송정동,경상사고,0,0,1,0,차대차 - 추돌,안전운전불이행,건조,맑음,단일로 - 기타,승용,남,55세,기타불명,자전거,남,13세,경상
2016110900100190,2016년 11월 9일 09시,수요일,광주광역시 북구 일곡동,경상사고,0,0,4,0,차대차 - 추돌,안전운전불이행,건조,맑음,단일로 - 기타,승용,남,52세,상해없음,승용,여,53세,경상
2016110900100191,2016년 11월 9일 09시,수요일,광주광역시 북구 운암동,경상사고,0,0,1,1,차대차 - 기타,안전운전불이행,건조,맑음,단일로 - 기타,화물,남,67세,부상신고,승용,여,59세,경상
2016110900100226,2016년 11월 9일 10시,수요일,광주광역시 서구 금호동,중상사고,0,1,0,0,차대차 - 기타,안전운전불이행,건조,맑음,단일로 - 기타,승용,여,52세,상해없음,승합,남,58세,상해없음
2016110900100227,2016년 11월 9일 10시,수요일,광주광역시 광산구 하남동,경상사고,0,0,2,0,차대차 - 정면충돌,안전운전불이행,건조,맑음,교차로 - 교차로안,승용,여,40세,상해없음,승용,여,44세,경상
2016110900100265,2016년 11월 9일 11시,수요일,광주광역시 동구 동명동,경상사고,0,0,1,0,차대차 - 기타,안전운전불이행,건조,맑음,단일로 - 기타,화물,남,51세,상해없음,승용,남,26세,경상
2016110900100266,2016년 11월 9일 11시,수요일,광주광역시 남구 월산동,경상사고,0,0,1,0,차대사람 - 기타,안전운전불이행,건조,맑음,단일로 - 기타,화물,남,47세,상해없음,보행자,여,62세,경상
2016110900100267,2016년 11월 9일 11시,수요일,광주광역시 북구 임동,경상사고,0,0,1,0,차대차 - 측면직각충돌,중앙선침범,건조,맑음,교차로 - 교차로부근,승용,남,38세,상해없음,승용,남,60세,경상
2016110900100307,2016년 11월 9일 12시,수요일,광주광역시 동구 금동,경상사고,0,0,2,0,차대차 - 측면직각충돌,직진우회전진행방해,건조,맑음,교차로 - 교차로안,승용,남,55세,상해없음,승용,남,63세,경상
2016110900100403,2016년 11월 9일 15시,수요일,광주광역시 서구 쌍촌동,경상사고,0,0,1,1,차대차 - 측면직각충돌,교차로운행방법위반,건조,맑음,교차로 - 교차로안,승용,남,45세,부상신고,승용,여,29세,경상
2016110900100404,2016년 11월 9일 15시,수요일,광주광역시 북구 신용동,경상사고,0,0,1,0,차대차 - 추돌,안전운전불이행,건조,맑음,단일로 - 기타,승용,남,29세,상해없음,승용,남,46세,상해없음
2016110900100405,2016년 11월 9일 15시,수요일,광주광역시 북구 두암동,경상사고,0,0,1,0,차대차 - 측면직각충돌,직진우회전진행방해,건조,맑음,교차로 - 교차로안,승용,남,62세,상해없음,승용,남,21세,상해없음
2016110900100428,2016년 11월 9일 16시,수요일,광주광역시 북구 오룡동,경상사고,0,0,1,0,차대차 - 측면충돌,신호위반,건조,맑음,교차로 - 교차로안,화물,남,73세,상해없음,승용,여,35세,경상
2016110900100458,2016년 11월 9일 17시,수요일,광주광역시 북구 운암동,경상사고,0,0,1,0,차대사람 - 횡단중,안전운전불이행,건조,맑음,단일로 - 기타,승용,여,40세,상해없음,보행자,여,7세,경상
2016110900100513,2016년 11월 9일 18시,수요일,광주광역시 서구 금호동,경상사고,0,0,1,0,차대차 - 정면충돌,안전운전불이행,건조,맑음,단일로 - 기타,승용,남,46세,상해없음,승용,여,54세,경상
2016110900100514,2016년 11월 9일 18시,수요일,광주광역시 서구 마륵동,경상사고,0,0,3,0,차대차 - 측면직각충돌,직진우회전진행방해,건조,맑음,교차로 - 교차로안,승용,남,53세,경상,화물,남,57세,경상
2016110900100557,2016년 11월 9일 19시,수요일,광주광역시 남구 송하동,경상사고,0,0,1,0,차대차 - 기타,안전운전불이행,건조,맑음,단일로 - 기타,승용,여,44세,상해없음,승용,남,46세,경상