사고번호,사고일시,요일,시군구,사고내용,사망자수,중상자수,경상자수,부상신고자수,사고유형,법규위반,노면상태,기상상태,도로형태,가해운전자 차종,가해운전자 성별,가해운전자 연령,가해운전자 상해정도,피해운전자 차종,피해운전자 성별,피해운전자 연령,피해운전자 상해정도
2016110900100558,2016년 11월 9일 19시,수요일,광주광역시 북구 문흥동,경상사고,0,0,3,0,차대차 - 측면직각충돌,교차로운행방법위반,건조,맑음,교차로 - 교차로안,승용,여,28세,경상,승용,남,74세,경상
2016110900100619,2016년 11월 9일 21시,수요일,광주광역시 서구 내방동,경상사고,0,0,1,0,차대사람 - 기타,안전운전불이행,건조,맑음,단일로 - 기타,승용,남,45세,상해없음,보행자,여,52세,경상
2016110900100620,2016년 11월 9일 21시,수요일,광주광역시 광산구 월계동,경상사고,0,0,1,0,차대차 - 추돌,안전운전불이행,건조,맑음,단일로 - 기타,승용,남,50세,상해없음,승용,여,49세,경상
2016110900100645,2016년 11월 9일 22시,수요일,광주광역시 북구 중흥동,중상사고,0,2,0,0,차대차 - 측면충돌,안전운전불이행,건조,맑음,단일로 - 기타,승용,남,43세,상해없음,승용,여,54세,중상
2016111000100012,2016년 11월 10일 00시,목요일,광주광역시 서구 동천동,경상사고,0,0,1,0,차대차 - 정면충돌,안전운전불이행,건조,흐림,단일로 - 기타,승용,남,32세,상해없음,승용,남,56세,경상
2016111000100054,2016년 11월 10일 05시,목요일,광주광역시 서구 농성동,부상신고사고,0,0,0,1,차량단독 - 전도전복,안전운전불이행,건조,맑음,단일로 - 기타,승용,남,45세,부상신고,,,,
2016111000100072,2016년 11월 10일 06시,목요일,광주광역시 북구 문흥동,중상사고,0,1,0,0,차대사람 - 횡단중,안전운전불이행,건조,맑음,단일로 - 기타,화물,남,69세,상해없음,보행자,여,73세,중상
2016111000100073,2016년 11월 10일 06시,목요일,광주광역시 광산구 운남동,중상사고,0,1,0,0,차대사람 - 횡단중,안전운전불이행,건조,맑음,단일로 - 기타,승용,남,57세,상해없음,보행자,남,58세,중상
2016111000100096,2016년 11월 10일 07시,목요일,광주광역시 북구 용봉동,경상사고,0,0,1,0,차대사람 - 횡단중,안전운전불이행,건조,맑음,단일로 - 기타,화물,남,51세,상해없음,보행자,여,18세,경상
2016111000100125,2016년 11월 10일 08시,목요일,광주광역시 북구 운암동,경상사고,0,0,1,0,차대사람 - 횡단중,안전운전불이행,건조,맑음,단일로 - 교량,승용,여,56세,상해없음,보행자,여,51세,경상
2016111000100126,2016년 11월 10일 08시,목요일,광주광역시 광산구 월계동,경상사고,0,0,2,0,차대차 - 기타,안전운전불이행,건조,맑음,교차로 - 교차로안,승용,여,52세,상해없음,승용,여,45세,경상
2016111000100162,2016년 11월 10일 09시,목요일,광주광역시 광산구 송정동,중상사고,0,1,0,0,차대사람 - 횡단중,안전운전불이행,건조,맑음,교차로 - 교차로부근,승용,여,62세,상해없음,보행자,남,56세,중상
2016111000100203,2016년 11월 10일 11시,목요일,광주광역시 서구 치평동,경상사고,0,0,1,0,차대차 - 측면직각충돌,안전운전불이행,건조,맑음,단일로 - 기타,승용,남,24세,상해없음,승용,남,32세,상해없음
2016111000100248,2016년 11월 10일 13시,목요일,광주광역시 광산구 신가동,중상사고,0,1,0,0,차대차 - 추돌,안전운전불이행,습기,비,교차로 - 교차로부근,화물,남,56세,상해없음,승용,여,35세,중상
2016111000100249,2016년 11월 10일 13시,목요일,광주광역시 광산구 하남동,경상사고,0,0,1,0,차대차 - 추돌,안전운전불이행,건조,맑음,교차로 - 교차로부근,승용,남,36세,상해없음,승용,여,27세,경상
2016111000100283,2016년 11월 10일 14시,목요일,광주광역시 동구 학동,경상사고,0,0,1,0,차대차 - 정면충돌,신호위반,습기,비,교차로 - 교차로안,승합,남,59세,상해없음,승용,여,41세,경상
2016111000100349,2016년 11월 10일 16시,목요일,광주광역시 서구 화정동,경상사고,0,0,1,0,차대사람 - 횡단중,안전운전불이행,건조,맑음,단일로 - 기타,승용,남,27세,상해없음,보행자,남,8세,경상
2016111000100397,2016년 11월 10일 17시,목요일,광주광역시 서구 치평동,경상사고,0,0,1,0,차대차 - 측면직각충돌,안전운전불이행,습기,비,단일로 - 기타,승용,남,36세,상해없음,이륜,남,36세,경상
2016111000100398,2016년 11월 10일 17시,목요일,광주광역시 광산구 도산동,경상사고,0,0,1,0,차대사람 - 횡단중,보행자보호의무위반,습기,비,단일로 - 기타,승용,남,69세,상해없음,보행자,여,13세,경상
2016111000100467,2016년 11월 10일 18시,목요일,광주광역시 동구 산수동,중상사고,0,1,0,0,차대사람 - 횡단중,안전운전불이행,습기,흐림,단일로 - 기타,승합,남,37세,상해없음,보행자,여,59세,중상
2016111000100468,2016년 11월 10일 18시,목요일,광주광역시 광산구 도산동,경상사고,0,0,1,0,차대사람 - 횡단중,안전운전불이행,습기,비,단일로 - 기타,기타불명,기타불명,기타불명,기타불명,보행자,남,8세,경상
2016111000100520,2016년 11월 10일 19시,목요일,광주광역시 동구 동명동,경상사고,0,0,4,0,차대차 - 추돌,안전운전불이행,습기,비,기타 - 기타,승용,남,55세,상해없음,승용,남,52세,경상
2016111000100595,2016년 11월 10일 21시,목요일,광주광역시 서구 금호동,경상사고,0,0,1,0,차대사람 - 횡단중,안전운전불이행,건조,맑음,교차로 - 교차로부근,화물,남,39세,상해없음,보행자,여,29세,경상
2016111000100596,2016년 11월 10일 21시,목요일,광주광역시 남구 진월동,경상사고,0,0,1,0,차대차 - 추돌,안전운전불이행,건조,맑음,단일로 - 기타,승용,남,24세,상해없음,승용,여,45세,경상
2016111000100597,2016년 11월 10일 21시,목요일,광주광역시 남구 월산동,중상사고,0,1,0,0,차대사람 - 횡단중,안전운전불이행,습기,맑음,단일로 - 기타,승용,남,45세,상해없음,보행자,여,81세,중상
2016111000100598,2016년 11월 10일 21시,목요일,광주광역시 광산구 신창동,경상사고,0,0,2,0,차대차 - 추돌,안전운전불이행,습기,흐림,단일로 - 기타,승용,남,47세,상해없음,승용,남,42세,경상
2016111000100623,2016년 11월 10일 22시,목요일,광주광역시 남구 월산동,경상사고,0,0,3,0,차대차 - 측면직각충돌,교차로운행방법위반,습기,흐림,교차로 - 교차로안,승용,남,39세,경상,이륜,남,16세,경상
2016111000100650,2016년 11월 10일 23시,목요일,광주광역시 서구 금호동,경상사고,0,0,1,0,차대사람 - 기타,안전운전불이행,건조,맑음,단일로 - 기타,승용,남,46세,상해없음,보행자,남,48세,경상
2016111000100651,2016년 11월 10일 23시,목요일,광주광역시 북구 문흥동,경상사고,0,0,1,0,차대차 - 정면충돌,안전운전불이행,건조,맑음,단일로 - 기타,승용,남,53세,상해없음,이륜,남,23세,경상
2016111000100652,2016년 11월 10일 23시,목요일,광주광역시 북구 동림동,경상사고,0,0,2,0,차대차 - 측면충돌,차로위반,건조,맑음,단일로 - 기타,승용,여,40세,경상,승용,여,52세,경상
2016111100100021,2016년 11월 11일 00시,금요일,광주광역시 북구 양산동,경상사고,0,0,3,0,차대차 - 기타,안전운전불이행,습기,흐림,단일로 - 기타,승용,남,50세,경상,승용,남,30세,경상
2016111100100022,2016년 11월 11일 00시,금요일,광주광역시 광산구 도산동,경상사고,0,0,1,0,차대차 - 측면직각충돌,안전거리미확보,습기,흐림,교차로 - 교차로안,승용,여,56세,상해없음,승용,남,68세,상해없음
2016111100100040,2016년 11월 11일 01시,금요일,광주광역시 서구 치평동,경상사고,0,0,5,0,차대차 - 추돌,안전운전불이행,건조,맑음,교차로 - 교차로부근,승용,여,44세,상해없음,승용,여,46세,경상
2016111100100051,2016년 11월 11일 02시,금요일,광주광역시 서구 쌍촌동,경상사고,0,0,1,0,차대사람 - 횡단중,안전운전불이행,건조,맑음,교차로 - 교차로부근,승용,남,34세,상해없음,보행자,여,22세,경상
2016111100100145,2016년 11월 11일 07시,금요일,광주광역시 남구 월산동,경상사고,0,0,1,0,차대사람 - 횡단중,안전운전불이행,건조,맑음,기타 - 기타,승용,남,74세,상해없음,보행자,남,13세,경상
2016111100100192,2016년 11월 11일 08시,금요일,광주광역시 북구 두암동,경상사고,0,0,1,0,차대차 - 측면충돌,안전운전불이행,건조,맑음,단일로 - 기타,자전거,남,44세,경상,승용,남,48세,상해없음
2016111100100193,2016년 11월 11일 08시,금요일,광주광역시 북구 대촌동,경상사고,0,0,1,0,차대차 - 측면충돌,안전운전불이행,습기,비,교차로 - 교차로안,화물,남,62세,상해없음,승용,남,56세,경상
2016111100100226,2016년 11월 11일 09시,금요일,광주광역시 북구 유동,경상사고,0,0,2,0,차대차 - 측면충돌,안전운전불이행,건조,맑음,교차로 - 교차로안,승용,남,30세,상해없음,승용,남,35세,경상
2016111100100269,2016년 11월 11일 10시,금요일,광주광역시 서구 쌍촌동,경상사고,0,0,2,0,차대차 - 추돌,안전거리미확보,건조,맑음,단일로 - 기타,승용,남,36세,경상,승용,남,57세,경상
2016111100100270,2016년 11월 11일 10시,금요일,광주광역시 서구 농성동,경상사고,0,0,1,0,차대차 - 추돌,안전거리미확보,건조,맑음,단일로 - 기타,승용,남,52세,상해없음,승용,여,42세,경상
2016111100100271,2016년 11월 11일 10시,금요일,광주광역시 광산구 신창동,중상사고,0,1,0,0,차대차 - 기타,중앙선침범,건조,맑음,단일로 - 기타,화물,남,53세,상해없음,원동기,남,37세,중상
2016111100100347,2016년 11월 11일 12시,금요일,광주광역시 광산구 하남동,경상사고,0,0,1,0,차대차 - 측면직각충돌,신호위반,건조,맑음,교차로 - 교차로안,이륜,남,80세,상해없음,승용,기타불명,기타불명,기타불명
2016111100100488,2016년 11월 11일 16시,금요일,광주광역시 북구 중흥동,경상사고,0,0,1,0,차대사람 - 차도통행중,안전운전불이행,건조,맑음,단일로 - 기타,승용,남,49세,상해없음,보행자,남,8세,경상
2016111100100611,2016년 11월 11일 18시,금요일,광주광역시 북구 중흥동,경상사고,0,0,1,0,차대사람 - 횡단중,안전운전불이행,건조,맑음,교차로 - 교차로안,승용,남,60세,상해없음,보행자,남,53세,경상
2016111100100612,2016년 11월 11일 18시,금요일,광주광역시 광산구 우산동,중상사고,0,1,0,0,차대사람 - 횡단중,안전운전불이행,건조,맑음,교차로 - 교차로부근,승용,남,43세,상해없음,보행자,남,53세,중상
2016111100100613,2016년 11월 11일 18시,금요일,광주광역시 광산구 운남동,경상사고,0,0,1,0,차대차 - 추돌,안전운전불이행,건조,맑음,교차로 - 교차로부근,화물,남,59세,상해없음,승용,남,29세,경상
2016111100100663,2016년 11월 11일 19시,금요일,광주광역시 서구 화정동,경상사고,0,0,4,0,차대차 - 측면충돌,신호위반,건조,맑음,교차로 - 교차로안,승용,남,31세,경상,승합,남,51세,경상
2016111100100706,2016년 11월 11일 20시,금요일,광주광역시 서구 풍암동,경상사고,0,0,1,0,차대차 - 추돌,안전운전불이행,건조,맑음,교차로 - 교차로부근,승용,남,50세,상해없음,원동기,남,23세,경상
2016111100100707,2016년 11월 11일 20시,금요일,광주광역시 북구 운암동,경상사고,0,0,4,0,차대차 - 측면직각충돌,차로위반,건조,맑음,단일로 - 교량,승용,남,67세,상해없음,승용,남,24세,경상
2016111100100757,2016년 11월 11일 22시,금요일,광주광역시 북구 운암동,경상사고,0,0,3,0,차대차 - 추돌,안전거리미확보,건조,맑음,단일로 - 기타,승용,남,61세,상해없음,승용,남,39세,경상
2016111100100785,2016년 11월 11일 23시,금요일,광주광역시 서구 양동,경상사고,0,0,1,0,차대차 - 추돌,안전운전불이행,건조,맑음,단일로 - 기타,승용,남,36세,상해없음,승용,남,23세,경상
2016111200100057,2016년 11월 12일 02시,토요일,광주광역시 동구 서석동,경상사고,0,0,1,0,차대사람 - 횡단중,신호위반,건조,맑음,단일로 - 기타,승용,남,25세,상해없음,보행자,남,30세,경상
2016111200100058,2016년 11월 12일 02시,토요일,광주광역시 북구 용봉동,경상사고,0,0,1,0,차대차 - 추돌,안전운전불이행,건조,맑음,단일로 - 기타,승용,남,68세,상해없음,승용,남,35세,경상
2016111200100069,2016년 11월 12일 03시,토요일,광주광역시 광산구 월계동,중상사고,0,1,0,0,차대사람 - 횡단중,안전운전불이행,건조,맑음,단일로 - 횡단보도상,승용,남,62세,상해없음,보행자,남,19세,중상
2016111200100082,2016년 11월 12일 04시,토요일,광주광역시 광산구 수완동,중상사고,0,1,0,0,차대차 - 추돌,안전운전불이행,건조,맑음,단일로 - 기타,승용,남,28세,상해없음,승용,남,56세,중상
2016111200100099,2016년 11월 12일 05시,토요일,광주광역시 서구 내방동,경상사고,0,0,1,0,차대차 - 측면직각충돌,신호위반,건조,맑음,교차로 - 교차로안,승용,남,48세,기타불명,이륜,남,22세,경상
2016111200100118,2016년 11월 12일 06시,토요일,광주광역시 서구 화정동,경상사고,0,0,2,0,차대차 - 측면충돌,안전거리미확보,건조,맑음,단일로 - 기타,승용,여,46세,경상,승용,남,36세,경상
2016111200100215,2016년 11월 12일 10시,토요일,광주광역시 광산구 신촌동,경상사고,0,0,1,0,차대차 - 측면충돌,안전거리미확보,건조,맑음,단일로 - 기타,승용,남,41세,상해없음,화물,남,66세,상해없음
2016111200100245,2016년 11월 12일 11시,토요일,광주광역시 서구 매월동,경상사고,0,0,2,0,차대차 - 기타,안전거리미확보,건조,맑음,단일로 - 기타,승용,여,43세,기타불명,승용,여,24세,경상
2016111200100283,2016년 11월 12일 12시,토요일,광주광역시 남구 백운동,중상사고,0,1,0,0,차대사람 - 횡단중,안전운전불이행,건조,맑음,교차로 - 교차로안,승용,남,54세,상해없음,보행자,여,69세,중상
2016111200100322,2016년 11월 12일 13시,토요일,광주광역시 광산구 우산동,경상사고,0,0,3,0,차대차 - 추돌,안전운전불이행,건조,맑음,단일로 - 기타,화물,남,33세,상해없음,승용,남,32세,경상
2016111200100359,2016년 11월 12일 14시,토요일,광주광역시 동구 용산동,중상사고,0,1,0,0,차대사람 - 횡단중,안전운전불이행,건조,맑음,단일로 - 기타,승용,여,46세,상해없음,보행자,여,8세,중상
2016111200100405,2016년 11월 12일 15시,토요일,광주광역시 북구 유동,중상사고,0,1,3,0,차대차 - 측면충돌,신호위반,건조,맑음,교차로 - 교차로안,원동기,남,34세,중상,승용,남,44세,상해없음
2016111200100474,2016년 11월 12일 17시,토요일,광주광역시 북구 운암동,중상사고,0,1,0,0,차대사람 - 횡단중,안전운전불이행,건조,맑음,단일로 - 기타,원동기,남,49세,상해없음,보행자,여,77세,중상
2016111200100518,2016년 11월 12일 18시,토요일,광주광역시 서구 쌍촌동,경상사고,0,0,1,0,차대차 - 측면직각충돌,안전거리미확보,건조,맑음,단일로 - 기타,승용,남,24세,상해없음,승용,남,62세,상해없음
2016111200100519,2016년 11월 12일 18시,토요일,광주광역시 남구 봉선동,중상사고,0,1,0,0,차대사람 - 횡단중,안전운전불이행,건조,맑음,단일로 - 기타,이륜,남,17세,상해없음,보행자,남,90세 이상,중상
2016111200100520,2016년 11월 12일 18시,토요일,광주광역시 북구 신용동,중상사고,0,1,0,0,차대차 - 측면충돌,안전운전불이행,건조,맑음,교차로 - 교차로안,승용,남,54세,상해없음,이륜,남,51세,중상
2016111200100554,2016년 11월 12일 19시,토요일,광주광역시 서구 풍암동,경상사고,0,0,1,0,차대차 - 추돌,안전운전불이행,건조,맑음,교차로 - 교차로안,승용,남,24세,상해없음,승용,여,34세,경상
2016111200100581,2016년 11월 12일 20시,토요일,광주광역시 동구 대인동,경상사고,0,0,1,0,차대차 - 측면충돌,신호위반,건조,맑음,교차로 - 교차로안,승합,남,50세,상해없음,승용,남,35세,경상
2016111200100583,2016년 11월 12일 20시,토요일,광주광역시 북구 운암동,경상사고,0,0,4,0,차대차 - 기타,교차로운행방법위반,건조,맑음,교차로 - 교차로부근,승용,남,64세,상해없음,승용,남,40세,경상
2016111300100050,2016년 11월 13일 02시,일요일,광주광역시 북구 두암동,경상사고,0,0,1,0,차대차 - 기타,신호위반,건조,맑음,교차로 - 교차로안,승용,남,58세,상해없음,승용,여,27세,경상
2016111300100051,2016년 11월 13일 02시,일요일,광주광역시 광산구 도천동,경상사고,0,0,1,0,차량단독 - 전도전복,안전운전불이행,건조,맑음,단일로 - 기타,원동기,남,23세,경상,,,,
2016111300100060,2016년 11월 13일 03시,일요일,광주광역시 동구 산수동,경상사고,0,0,2,0,차대차 - 추돌,안전거리미확보,습기,비,기타 - 기타,승용,남,25세,상해없음,승용,남,57세,경상
2016111300100061,2016년 11월 13일 03시,일요일,광주광역시 광산구 운남동,경상사고,0,0,3,0,차대차 - 측면충돌,신호위반,건조,맑음,교차로 - 교차로안,승용,남,24세,상해없음,승용,남,51세,경상
2016111300100078,2016년 11월 13일 05시,일요일,광주광역시 서구 치평동,경상사고,0,0,4,0,차대차 - 추돌,안전운전불이행,건조,맑음,교차로 - 교차로부근,승용,남,29세,상해없음,승용,남,44세,경상
2016111300100088,2016년 11월 13일 06시,일요일,광주광역시 광산구 소촌동,경상사고,0,0,1,0,차대사람 - 횡단중,신호위반,건조,맑음,단일로 - 횡단보도상,승용,남,67세,상해없음,보행자,남,49세,경상
2016111300100117,2016년 11월 13일 08시,일요일,광주광역시 서구 치평동,경상사고,0,0,2,0,차대차 - 측면직각충돌,안전운전불이행,건조,맑음,교차로 - 교차로부근,승합,남,40세,상해없음,승용,남,50세,경상
2016111300100118,2016년 11월 13일 08시,일요일,광주광역시 광산구 도산동,부상신고사고,0,0,0,1,차량단독 - 기타,안전운전불이행,건조,맑음,기타 - 기타,자전거,여,70세,부상신고,,,,
2016111300100170,2016년 11월 13일 10시,일요일,광주광역시 서구 치평동,경상사고,0,0,1,0,차대사람 - 기타,안전운전불이행,건조,맑음,교차로 - 교차로안,승용,여,30세,상해없음,보행자,남,24세,경상
2016111300100260,2016년 11월 13일 14시,일요일,광주광역시 광산구 복룡동,경상사고,0,0,6,0,차대차 - 추돌,안전거리미확보,건조,흐림,단일로 - 기타,승용,남,43세,상해없음,승용,여,37세,경상
2016111300100261,2016년 11월 13일 14시,일요일,광주광역시 광산구 소촌동,중상사고,0,1,2,0,차대차 - 측면직각충돌,신호위반,건조,맑음,교차로 - 교차로안,승용,여,29세,중상,승용,남,38세,경상
2016111300100315,2016년 11월 13일 16시,일요일,광주광역시 광산구 우산동,중상사고,0,1,0,0,차대차 - 추돌,중앙선침범,건조,맑음,단일로 - 기타,승용,남,50세,상해없음,승용,남,29세,중상
2016111300100355,2016년 11월 13일 17시,일요일,광주광역시 광산구 월계동,경상사고,0,0,1,0,차대사람 - 횡단중,보행자보호의무위반,건조,흐림,교차로 - 교차로부근,화물,여,46세,기타불명,보행자,남,12세,경상
2016111300100410,2016년 11월 13일 18시,일요일,광주광역시 남구 서동,중상사고,0,1,0,0,차대사람 - 횡단중,안전운전불이행,습기,비,교차로 - 교차로부근,승용,여,29세,상해없음,보행자,여,55세,중상
2016111300100444,2016년 11월 13일 19시,일요일,광주광역시 광산구 하산동,경상사고,0,0,2,0,차대차 - 추돌,안전거리미확보,건조,맑음,단일로 - 기타,승용,여,48세,상해없음,승용,여,45세,경상
2016111300100474,2016년 11월 13일 20시,일요일,광주광역시 남구 방림동,중상사고,0,1,0,0,차대사람 - 횡단중,신호위반,습기,비,교차로 - 교차로부근,승용,남,67세,상해없음,보행자,남,37세,중상
2016111300100507,2016년 11월 13일 21시,일요일,광주광역시 남구 진월동,경상사고,0,0,1,0,차대사람 - 차도통행중,안전운전불이행,습기,비,교차로 - 교차로안,승용,여,36세,상해없음,보행자,여,23세,경상
2016111300100508,2016년 11월 13일 21시,일요일,광주광역시 서구 양동,중상사고,0,1,0,0,차대사람 - 횡단중,보행자보호의무위반,습기,비,교차로 - 교차로안,화물,남,43세,상해없음,보행자,여,61세,중상
2016111300100509,2016년 11월 13일 21시,일요일,광주광역시 북구 용봉동,경상사고,0,0,1,0,차대사람 - 횡단중,안전운전불이행,습기,비,단일로 - 기타,승용,여,56세,상해없음,보행자,남,30세,경상
2016111300100510,2016년 11월 13일 21시,일요일,광주광역시 북구 용봉동,경상사고,0,0,1,0,차대사람 - 횡단중,안전운전불이행,습기,비,단일로 - 기타,승용,남,61세,상해없음,보행자,여,20세,경상
2016111300100511,2016년 11월 13일 21시,일요일,광주광역시 광산구 우산동,경상사고,0,0,1,0,차대차 - 기타,안전운전불이행,습기,비,단일로 - 기타,승용,남,46세,상해없음,화물,남,67세,경상
2016111300100528,2016년 11월 13일 22시,일요일,광주광역시 서구 동천동,중상사고,0,1,0,0,차대사람 - 횡단중,보행자보호의무위반,습기,비,단일로 - 횡단보도상,승용,남,42세,상해없음,보행자,여,49세,중상
2016111300100529,2016년 11월 13일 22시,일요일,광주광역시 서구 쌍촌동,중상사고,0,1,2,0,차대사람 - 횡단중,과속,습기,비,단일로 - 기타,승용,남,33세,상해없음,보행자,남,15세,중상
2016111300100530,2016년 11월 13일 22시,일요일,광주광역시 광산구 월계동,경상사고,0,0,2,0,차대차 - 추돌,안전운전불이행,건조,맑음,단일로 - 기타,승용,남,32세,상해없음,승용,여,64세,경상
2016111300100549,2016년 11월 13일 23시,일요일,광주광역시 북구 용봉동,경상사고,0,0,1,0,차대차 - 측면직각충돌,안전운전불이행,습기,비,단일로 - 기타,기타불명,기타불명,기타불명,기타불명,자전거,남,20세,경상
2016111300100550,2016년 11월 13일 23시,일요일,광주광역시 광산구 신가동,경상사고,0,0,1,0,차대차 - 측면직각충돌,차로위반,습기,비,단일로 - 기타,승용,남,55세,상해없음,승용,남,50세,경상
2016111300100551,2016년 11월 13일 23시,일요일,광주광역시 광산구 수완동,경상사고,0,0,1,0,차대차 - 추돌,안전거리미확보,습기,비,단일로 - 기타,승용,남,62세,상해없음,승용,남,47세,경상
2016111400100009,2016년 11월 14일 00시,월요일,광주광역시 남구 백운동,경상사고,0,0,1,0,차대사람 - 횡단중,안전운전불이행,습기,비,단일로 - 기타,승용,남,54세,상해없음,보행자,남,59세,경상
2016111400100061,2016년 11월 14일 06시,월요일,광주광역시 서구 치평동,경상사고,0,0,1,0,차대차 - 측면충돌,신호위반,건조,맑음,교차로 - 교차로안,승용,남,52세,상해없음,승용,남,55세,경상
2016111400100154,2016년 11월 14일 08시,월요일,광주광역시 서구 풍암동,경상사고,0,0,2,1,차대차 - 정면충돌,차로위반,건조,맑음,단일로 - 기타,승용,남,28세,부상신고,승용,여,26세,경상
2016111400100155,2016년 11월 14일 08시,월요일,광주광역시 북구 양산동,경상사고,0,0,1,0,차대차 - 추돌,안전운전불이행,건조,맑음,교차로 - 교차로부근,화물,남,43세,상해없음,승용,여,32세,경상
2016111400100156,2016년 11월 14일 08시,월요일,광주광역시 북구 동림동,경상사고,0,0,1,0,차대차 - 추돌,신호위반,건조,맑음,교차로 - 교차로안,승용,남,52세,상해없음,승용,남,35세,경상
2016111400100157,2016년 11월 14일 08시,월요일,광주광역시 광산구 우산동,경상사고,0,0,1,0,차대차 - 측면직각충돌,안전운전불이행,습기,비,교차로 - 교차로안,승용,남,16세,상해없음,승용,남,58세,경상
2016111400100193,2016년 11월 14일 09시,월요일,광주광역시 남구 서동,경상사고,0,0,1,0,차대차 - 측면직각충돌,안전운전불이행,습기,흐림,단일로 - 횡단보도상,승용,여,25세,상해없음,자전거,여,62세,경상
2016111400100218,2016년 11월 14일 10시,월요일,광주광역시 광산구 우산동,경상사고,0,0,2,0,차대차 - 측면직각충돌,교차로운행방법위반,습기,비,교차로 - 교차로안,승용,남,59세,상해없음,승용,남,55세,상해없음
2016111400100283,2016년 11월 14일 12시,월요일,광주광역시 서구 양동,경상사고,0,0,1,0,차대차 - 측면직각충돌,안전운전불이행,습기,비,단일로 - 기타,화물,남,65세,상해없음,승용,남,51세,상해없음
2016111400100408,2016년 11월 14일 16시,월요일,광주광역시 서구 양동,중상사고,0,1,0,0,차대사람 - 횡단중,안전운전불이행,습기,흐림,단일로 - 기타,화물,남,50세,상해없음,보행자,여,73세,중상
2016111400100409,2016년 11월 14일 16시,월요일,광주광역시 북구 운암동,경상사고,0,0,2,0,차대차 - 추돌,안전거리미확보,건조,맑음,단일로 - 기타,승용,남,22세,상해없음,승용,남,54세,경상
2016111400100462,2016년 11월 14일 17시,월요일,광주광역시 광산구 월계동,경상사고,0,0,2,0,차대차 - 정면충돌,교차로운행방법위반,건조,맑음,교차로 - 교차로안,승용,남,79세,상해없음,승용,여,57세,경상
2016111400100521,2016년 11월 14일 18시,월요일,광주광역시 동구 동명동,경상사고,0,0,3,0,차대차 - 기타,안전거리미확보,건조,맑음,단일로 - 기타,화물,남,72세,상해없음,승합,남,56세,상해없음
2016111400100522,2016년 11월 14일 18시,월요일,광주광역시 서구 광천동,경상사고,0,0,1,0,차대차 - 추돌,안전거리미확보,건조,맑음,단일로 - 기타,승용,남,33세,기타불명,승용,여,48세,경상
2016111400100523,2016년 11월 14일 18시,월요일,광주광역시 북구 양산동,경상사고,0,0,1,0,차대차 - 추돌,안전거리미확보,건조,맑음,단일로 - 기타,승용,여,47세,상해없음,승합,남,32세,경상
2016111400100524,2016년 11월 14일 18시,월요일,광주광역시 광산구 운남동,경상사고,0,0,1,0,차대차 - 추돌,안전운전불이행,건조,맑음,단일로 - 기타,승용,남,34세,상해없음,승용,남,68세,경상
2016111400100566,2016년 11월 14일 19시,월요일,광주광역시 북구 삼각동,경상사고,0,0,2,0,차대차 - 측면직각충돌,안전거리미확보,건조,맑음,단일로 - 기타,승용,남,55세,상해없음,승용,여,51세,경상
2016111400100598,2016년 11월 14일 20시,월요일,광주광역시 북구 동림동,경상사고,0,0,2,0,차대차 - 측면직각충돌,안전거리미확보,건조,맑음,단일로 - 기타,승용,남,45세,상해없음,승용,남,62세,경상
2016111400100629,2016년 11월 14일 21시,월요일,광주광역시 동구 학동,경상사고,0,0,2,0,차대차 - 측면충돌,중앙선침범,건조,맑음,단일로 - 기타,승용,남,39세,상해없음,이륜,남,39세,경상
2016111400100654,2016년 11월 14일 22시,월요일,광주광역시 북구 문흥동,경상사고,0,0,1,0,차대차 - 측면충돌,안전운전불이행,건조,맑음,교차로 - 교차로안,승용,남,23세,상해없음,자전거,남,54세,경상
2016111400100655,2016년 11월 14일 22시,월요일,광주광역시 북구 양산동,경상사고,0,0,5,0,차대차 - 추돌,안전운전불이행,건조,맑음,단일로 - 기타,승용,여,48세,상해없음,승용,여,39세,경상
2016111400100672,2016년 11월 14일 23시,월요일,광주광역시 광산구 쌍암동,경상사고,0,0,1,0,차대사람 - 기타,안전운전불이행,건조,맑음,단일로 - 기타,승용,남,54세,상해없음,보행자,남,41세,경상
2016111400100673,2016년 11월 14일 23시,월요일,광주광역시 광산구 월계동,경상사고,0,0,2,0,차대차 - 측면충돌,신호위반,건조,맑음,교차로 - 교차로안,승용,남,60세,상해없음,승용,남,69세,경상
2016111500100020,2016년 11월 15일 00시,화요일,광주광역시 남구 주월동,중상사고,0,1,0,0,차대사람 - 횡단중,보행자보호의무위반,건조,맑음,교차로 - 교차로부근,승용,남,60세,상해없음,보행자,남,63세,중상
2016111500100021,2016년 11월 15일 00시,화요일,광주광역시 북구 용봉동,경상사고,0,0,1,0,차대차 - 측면충돌,안전운전불이행,건조,맑음,단일로 - 기타,승합,남,49세,상해없음,원동기,남,21세,경상