사고번호,사고일시,요일,시군구,사고내용,사망자수,중상자수,경상자수,부상신고자수,사고유형,법규위반,노면상태,기상상태,도로형태,가해운전자 차종,가해운전자 성별,가해운전자 연령,가해운전자 상해정도,피해운전자 차종,피해운전자 성별,피해운전자 연령,피해운전자 상해정도
2016111500100034,2016년 11월 15일 01시,화요일,광주광역시 서구 쌍촌동,경상사고,0,0,1,0,차대차 - 추돌,안전운전불이행,건조,맑음,교차로 - 교차로부근,승용,남,47세,상해없음,승용,남,29세,경상
2016111500100074,2016년 11월 15일 06시,화요일,광주광역시 서구 화정동,중상사고,0,1,0,0,차대차 - 측면직각충돌,안전운전불이행,건조,맑음,교차로 - 교차로안,승용,남,17세,상해없음,승용,남,76세,중상
2016111500100075,2016년 11월 15일 06시,화요일,광주광역시 광산구 우산동,경상사고,0,0,1,0,차대차 - 측면직각충돌,안전거리미확보,건조,맑음,단일로 - 기타,승용,여,28세,상해없음,화물,남,39세,경상
2016111500100174,2016년 11월 15일 09시,화요일,광주광역시 남구 월산동,경상사고,0,0,5,0,차대차 - 기타,안전운전불이행,건조,맑음,교차로 - 교차로안,승용,남,74세,상해없음,승용,남,33세,경상
2016111500100175,2016년 11월 15일 09시,화요일,광주광역시 남구 주월동,경상사고,0,0,1,0,차대사람 - 횡단중,신호위반,건조,맑음,단일로 - 기타,승용,여,55세,상해없음,보행자,여,25세,경상
2016111500100176,2016년 11월 15일 09시,화요일,광주광역시 북구 용봉동,경상사고,0,0,2,0,차량단독 - 전도전복,안전운전불이행,건조,맑음,단일로 - 기타,승용,남,61세,경상,,,,
2016111500100253,2016년 11월 15일 11시,화요일,광주광역시 북구 우산동,중상사고,0,1,0,0,차대사람 - 길가장자리구역통행중,안전운전불이행,건조,맑음,단일로 - 기타,승용,여,60세,상해없음,보행자,여,68세,중상
2016111500100319,2016년 11월 15일 13시,화요일,광주광역시 북구 신안동,경상사고,0,0,1,0,차대차 - 기타,안전운전불이행,건조,맑음,단일로 - 기타,이륜,남,81세,상해없음,승용,여,31세,상해없음
2016111500100351,2016년 11월 15일 14시,화요일,광주광역시 남구 진월동,경상사고,0,0,1,0,차대차 - 추돌,안전거리미확보,건조,맑음,단일로 - 기타,승용,남,50세,상해없음,화물,남,65세,상해없음
2016111500100392,2016년 11월 15일 15시,화요일,광주광역시 남구 진월동,경상사고,0,0,2,0,차대차 - 기타,안전운전불이행,건조,맑음,교차로 - 교차로안,특수,남,63세,상해없음,승용,여,42세,경상
2016111500100393,2016년 11월 15일 15시,화요일,광주광역시 북구 양산동,경상사고,0,0,2,0,차대차 - 기타,교차로운행방법위반,건조,맑음,교차로 - 교차로안,승용,여,37세,경상,승용,남,42세,경상
2016111500100444,2016년 11월 15일 16시,화요일,광주광역시 북구 임동,경상사고,0,0,2,0,차대차 - 측면충돌,신호위반,건조,맑음,교차로 - 교차로안,승용,남,41세,경상,승용,남,25세,경상
2016111500100488,2016년 11월 15일 17시,화요일,광주광역시 북구 두암동,중상사고,0,1,3,0,차대차 - 측면충돌,안전운전불이행,건조,맑음,단일로 - 기타,승용,여,51세,경상,승용,여,69세,중상
2016111500100489,2016년 11월 15일 17시,화요일,광주광역시 광산구 신촌동,경상사고,0,0,1,0,차대차 - 측면직각충돌,안전거리미확보,건조,맑음,교차로 - 교차로부근,승용,여,40세,상해없음,승용,남,59세,경상
2016111500100635,2016년 11월 15일 20시,화요일,광주광역시 남구 주월동,중상사고,0,1,0,0,차대사람 - 기타,안전운전불이행,건조,맑음,단일로 - 기타,승용,남,65세,상해없음,보행자,남,51세,중상
2016111500100636,2016년 11월 15일 20시,화요일,광주광역시 광산구 쌍암동,경상사고,0,0,1,0,차대차 - 정면충돌,신호위반,건조,맑음,교차로 - 교차로안,승용,남,60세,상해없음,원동기,남,17세,경상
2016111500100637,2016년 11월 15일 20시,화요일,광주광역시 광산구 산정동,경상사고,0,0,1,0,차대사람 - 횡단중,안전운전불이행,건조,맑음,교차로 - 교차로안,승용,여,29세,상해없음,보행자,남,33세,경상
2016111500100700,2016년 11월 15일 22시,화요일,광주광역시 북구 양산동,경상사고,0,0,4,0,차대차 - 측면직각충돌,안전운전불이행,건조,맑음,교차로 - 교차로안,승용,남,60세,상해없음,승용,여,32세,경상
2016111600100082,2016년 11월 16일 06시,수요일,광주광역시 북구 두암동,경상사고,0,0,1,0,차대차 - 기타,불법유턴,건조,맑음,교차로 - 교차로안,승용,남,53세,상해없음,승용,여,38세,경상
2016111600100114,2016년 11월 16일 07시,수요일,광주광역시 광산구 월곡동,경상사고,0,0,3,0,차대차 - 기타,안전거리미확보,건조,맑음,단일로 - 기타,승합,남,62세,상해없음,승합,남,56세,상해없음
2016111600100202,2016년 11월 16일 09시,수요일,광주광역시 북구 연제동,경상사고,0,0,1,0,차대차 - 추돌,안전운전불이행,건조,맑음,단일로 - 기타,승용,남,28세,상해없음,화물,남,32세,경상
2016111600100238,2016년 11월 16일 10시,수요일,광주광역시 북구 대촌동,경상사고,0,0,1,0,차대차 - 측면충돌,안전운전불이행,건조,맑음,단일로 - 기타,승용,남,44세,상해없음,승용,남,60세,경상
2016111600100239,2016년 11월 16일 10시,수요일,광주광역시 북구 두암동,경상사고,0,0,2,0,차대차 - 측면직각충돌,안전운전불이행,건조,맑음,단일로 - 기타,승용,남,55세,상해없음,승용,남,34세,경상
2016111600100240,2016년 11월 16일 10시,수요일,광주광역시 광산구 송정동,경상사고,0,0,1,0,차대사람 - 횡단중,안전운전불이행,건조,맑음,단일로 - 기타,승용,남,27세,상해없음,보행자,남,19세,경상
2016111600100278,2016년 11월 16일 11시,수요일,광주광역시 서구 풍암동,경상사고,0,0,1,0,차대차 - 측면직각충돌,직진우회전진행방해,건조,맑음,교차로 - 교차로안,기타불명,기타불명,기타불명,기타불명,자전거,여,58세,경상
2016111600100317,2016년 11월 16일 12시,수요일,광주광역시 서구 화정동,경상사고,0,0,1,0,차대차 - 기타,차로위반,건조,맑음,단일로 - 기타,승용,남,57세,상해없음,승용,남,53세,경상
2016111600100318,2016년 11월 16일 12시,수요일,광주광역시 광산구 산정동,경상사고,0,0,1,0,차대차 - 측면충돌,안전운전불이행,건조,맑음,단일로 - 기타,승용,남,34세,상해없음,화물,남,40세,상해없음
2016111600100375,2016년 11월 16일 14시,수요일,광주광역시 서구 풍암동,경상사고,0,0,1,0,차대차 - 기타,교차로운행방법위반,건조,맑음,교차로 - 교차로안,승용,여,47세,상해없음,승용,남,53세,경상
2016111600100376,2016년 11월 16일 14시,수요일,광주광역시 광산구 연산동,중상사고,0,1,1,0,차대차 - 측면직각충돌,교차로운행방법위반,건조,맑음,교차로 - 교차로안,화물,남,62세,중상,화물,남,36세,경상
2016111600100410,2016년 11월 16일 15시,수요일,광주광역시 서구 금호동,경상사고,0,0,1,0,차대사람 - 횡단중,안전운전불이행,건조,맑음,단일로 - 기타,승용,여,31세,상해없음,보행자,여,34세,경상
2016111600100618,2016년 11월 16일 20시,수요일,광주광역시 북구 신안동,중상사고,0,1,0,0,차대차 - 측면충돌,안전거리미확보,건조,맑음,단일로 - 기타,승용,남,56세,상해없음,이륜,남,48세,중상
2016111600100663,2016년 11월 16일 22시,수요일,광주광역시 북구 삼각동,경상사고,0,0,1,0,차대차 - 측면충돌,중앙선침범,건조,맑음,단일로 - 기타,화물,남,57세,상해없음,승용,남,50세,경상
2016111600100695,2016년 11월 16일 23시,수요일,광주광역시 북구 신용동,경상사고,0,0,2,0,차대차 - 측면충돌,안전운전불이행,건조,맑음,단일로 - 기타,승용,여,31세,경상,승용,여,38세,경상
2016111600100696,2016년 11월 16일 23시,수요일,광주광역시 북구 오치동,경상사고,0,0,3,0,차대차 - 측면직각충돌,교차로운행방법위반,건조,맑음,교차로 - 교차로안,승용,남,23세,경상,승용,남,51세,경상
2016111600100697,2016년 11월 16일 23시,수요일,광주광역시 광산구 수완동,경상사고,0,0,1,0,차대차 - 측면충돌,안전운전불이행,건조,맑음,교차로 - 교차로안,승용,여,38세,상해없음,승용,남,34세,경상
2016111700100021,2016년 11월 17일 00시,목요일,광주광역시 북구 우산동,경상사고,0,0,1,0,차대차 - 추돌,안전거리미확보,건조,맑음,단일로 - 기타,승용,남,56세,상해없음,이륜,남,21세,경상
2016111700100042,2016년 11월 17일 01시,목요일,광주광역시 광산구 쌍암동,중상사고,0,1,0,0,차대차 - 측면직각충돌,차로위반,건조,맑음,단일로 - 기타,승용,남,22세,상해없음,승용,남,32세,상해없음
2016111700100084,2016년 11월 17일 06시,목요일,광주광역시 동구 학동,중상사고,0,1,0,0,차대사람 - 횡단중,보행자보호의무위반,건조,맑음,교차로 - 교차로부근,승용,남,58세,상해없음,보행자,여,55세,중상
2016111700100131,2016년 11월 17일 08시,목요일,광주광역시 서구 쌍촌동,경상사고,0,0,6,0,차대차 - 측면직각충돌,안전거리미확보,건조,맑음,교차로 - 교차로부근,화물,남,56세,상해없음,승합,남,47세,상해없음
2016111700100195,2016년 11월 17일 10시,목요일,광주광역시 북구 운암동,경상사고,0,0,1,0,차대차 - 기타,안전운전불이행,건조,맑음,단일로 - 기타,승용,남,23세,상해없음,이륜,남,34세,경상
2016111700100196,2016년 11월 17일 10시,목요일,광주광역시 광산구 신가동,경상사고,0,0,1,0,차대차 - 측면직각충돌,안전운전불이행,건조,맑음,교차로 - 교차로안,자전거,남,17세,경상,승용,남,65세,상해없음
2016111700100197,2016년 11월 17일 10시,목요일,광주광역시 광산구 도천동,중상사고,0,1,0,0,차대차 - 측면직각충돌,안전거리미확보,건조,맑음,단일로 - 기타,승용,남,47세,상해없음,승용,여,61세,중상
2016111700100253,2016년 11월 17일 12시,목요일,광주광역시 동구 장동,중상사고,0,1,0,0,차대차 - 측면직각충돌,신호위반,건조,맑음,교차로 - 교차로안,승용,여,48세,상해없음,자전거,남,78세,중상
2016111700100370,2016년 11월 17일 15시,목요일,광주광역시 서구 광천동,경상사고,0,0,1,0,차대차 - 추돌,안전운전불이행,건조,맑음,단일로 - 기타,승용,남,63세,상해없음,화물,남,52세,경상
2016111700100407,2016년 11월 17일 16시,목요일,광주광역시 서구 농성동,경상사고,0,0,2,0,차대차 - 추돌,안전운전불이행,건조,맑음,단일로 - 기타,승용,남,53세,상해없음,승용,남,25세,상해없음
2016111700100506,2016년 11월 17일 18시,목요일,광주광역시 남구 송하동,중상사고,0,2,0,0,차대차 - 추돌,안전거리미확보,건조,맑음,단일로 - 기타,화물,남,54세,상해없음,승용,남,31세,중상
2016111700100507,2016년 11월 17일 18시,목요일,광주광역시 북구 용두동,경상사고,0,0,1,0,차대사람 - 횡단중,신호위반,건조,맑음,단일로 - 횡단보도상,승용,남,40세,상해없음,보행자,여,49세,경상
2016111700100508,2016년 11월 17일 18시,목요일,광주광역시 북구 매곡동,중상사고,0,1,3,0,차대차 - 측면충돌,안전운전불이행,건조,맑음,단일로 - 횡단보도부근,승용,남,42세,중상,승용,남,37세,경상
2016111700100564,2016년 11월 17일 19시,목요일,광주광역시 남구 월산동,경상사고,0,0,1,0,차대차 - 측면직각충돌,신호위반,건조,맑음,교차로 - 교차로안,승용,남,33세,상해없음,승용,여,42세,경상
2016111700100623,2016년 11월 17일 21시,목요일,광주광역시 서구 치평동,경상사고,0,0,1,0,차대차 - 정면충돌,안전운전불이행,건조,맑음,교차로 - 교차로안,승용,여,28세,기타불명,승용,남,63세,경상
2016111700100624,2016년 11월 17일 21시,목요일,광주광역시 광산구 우산동,경상사고,0,0,1,0,차대사람 - 횡단중,안전운전불이행,건조,맑음,교차로 - 교차로안,승용,남,53세,상해없음,보행자,여,55세,경상
2016111700100656,2016년 11월 17일 22시,목요일,광주광역시 북구 신용동,경상사고,0,0,2,0,차대차 - 측면직각충돌,차로위반,건조,맑음,단일로 - 기타,승용,남,57세,상해없음,승용,여,49세,경상
2016111700100657,2016년 11월 17일 22시,목요일,광주광역시 광산구 오선동,경상사고,0,0,2,0,차대차 - 추돌,안전운전불이행,건조,맑음,단일로 - 기타,승용,남,28세,상해없음,승용,남,45세,경상
2016111800100024,2016년 11월 18일 00시,금요일,광주광역시 광산구 쌍암동,경상사고,0,0,3,0,차대차 - 추돌,안전운전불이행,건조,맑음,교차로 - 교차로부근,승용,남,38세,상해없음,승용,남,26세,경상
2016111800100036,2016년 11월 18일 01시,금요일,광주광역시 광산구 월계동,경상사고,0,0,2,0,차대차 - 측면직각충돌,안전거리미확보,건조,맑음,단일로 - 기타,승용,남,35세,경상,승용,남,22세,경상
2016111800100137,2016년 11월 18일 08시,금요일,광주광역시 광산구 옥동,중상사고,0,1,0,0,차대차 - 정면충돌,교차로운행방법위반,건조,맑음,교차로 - 교차로안,화물,남,36세,상해없음,승용,여,57세,중상
2016111800100138,2016년 11월 18일 08시,금요일,광주광역시 광산구 쌍암동,경상사고,0,0,1,0,차대차 - 추돌,안전운전불이행,건조,맑음,단일로 - 기타,승용,남,59세,상해없음,승용,여,38세,상해없음
2016111800100200,2016년 11월 18일 10시,금요일,광주광역시 서구 치평동,중상사고,0,1,1,0,차대차 - 측면직각충돌,직진우회전진행방해,건조,맑음,교차로 - 교차로안,승용,여,53세,중상,승용,남,54세,경상
2016111800100269,2016년 11월 18일 12시,금요일,광주광역시 광산구 월곡동,경상사고,0,0,4,0,차대차 - 측면직각충돌,안전거리미확보,습기,흐림,단일로 - 기타,승용,남,39세,경상,승용,남,24세,경상
2016111800100304,2016년 11월 18일 13시,금요일,광주광역시 서구 치평동,경상사고,0,0,1,0,차대차 - 측면직각충돌,안전운전불이행,건조,맑음,단일로 - 기타,승용,남,58세,상해없음,승용,남,31세,경상
2016111800100332,2016년 11월 18일 14시,금요일,광주광역시 북구 중흥동,경상사고,0,0,2,0,차대차 - 측면직각충돌,불법유턴,건조,흐림,단일로 - 기타,승용,남,54세,상해없음,승용,여,38세,경상
2016111800100333,2016년 11월 18일 14시,금요일,광주광역시 북구 풍향동,경상사고,0,0,3,0,차대차 - 기타,안전운전불이행,건조,맑음,단일로 - 기타,승용,남,26세,경상,승용,여,22세,경상
2016111800100474,2016년 11월 18일 17시,금요일,광주광역시 서구 화정동,경상사고,0,0,1,0,차대차 - 측면직각충돌,직진우회전진행방해,습기,비,교차로 - 교차로안,승용,여,39세,상해없음,이륜,남,22세,경상
2016111800100475,2016년 11월 18일 17시,금요일,광주광역시 광산구 송정동,경상사고,0,0,1,0,차대사람 - 횡단중,안전운전불이행,습기,흐림,교차로 - 교차로부근,승용,남,74세,기타불명,보행자,여,9세,경상
2016111800100554,2016년 11월 18일 18시,금요일,광주광역시 서구 농성동,경상사고,0,0,2,0,차대차 - 측면직각충돌,안전운전불이행,습기,비,교차로 - 교차로부근,승합,남,42세,상해없음,승용,여,25세,경상
2016111800100555,2016년 11월 18일 18시,금요일,광주광역시 북구 중흥동,경상사고,0,0,4,0,차대차 - 측면직각충돌,교차로운행방법위반,습기,비,교차로 - 교차로안,승용,남,43세,상해없음,승용,남,44세,경상
2016111800100556,2016년 11월 18일 18시,금요일,광주광역시 광산구 소촌동,중상사고,0,1,0,0,차대사람 - 길가장자리구역통행중,안전운전불이행,습기,비,단일로 - 기타,원동기,남,53세,상해없음,보행자,여,30세,중상
2016111800100627,2016년 11월 18일 19시,금요일,광주광역시 서구 화정동,부상신고사고,0,0,0,1,차대차 - 측면직각충돌,신호위반,습기,비,교차로 - 교차로안,승용,남,36세,상해없음,승용,남,24세,부상신고
2016111800100628,2016년 11월 18일 19시,금요일,광주광역시 북구 두암동,경상사고,0,0,1,0,차대차 - 추돌,교차로운행방법위반,습기,비,교차로 - 교차로안,승용,남,64세,기타불명,승용,남,66세,경상
2016111800100673,2016년 11월 18일 20시,금요일,광주광역시 서구 광천동,경상사고,0,0,1,0,차대차 - 측면직각충돌,안전운전불이행,습기,비,단일로 - 기타,승용,남,48세,상해없음,승용,남,38세,경상
2016111800100674,2016년 11월 18일 20시,금요일,광주광역시 서구 화정동,중상사고,0,1,0,0,차대사람 - 횡단중,보행자보호의무위반,습기,비,단일로 - 기타,승용,남,52세,상해없음,보행자,여,44세,중상
2016111800100675,2016년 11월 18일 20시,금요일,광주광역시 남구 봉선동,경상사고,0,0,5,0,차대차 - 추돌,안전거리미확보,건조,맑음,단일로 - 터널,승용,여,45세,상해없음,승용,여,44세,경상
2016111800100676,2016년 11월 18일 20시,금요일,광주광역시 북구 중흥동,경상사고,0,0,1,0,차대차 - 측면직각충돌,교차로운행방법위반,습기,비,교차로 - 교차로안,원동기,남,19세,경상,승용,남,50세,상해없음
2016111800100677,2016년 11월 18일 20시,금요일,광주광역시 광산구 송정동,중상사고,0,1,1,0,차대사람 - 기타,안전운전불이행,습기,비,교차로 - 교차로부근,승용,여,45세,상해없음,보행자,남,71세,중상
2016111800100678,2016년 11월 18일 20시,금요일,광주광역시 광산구 신창동,경상사고,0,0,1,0,차대차 - 측면직각충돌,안전운전불이행,건조,맑음,교차로 - 교차로안,승용,여,41세,상해없음,원동기,남,30세,경상
2016111800100724,2016년 11월 18일 21시,금요일,광주광역시 북구 오치동,경상사고,0,0,1,0,차대차 - 측면직각충돌,교차로운행방법위반,건조,맑음,교차로 - 교차로안,승용,남,41세,상해없음,이륜,남,19세,경상
2016111800100725,2016년 11월 18일 21시,금요일,광주광역시 광산구 송정동,중상사고,0,1,0,0,차대차 - 기타,안전운전불이행,습기,비,단일로 - 기타,이륜,남,53세,상해없음,이륜,남,17세,중상
2016111800100769,2016년 11월 18일 22시,금요일,광주광역시 북구 누문동,경상사고,0,0,4,0,차대차 - 측면직각충돌,신호위반,습기,비,교차로 - 교차로안,승용,여,25세,상해없음,승용,여,48세,경상
2016111800100770,2016년 11월 18일 22시,금요일,광주광역시 광산구 소촌동,중상사고,0,2,0,0,차대차 - 측면충돌,안전운전불이행,습기,비,교차로 - 교차로안,자전거,남,46세,중상,원동기,남,20세,중상
2016111800100803,2016년 11월 18일 23시,금요일,광주광역시 서구 치평동,경상사고,0,0,1,0,차대차 - 측면직각충돌,안전운전불이행,습기,비,단일로 - 기타,승용,남,48세,상해없음,이륜,남,35세,경상
2016111800100804,2016년 11월 18일 23시,금요일,광주광역시 북구 문흥동,경상사고,0,0,3,0,차대차 - 측면직각충돌,중앙선침범,습기,비,단일로 - 기타,승용,남,23세,상해없음,승용,남,58세,경상
2016111900100056,2016년 11월 19일 01시,토요일,광주광역시 북구 삼각동,경상사고,0,0,1,0,차대차 - 기타,안전운전불이행,건조,맑음,단일로 - 기타,승용,남,43세,상해없음,승용,여,28세,경상
2016111900100071,2016년 11월 19일 02시,토요일,광주광역시 북구 중흥동,경상사고,0,0,1,0,차대사람 - 횡단중,안전운전불이행,습기,비,교차로 - 교차로안,승용,남,23세,상해없음,보행자,남,19세,경상
2016111900100080,2016년 11월 19일 03시,토요일,광주광역시 남구 백운동,중상사고,0,1,1,0,차대차 - 정면충돌,중앙선침범,습기,비,교차로 - 교차로부근,승용,남,28세,상해없음,승용,남,41세,중상
2016111900100104,2016년 11월 19일 05시,토요일,광주광역시 동구 학동,중상사고,0,1,0,0,차대차 - 측면직각충돌,신호위반,습기,흐림,교차로 - 교차로안,이륜,남,70세,중상,승용,남,64세,상해없음
2016111900100185,2016년 11월 19일 09시,토요일,광주광역시 동구 계림동,경상사고,0,0,1,0,차대차 - 측면충돌,안전운전불이행,건조,맑음,단일로 - 기타,승용,남,55세,상해없음,자전거,여,59세,경상
2016111900100222,2016년 11월 19일 10시,토요일,광주광역시 남구 진월동,경상사고,0,0,1,0,차대사람 - 기타,안전운전불이행,건조,맑음,교차로 - 교차로안,화물,남,46세,상해없음,보행자,남,78세,경상
2016111900100252,2016년 11월 19일 11시,토요일,광주광역시 동구 충장로4가,경상사고,0,0,3,0,차대차 - 측면충돌,안전운전불이행,습기,비,단일로 - 기타,승합,남,59세,상해없음,승용,남,20세,경상
2016111900100253,2016년 11월 19일 11시,토요일,광주광역시 서구 금호동,경상사고,0,0,1,0,차대차 - 정면충돌,안전운전불이행,습기,비,단일로 - 기타,승용,남,26세,상해없음,승용,남,48세,경상
2016111900100254,2016년 11월 19일 11시,토요일,광주광역시 북구 매곡동,경상사고,0,0,1,0,차대차 - 추돌,안전거리미확보,습기,비,단일로 - 기타,승용,남,57세,상해없음,승용,여,41세,경상
2016111900100255,2016년 11월 19일 11시,토요일,광주광역시 북구 연제동,경상사고,0,0,3,0,차대차 - 기타,안전운전불이행,건조,맑음,단일로 - 기타,승용,남,47세,경상,승합,남,26세,경상
2016111900100256,2016년 11월 19일 11시,토요일,광주광역시 광산구 오선동,경상사고,0,0,1,0,차대차 - 정면충돌,신호위반,건조,흐림,교차로 - 교차로안,승용,남,49세,상해없음,승용,남,33세,경상
2016111900100294,2016년 11월 19일 12시,토요일,광주광역시 서구 치평동,경상사고,0,0,4,0,차대차 - 기타,안전거리미확보,습기,비,교차로 - 교차로부근,승용,남,47세,상해없음,승용,여,35세,경상
2016111900100341,2016년 11월 19일 13시,토요일,광주광역시 북구 우산동,경상사고,0,0,1,0,차대사람 - 기타,안전운전불이행,습기,비,단일로 - 기타,승용,남,70세,상해없음,보행자,남,70세,경상
2016111900100377,2016년 11월 19일 14시,토요일,광주광역시 서구 매월동,경상사고,0,0,1,0,차대차 - 추돌,안전운전불이행,건조,맑음,단일로 - 기타,승용,남,41세,상해없음,승용,남,52세,경상
2016111900100416,2016년 11월 19일 15시,토요일,광주광역시 서구 금호동,경상사고,0,0,2,0,차대차 - 추돌,안전거리미확보,건조,맑음,단일로 - 기타,승용,남,37세,상해없음,승용,여,46세,경상
2016111900100451,2016년 11월 19일 16시,토요일,광주광역시 서구 쌍촌동,경상사고,0,0,3,0,차대차 - 측면직각충돌,안전운전불이행,건조,맑음,교차로 - 교차로안,승용,남,59세,상해없음,승용,남,60세,상해없음
2016111900100452,2016년 11월 19일 16시,토요일,광주광역시 북구 신안동,경상사고,0,0,1,0,차대차 - 측면직각충돌,안전운전불이행,건조,맑음,교차로 - 교차로안,승합,남,55세,상해없음,승용,여,47세,경상
2016111900100500,2016년 11월 19일 17시,토요일,광주광역시 남구 백운동,경상사고,0,0,4,1,차대차 - 정면충돌,중앙선침범,건조,맑음,단일로 - 기타,승용,남,50세,상해없음,승용,남,47세,경상
2016111900100501,2016년 11월 19일 17시,토요일,광주광역시 남구 진월동,경상사고,0,0,5,0,차대차 - 측면충돌,차로위반,건조,맑음,단일로 - 기타,승용,남,24세,상해없음,승용,여,63세,경상
2016111900100502,2016년 11월 19일 17시,토요일,광주광역시 광산구 산정동,경상사고,0,0,1,0,차대차 - 측면충돌,안전운전불이행,건조,맑음,교차로 - 교차로안,승용,남,22세,상해없음,이륜,남,55세,경상
2016111900100556,2016년 11월 19일 18시,토요일,광주광역시 남구 봉선동,경상사고,0,0,1,0,차대차 - 측면직각충돌,교차로운행방법위반,건조,맑음,교차로 - 교차로안,승용,여,52세,상해없음,이륜,남,17세,경상
2016111900100557,2016년 11월 19일 18시,토요일,광주광역시 남구 행암동,경상사고,0,0,1,0,차대차 - 기타,교차로운행방법위반,습기,비,교차로 - 교차로안,승용,남,63세,상해없음,원동기,남,26세,경상
2016111900100558,2016년 11월 19일 18시,토요일,광주광역시 북구 풍향동,경상사고,0,0,1,0,차대차 - 측면직각충돌,교차로운행방법위반,습기,흐림,교차로 - 교차로안,승용,남,62세,상해없음,승용,남,67세,상해없음
2016111900100617,2016년 11월 19일 19시,토요일,광주광역시 서구 치평동,경상사고,0,0,2,0,차대차 - 추돌,안전운전불이행,건조,흐림,단일로 - 기타,이륜,남,23세,경상,승용,남,30세,경상
2016111900100618,2016년 11월 19일 19시,토요일,광주광역시 북구 운암동,경상사고,0,0,1,0,차대차 - 측면직각충돌,안전운전불이행,습기,비,단일로 - 기타,승용,남,58세,상해없음,이륜,남,19세,경상
2016111900100619,2016년 11월 19일 19시,토요일,광주광역시 북구 풍향동,경상사고,0,0,1,0,차대사람 - 횡단중,신호위반,습기,흐림,교차로 - 교차로부근,승용,여,23세,기타불명,보행자,남,32세,경상
2016111900100658,2016년 11월 19일 20시,토요일,광주광역시 서구 치평동,중상사고,0,1,0,0,차대사람 - 기타,신호위반,건조,맑음,교차로 - 교차로안,승용,남,29세,상해없음,보행자,남,39세,중상
2016111900100685,2016년 11월 19일 21시,토요일,광주광역시 북구 일곡동,경상사고,0,0,1,0,차대사람 - 횡단중,안전운전불이행,건조,맑음,단일로 - 기타,기타불명,기타불명,기타불명,기타불명,보행자,남,59세,경상
2016111900100686,2016년 11월 19일 21시,토요일,광주광역시 광산구 옥동,경상사고,0,0,2,0,차대차 - 정면충돌,안전거리미확보,건조,맑음,교차로 - 교차로안,승용,남,60세,상해없음,승용,남,59세,경상
2016111900100706,2016년 11월 19일 22시,토요일,광주광역시 북구 용봉동,중상사고,0,1,1,0,차대차 - 추돌,안전운전불이행,건조,맑음,단일로 - 기타,승용,여,38세,상해없음,승용,남,42세,경상
2016111900100710,2016년 11월 19일 22시,토요일,광주광역시 서구 풍암동,경상사고,0,0,1,0,차대차 - 기타,직진우회전진행방해,습기,흐림,교차로 - 교차로안,승용,남,56세,상해없음,원동기,남,48세,경상
2016111900100711,2016년 11월 19일 22시,토요일,광주광역시 북구 연제동,경상사고,0,0,2,0,차대차 - 측면직각충돌,안전운전불이행,건조,맑음,단일로 - 기타,승용,남,25세,상해없음,승용,여,29세,경상
2016112000100013,2016년 11월 20일 00시,일요일,광주광역시 남구 양림동,경상사고,0,0,2,0,차대차 - 측면직각충돌,교차로운행방법위반,건조,맑음,교차로 - 교차로안,승용,남,64세,경상,승용,남,47세,상해없음
2016112000100028,2016년 11월 20일 01시,일요일,광주광역시 서구 농성동,경상사고,0,0,4,0,차대차 - 측면직각충돌,안전운전불이행,건조,흐림,교차로 - 교차로안,승용,남,51세,상해없음,승용,남,35세,경상
2016112000100029,2016년 11월 20일 01시,일요일,광주광역시 북구 용봉동,중상사고,0,2,1,0,차대차 - 측면충돌,교차로운행방법위반,건조,맑음,교차로 - 교차로안,승용,남,30세,경상,승용,남,63세,중상
2016112000100030,2016년 11월 20일 01시,일요일,광주광역시 광산구 도천동,경상사고,0,0,1,0,차대차 - 측면직각충돌,안전거리미확보,건조,맑음,교차로 - 교차로부근,승용,남,22세,상해없음,승용,남,26세,경상
2016112000100073,2016년 11월 20일 04시,일요일,광주광역시 서구 금호동,경상사고,0,0,2,0,차대차 - 추돌,안전운전불이행,건조,맑음,교차로 - 교차로부근,승용,남,20세,경상,승용,남,24세,기타불명
2016112000100083,2016년 11월 20일 05시,일요일,광주광역시 광산구 산월동,부상신고사고,0,0,0,1,차대차 - 측면직각충돌,안전운전불이행,건조,맑음,교차로 - 교차로부근,승용,남,55세,상해없음,승용,남,35세,부상신고
2016112000100104,2016년 11월 20일 06시,일요일,광주광역시 서구 풍암동,사망사고,1,0,1,0,차대사람 - 횡단중,과속,건조,맑음,단일로 - 횡단보도상,승용,남,56세,상해없음,보행자,여,46세,사망
2016112000100116,2016년 11월 20일 08시,일요일,광주광역시 북구 우산동,경상사고,0,0,1,0,차대차 - 정면충돌,교차로운행방법위반,건조,맑음,교차로 - 교차로안,승용,남,48세,상해없음,승용,남,53세,경상
2016112000100254,2016년 11월 20일 13시,일요일,광주광역시 남구 송하동,중상사고,0,1,0,0,차량단독 - 전도전복,안전운전불이행,건조,맑음,단일로 - 기타,화물,여,54세,중상,,,,