사고번호,사고일시,요일,시군구,사고내용,사망자수,중상자수,경상자수,부상신고자수,사고유형,법규위반,노면상태,기상상태,도로형태,가해운전자 차종,가해운전자 성별,가해운전자 연령,가해운전자 상해정도,피해운전자 차종,피해운전자 성별,피해운전자 연령,피해운전자 상해정도
2016112700100030,2016년 11월 27일 00시,일요일,광주광역시 서구 농성동,경상사고,0,0,1,0,차대사람 - 길가장자리구역통행중,안전운전불이행,습기,비,교차로 - 교차로부근,승용,남,57세,상해없음,보행자,남,55세,경상
2016112700100049,2016년 11월 27일 01시,일요일,광주광역시 북구 신안동,부상신고사고,0,0,0,2,차량단독 - 전도전복,안전운전불이행,습기,맑음,단일로 - 기타,승용,남,24세,부상신고,,,,
2016112700100050,2016년 11월 27일 01시,일요일,광주광역시 광산구 신가동,경상사고,0,0,1,0,차대차 - 정면충돌,안전운전불이행,습기,흐림,단일로 - 기타,승용,여,38세,상해없음,이륜,남,18세,경상
2016112700100086,2016년 11월 27일 05시,일요일,광주광역시 광산구 동림동,중상사고,0,1,0,0,차량단독 - 기타,안전운전불이행,건조,맑음,단일로 - 기타,승용,남,26세,중상,,,,
2016112700100088,2016년 11월 27일 05시,일요일,광주광역시 북구 용봉동,경상사고,0,0,2,0,차대차 - 측면충돌,안전거리미확보,건조,맑음,단일로 - 기타,승용,남,68세,경상,승용,남,22세,경상
2016112700100155,2016년 11월 27일 09시,일요일,광주광역시 서구 금호동,경상사고,0,0,2,0,차대차 - 측면직각충돌,신호위반,건조,맑음,교차로 - 교차로안,승합,남,53세,상해없음,승용,남,51세,경상
2016112700100156,2016년 11월 27일 09시,일요일,광주광역시 북구 양산동,경상사고,0,0,1,0,차대차 - 측면충돌,안전거리미확보,건조,맑음,단일로 - 기타,화물,남,77세,상해없음,승용,여,49세,경상
2016112700100171,2016년 11월 27일 10시,일요일,광주광역시 남구 백운동,경상사고,0,0,1,0,차대차 - 측면직각충돌,안전거리미확보,건조,맑음,단일로 - 기타,이륜,남,29세,상해없음,승용,여,43세,상해없음
2016112700100172,2016년 11월 27일 10시,일요일,광주광역시 북구 용봉동,중상사고,0,1,0,0,차대사람 - 기타,안전운전불이행,건조,맑음,단일로 - 기타,승합,남,46세,상해없음,보행자,여,66세,중상
2016112700100192,2016년 11월 27일 11시,일요일,광주광역시 서구 동천동,경상사고,0,0,1,0,차대차 - 측면충돌,안전운전불이행,건조,맑음,단일로 - 기타,승용,남,60세,상해없음,승용,여,29세,경상
2016112700100257,2016년 11월 27일 14시,일요일,광주광역시 서구 쌍촌동,경상사고,0,0,3,0,차대차 - 측면직각충돌,직진우회전진행방해,건조,맑음,교차로 - 교차로안,승용,여,25세,경상,승용,남,57세,경상
2016112700100258,2016년 11월 27일 14시,일요일,광주광역시 북구 각화동,경상사고,0,0,1,0,차대차 - 기타,안전운전불이행,건조,맑음,교차로 - 교차로안,승용,남,60세,상해없음,승합,남,47세,경상
2016112700100320,2016년 11월 27일 16시,일요일,광주광역시 서구 쌍촌동,중상사고,0,1,0,0,차대사람 - 기타,안전운전불이행,건조,맑음,단일로 - 기타,승용,기타불명,기타불명,기타불명,보행자,여,60세,중상
2016112700100321,2016년 11월 27일 16시,일요일,광주광역시 남구 사동,경상사고,0,0,1,0,차대사람 - 길가장자리구역통행중,안전운전불이행,건조,맑음,교차로 - 교차로부근,승용,남,41세,상해없음,보행자,여,52세,경상
2016112700100322,2016년 11월 27일 16시,일요일,광주광역시 북구 풍향동,경상사고,0,0,1,0,차대사람 - 기타,기타,건조,맑음,단일로 - 기타,승합,남,61세,상해없음,보행자,여,60세,경상
2016112700100348,2016년 11월 27일 17시,일요일,광주광역시 북구 용봉동,경상사고,0,0,1,0,차량단독 - 기타,기타,건조,맑음,단일로 - 기타,승합,남,50세,상해없음,,,,
2016112700100450,2016년 11월 27일 20시,일요일,광주광역시 동구 대인동,경상사고,0,0,1,0,차대사람 - 차도통행중,안전운전불이행,건조,맑음,단일로 - 기타,승용,남,57세,상해없음,보행자,남,50세,경상
2016112700100451,2016년 11월 27일 20시,일요일,광주광역시 서구 치평동,사망사고,1,0,0,0,차대차 - 기타,신호위반,건조,맑음,교차로 - 교차로안,화물,남,24세,상해없음,이륜,남,24세,사망
2016112700100452,2016년 11월 27일 20시,일요일,광주광역시 북구 매곡동,경상사고,0,0,1,0,차대사람 - 횡단중,보행자보호의무위반,건조,맑음,단일로 - 횡단보도상,승용,남,37세,상해없음,보행자,남,36세,경상
2016112700100453,2016년 11월 27일 20시,일요일,광주광역시 북구 매곡동,경상사고,0,0,2,0,차대차 - 측면직각충돌,안전운전불이행,건조,맑음,단일로 - 기타,승용,남,46세,경상,승용,남,38세,경상
2016112800100005,2016년 11월 28일 00시,월요일,광주광역시 남구 송하동,중상사고,0,1,0,0,차대차 - 측면직각충돌,안전운전불이행,건조,맑음,교차로 - 교차로부근,이륜,남,21세,중상,승용,여,51세,상해없음
2016112800100006,2016년 11월 28일 00시,월요일,광주광역시 광산구 우산동,경상사고,0,0,1,0,차대차 - 측면직각충돌,안전운전불이행,건조,맑음,단일로 - 기타,승용,남,27세,상해없음,승용,남,60세,경상
2016112800100068,2016년 11월 28일 06시,월요일,광주광역시 북구 오치동,중상사고,0,1,0,0,차대차 - 측면충돌,안전거리미확보,건조,맑음,단일로 - 기타,승용,남,34세,상해없음,이륜,남,60세,중상
2016112800100146,2016년 11월 28일 08시,월요일,광주광역시 서구 광천동,중상사고,0,1,0,0,차대차 - 기타,안전운전불이행,건조,맑음,교차로 - 교차로안,승용,남,69세,상해없음,이륜,남,18세,중상
2016112800100147,2016년 11월 28일 08시,월요일,광주광역시 북구 오치동,중상사고,0,1,0,0,차대차 - 측면충돌,안전운전불이행,건조,맑음,단일로 - 기타,자전거,남,63세,중상,승용,여,29세,상해없음
2016112800100148,2016년 11월 28일 08시,월요일,광주광역시 광산구 산정동,경상사고,0,0,1,0,차량단독 - 기타,안전운전불이행,건조,맑음,단일로 - 기타,승합,남,59세,상해없음,,,,
2016112800100184,2016년 11월 28일 09시,월요일,광주광역시 북구 용봉동,경상사고,0,0,2,0,차대차 - 측면직각충돌,안전운전불이행,건조,맑음,단일로 - 기타,승용,여,51세,경상,승용,남,51세,경상
2016112800100226,2016년 11월 28일 10시,월요일,광주광역시 북구 운암동,경상사고,0,0,1,0,차대차 - 추돌,안전운전불이행,건조,맑음,교차로 - 교차로부근,승합,남,45세,기타불명,승용,남,34세,경상
2016112800100257,2016년 11월 28일 11시,월요일,광주광역시 북구 두암동,경상사고,0,0,1,0,차대사람 - 횡단중,안전운전불이행,건조,맑음,단일로 - 기타,승용,남,75세,상해없음,보행자,남,34세,경상
2016112800100258,2016년 11월 28일 11시,월요일,광주광역시 광산구 수완동,경상사고,0,0,4,0,차대차 - 기타,안전운전불이행,건조,맑음,단일로 - 기타,승용,남,45세,상해없음,승용,남,38세,경상
2016112800100287,2016년 11월 28일 12시,월요일,광주광역시 북구 임동,경상사고,0,0,1,0,차대차 - 측면직각충돌,안전운전불이행,건조,맑음,교차로 - 교차로부근,승용,남,23세,상해없음,승용,여,50세,경상
2016112800100288,2016년 11월 28일 12시,월요일,광주광역시 북구 오룡동,경상사고,0,0,2,0,차대차 - 측면직각충돌,차로위반,건조,맑음,단일로 - 기타,승용,남,57세,상해없음,승용,여,51세,경상
2016112800100361,2016년 11월 28일 14시,월요일,광주광역시 서구 화정동,경상사고,0,0,1,0,차량단독 - 기타,기타,건조,맑음,교차로 - 교차로부근,승용,남,49세,상해없음,,,,
2016112800100385,2016년 11월 28일 15시,월요일,광주광역시 광산구 용봉동,경상사고,0,0,1,0,차대차 - 추돌,안전거리미확보,건조,맑음,단일로 - 기타,승용,남,32세,상해없음,승용,남,59세,경상
2016112800100390,2016년 11월 28일 15시,월요일,광주광역시 동구 학동,경상사고,0,0,1,0,차대사람 - 횡단중,신호위반,기타,기타,단일로 - 횡단보도상,승용,여,66세,상해없음,보행자,여,48세,경상
2016112800100391,2016년 11월 28일 15시,월요일,광주광역시 서구 쌍촌동,경상사고,0,0,2,0,차대차 - 추돌,안전거리미확보,건조,맑음,교차로 - 교차로안,승용,남,51세,상해없음,승용,여,48세,경상
2016112800100392,2016년 11월 28일 15시,월요일,광주광역시 북구 두암동,경상사고,0,0,1,0,차대사람 - 횡단중,안전운전불이행,건조,맑음,단일로 - 기타,승합,남,52세,상해없음,보행자,남,34세,경상
2016112800100393,2016년 11월 28일 15시,월요일,광주광역시 광산구 우산동,경상사고,0,0,2,0,차대차 - 측면충돌,안전거리미확보,건조,맑음,단일로 - 기타,화물,남,36세,경상,승용,남,31세,경상
2016112800100431,2016년 11월 28일 16시,월요일,광주광역시 광산구 비아동,중상사고,0,2,0,0,차대차 - 측면충돌,신호위반,건조,맑음,교차로 - 교차로안,승용,남,27세,상해없음,원동기,남,81세,중상
2016112800100476,2016년 11월 28일 17시,월요일,광주광역시 동구 동명동,중상사고,0,1,0,0,차대사람 - 횡단중,안전운전불이행,건조,맑음,교차로 - 교차로안,승용,남,40세,상해없음,보행자,여,26세,중상
2016112800100477,2016년 11월 28일 17시,월요일,광주광역시 광산구 장덕동,경상사고,0,0,1,0,차대차 - 측면직각충돌,교차로운행방법위반,건조,맑음,교차로 - 교차로안,승용,남,52세,상해없음,승용,여,55세,경상
2016112800100536,2016년 11월 28일 18시,월요일,광주광역시 서구 화정동,경상사고,0,0,2,0,차대차 - 측면직각충돌,안전운전불이행,건조,맑음,단일로 - 기타,승용,여,61세,상해없음,승용,남,25세,경상
2016112800100537,2016년 11월 28일 18시,월요일,광주광역시 광산구 월계동,중상사고,0,1,0,0,차대차 - 측면직각충돌,교차로운행방법위반,건조,맑음,교차로 - 교차로안,승용,남,49세,상해없음,자전거,남,28세,중상
2016112800100579,2016년 11월 28일 19시,월요일,광주광역시 서구 쌍촌동,경상사고,0,0,4,0,차대차 - 추돌,안전운전불이행,건조,맑음,단일로 - 기타,승용,남,32세,상해없음,승용,남,38세,경상
2016112800100580,2016년 11월 28일 19시,월요일,광주광역시 남구 주월동,중상사고,0,1,0,0,차대차 - 측면직각충돌,안전운전불이행,건조,맑음,단일로 - 기타,이륜,남,24세,중상,승용,남,42세,상해없음
2016112800100581,2016년 11월 28일 19시,월요일,광주광역시 광산구 우산동,경상사고,0,0,1,0,차대차 - 기타,교차로운행방법위반,건조,맑음,교차로 - 교차로안,승용,남,17세,상해없음,이륜,남,40세,경상
2016112800100639,2016년 11월 28일 21시,월요일,광주광역시 동구 월남동,경상사고,0,0,1,0,차대차 - 측면충돌,신호위반,건조,맑음,교차로 - 교차로안,이륜,남,18세,상해없음,승용,남,32세,경상
2016112800100657,2016년 11월 28일 22시,월요일,광주광역시 남구 서동,경상사고,0,0,1,0,차대차 - 기타,차로위반,건조,흐림,교차로 - 교차로부근,승용,여,44세,기타불명,이륜,남,17세,경상
2016112800100658,2016년 11월 28일 22시,월요일,광주광역시 북구 오치동,경상사고,0,0,1,0,차대차 - 추돌,안전운전불이행,건조,맑음,교차로 - 교차로부근,승용,남,32세,상해없음,승용,남,45세,경상
2016112800100659,2016년 11월 28일 22시,월요일,광주광역시 북구 본촌동,경상사고,0,0,2,0,차대차 - 측면충돌,안전거리미확보,건조,맑음,교차로 - 교차로부근,승용,남,68세,상해없음,화물,남,33세,경상
2016112900100050,2016년 11월 29일 05시,화요일,광주광역시 북구 두암동,중상사고,0,1,0,0,차대사람 - 횡단중,보행자보호의무위반,건조,맑음,교차로 - 교차로안,화물,여,58세,상해없음,보행자,남,61세,중상
2016112900100091,2016년 11월 29일 07시,화요일,광주광역시 남구 주월동,경상사고,0,0,2,0,차대차 - 추돌,안전운전불이행,건조,맑음,단일로 - 기타,승용,여,46세,기타불명,승용,남,50세,경상
2016112900100092,2016년 11월 29일 07시,화요일,광주광역시 남구 진월동,경상사고,0,0,1,0,차대사람 - 기타,안전운전불이행,건조,맑음,단일로 - 기타,승합,남,57세,상해없음,보행자,여,17세,경상
2016112900100213,2016년 11월 29일 10시,화요일,광주광역시 서구 화정동,중상사고,0,1,0,0,차대사람 - 횡단중,안전운전불이행,건조,맑음,단일로 - 기타,화물,남,51세,상해없음,보행자,여,78세,중상
2016112900100214,2016년 11월 29일 10시,화요일,광주광역시 북구 두암동,경상사고,0,0,2,0,차대차 - 측면직각충돌,차로위반,건조,맑음,단일로 - 기타,승용,남,58세,경상,건설기계,남,54세,경상
2016112900100239,2016년 11월 29일 11시,화요일,광주광역시 광산구 월전동,경상사고,0,0,1,0,차대차 - 측면충돌,안전운전불이행,건조,맑음,교차로 - 교차로부근,화물,남,50세,상해없음,승용,남,44세,상해없음
2016112900100270,2016년 11월 29일 12시,화요일,광주광역시 서구 양동,경상사고,0,0,1,0,차대차 - 추돌,안전운전불이행,건조,맑음,단일로 - 기타,승용,남,31세,상해없음,승용,남,36세,경상
2016112900100271,2016년 11월 29일 12시,화요일,광주광역시 남구 주월동,중상사고,0,1,0,0,차량단독 - 기타,안전운전불이행,건조,맑음,단일로 - 기타,승합,남,58세,상해없음,,,,
2016112900100335,2016년 11월 29일 14시,화요일,광주광역시 남구 백운동,경상사고,0,0,1,0,차대차 - 추돌,안전거리미확보,건조,맑음,미분류 - 미분류,승용,남,63세,상해없음,승용,여,25세,경상
2016112900100336,2016년 11월 29일 14시,화요일,광주광역시 광산구 월계동,경상사고,0,0,1,0,차대차 - 측면직각충돌,안전거리미확보,건조,맑음,단일로 - 기타,승용,남,61세,기타불명,승용,여,63세,경상
2016112900100374,2016년 11월 29일 15시,화요일,광주광역시 북구 두암동,경상사고,0,0,1,0,차대차 - 추돌,안전운전불이행,건조,맑음,단일로 - 기타,승용,여,48세,상해없음,승용,남,63세,경상
2016112900100454,2016년 11월 29일 17시,화요일,광주광역시 서구 화정동,경상사고,0,0,1,0,차대차 - 추돌,안전운전불이행,건조,맑음,단일로 - 기타,승용,남,48세,상해없음,승용,여,41세,경상
2016112900100455,2016년 11월 29일 17시,화요일,광주광역시 광산구 운남동,경상사고,0,0,2,0,차대사람 - 횡단중,안전운전불이행,건조,맑음,단일로 - 기타,승용,남,25세,상해없음,보행자,여,34세,경상
2016112900100506,2016년 11월 29일 18시,화요일,광주광역시 남구 월산동,경상사고,0,0,3,0,차대차 - 정면충돌,안전거리미확보,건조,맑음,교차로 - 교차로부근,승용,남,50세,상해없음,승용,여,35세,경상
2016112900100507,2016년 11월 29일 18시,화요일,광주광역시 북구 중흥동,경상사고,0,0,1,0,차대사람 - 횡단중,안전운전불이행,건조,맑음,단일로 - 기타,승용,여,27세,상해없음,보행자,여,29세,경상
2016112900100606,2016년 11월 29일 21시,화요일,광주광역시 서구 금호동,중상사고,0,1,2,0,차대차 - 기타,신호위반,건조,맑음,교차로 - 교차로안,승용,남,53세,경상,승용,남,33세,경상
2016112900100607,2016년 11월 29일 21시,화요일,광주광역시 남구 방림동,중상사고,0,1,0,0,차대사람 - 길가장자리구역통행중,기타,건조,맑음,단일로 - 기타,승용,남,54세,상해없음,보행자,여,53세,중상
2016112900100630,2016년 11월 29일 22시,화요일,광주광역시 광산구 장덕동,경상사고,0,0,1,0,차대사람 - 횡단중,안전운전불이행,건조,맑음,단일로 - 기타,승용,여,36세,상해없음,보행자,남,16세,경상
2016112900100656,2016년 11월 29일 23시,화요일,광주광역시 광산구 하남동,경상사고,0,0,1,0,차대차 - 측면직각충돌,중앙선침범,건조,맑음,단일로 - 기타,승용,남,34세,상해없음,승용,여,67세,기타불명
2016113000100011,2016년 11월 30일 00시,수요일,광주광역시 서구 화정동,중상사고,0,1,3,0,차대차 - 정면충돌,안전운전불이행,건조,맑음,단일로 - 기타,승용,남,36세,상해없음,승용,남,53세,경상
2016113000100034,2016년 11월 30일 02시,수요일,광주광역시 북구 양산동,중상사고,0,1,0,0,차량단독 - 전도전복,안전운전불이행,건조,맑음,단일로 - 기타,승용,남,24세,중상,,,,
2016113000100073,2016년 11월 30일 06시,수요일,광주광역시 광산구 수완동,사망사고,1,0,1,0,차대차 - 측면충돌,과속,건조,맑음,교차로 - 교차로부근,승용,남,57세,경상,자전거,남,66세,사망
2016113000100128,2016년 11월 30일 08시,수요일,광주광역시 서구 쌍촌동,경상사고,0,0,1,0,차대차 - 추돌,안전거리미확보,건조,맑음,단일로 - 기타,승용,남,23세,상해없음,승용,남,60세,경상
2016113000100129,2016년 11월 30일 08시,수요일,광주광역시 서구 농성동,경상사고,0,0,3,0,차대차 - 측면직각충돌,안전운전불이행,건조,맑음,단일로 - 기타,승용,남,66세,상해없음,승합,남,56세,경상
2016113000100159,2016년 11월 30일 09시,수요일,광주광역시 서구 매월동,중상사고,0,1,0,0,차량단독 - 전도전복,안전운전불이행,건조,맑음,단일로 - 기타,승용,여,45세,중상,,,,
2016113000100160,2016년 11월 30일 09시,수요일,광주광역시 남구 서동,경상사고,0,0,1,0,차대차 - 측면직각충돌,안전거리미확보,건조,맑음,단일로 - 기타,승용,여,37세,상해없음,승용,여,56세,경상
2016113000100161,2016년 11월 30일 09시,수요일,광주광역시 북구 두암동,중상사고,0,1,0,0,차대사람 - 횡단중,안전운전불이행,건조,맑음,단일로 - 기타,승용,여,46세,상해없음,보행자,여,75세,중상
2016113000100162,2016년 11월 30일 09시,수요일,광주광역시 광산구 우산동,경상사고,0,0,1,0,차대차 - 측면직각충돌,차로위반,건조,맑음,단일로 - 기타,화물,남,36세,상해없음,승용,여,42세,경상
2016113000100181,2016년 11월 30일 10시,수요일,광주광역시 북구 용봉동,경상사고,0,0,1,0,차대사람 - 횡단중,안전운전불이행,건조,맑음,단일로 - 기타,승용,여,63세,상해없음,보행자,여,22세,경상
2016113000100182,2016년 11월 30일 10시,수요일,광주광역시 광산구 본덕동,경상사고,0,0,1,0,차대차 - 측면충돌,안전운전불이행,건조,맑음,단일로 - 기타,화물,남,70세,상해없음,화물,남,32세,경상
2016113000100276,2016년 11월 30일 14시,수요일,광주광역시 남구 주월동,경상사고,0,0,1,0,차대차 - 추돌,안전운전불이행,건조,맑음,기타 - 기타,기타불명,기타불명,기타불명,기타불명,승용,남,59세,상해없음
2016113000100277,2016년 11월 30일 14시,수요일,광주광역시 북구 누문동,경상사고,0,0,2,0,차대차 - 추돌,안전거리미확보,습기,비,교차로 - 교차로부근,승용,남,56세,상해없음,승용,남,30세,경상
2016113000100311,2016년 11월 30일 15시,수요일,광주광역시 북구 우산동,중상사고,0,1,0,0,차대차 - 측면충돌,교차로운행방법위반,건조,맑음,교차로 - 교차로안,화물,남,60세,상해없음,자전거,남,69세,중상
2016113000100312,2016년 11월 30일 15시,수요일,광주광역시 북구 용봉동,부상신고사고,0,0,0,1,차대차 - 측면충돌,교차로운행방법위반,건조,맑음,교차로 - 교차로안,자전거,남,44세,부상신고,화물,남,59세,상해없음
2016113000100343,2016년 11월 30일 16시,수요일,광주광역시 북구 운암동,경상사고,0,0,1,0,차대차 - 측면충돌,안전운전불이행,습기,비,단일로 - 기타,승용,남,49세,상해없음,승용,여,62세,경상
2016113000100389,2016년 11월 30일 17시,수요일,광주광역시 서구 쌍촌동,경상사고,0,0,1,0,차대사람 - 횡단중,안전운전불이행,건조,맑음,교차로 - 교차로안,화물,남,64세,상해없음,보행자,여,38세,경상
2016113000100390,2016년 11월 30일 17시,수요일,광주광역시 광산구 월곡동,경상사고,0,0,2,0,차대차 - 측면직각충돌,교차로운행방법위반,습기,비,교차로 - 교차로안,승용,여,40세,경상,승용,남,32세,경상
2016113000100446,2016년 11월 30일 18시,수요일,광주광역시 서구 치평동,경상사고,0,0,1,0,차대차 - 측면직각충돌,교차로운행방법위반,습기,비,교차로 - 교차로안,승용,여,55세,상해없음,승용,남,24세,경상
2016113000100486,2016년 11월 30일 19시,수요일,광주광역시 북구 신안동,경상사고,0,0,1,0,차대차 - 기타,안전운전불이행,건조,맑음,단일로 - 기타,화물,남,46세,상해없음,이륜,남,23세,경상
2016113000100487,2016년 11월 30일 19시,수요일,광주광역시 광산구 신창동,중상사고,0,1,0,0,차대차 - 추돌,안전운전불이행,습기,비,교차로 - 교차로부근,승용,남,60세,상해없음,승용,남,59세,상해없음
2016113000100519,2016년 11월 30일 20시,수요일,광주광역시 북구 삼각동,경상사고,0,0,1,0,차대사람 - 횡단중,보행자보호의무위반,습기,흐림,교차로 - 교차로안,승용,남,22세,상해없음,보행자,남,24세,경상
2016113000100520,2016년 11월 30일 20시,수요일,광주광역시 북구 오치동,경상사고,0,0,2,0,차대차 - 기타,교차로운행방법위반,습기,흐림,교차로 - 교차로안,승용,여,47세,경상,승용,남,41세,경상
2016113000100521,2016년 11월 30일 20시,수요일,광주광역시 북구 유동,경상사고,0,0,1,0,차대차 - 추돌,안전운전불이행,건조,맑음,단일로 - 기타,승용,남,32세,상해없음,화물,남,29세,경상
2016113000100589,2016년 11월 30일 22시,수요일,광주광역시 서구 치평동,경상사고,0,0,2,0,차대차 - 추돌,안전운전불이행,건조,맑음,교차로 - 교차로부근,승용,남,35세,상해없음,승용,남,56세,경상
2016113000100590,2016년 11월 30일 22시,수요일,광주광역시 남구 주월동,경상사고,0,0,1,0,차대사람 - 길가장자리구역통행중,안전운전불이행,건조,맑음,단일로 - 기타,승용,남,43세,상해없음,보행자,여,43세,경상
2016113000100591,2016년 11월 30일 22시,수요일,광주광역시 북구 오치동,경상사고,0,0,3,0,차대차 - 측면직각충돌,교차로운행방법위반,건조,맑음,교차로 - 교차로안,승용,남,39세,상해없음,승용,여,34세,경상
2016113000100628,2016년 11월 30일 23시,수요일,광주광역시 북구 일곡동,경상사고,0,0,1,0,차대사람 - 횡단중,보행자보호의무위반,습기,비,단일로 - 횡단보도상,승합,남,43세,상해없음,보행자,남,54세,경상
2016113000100629,2016년 11월 30일 23시,수요일,광주광역시 북구 유동,경상사고,0,0,1,0,차대차 - 추돌,안전운전불이행,건조,맑음,단일로 - 기타,승용,남,30세,상해없음,승용,남,45세,경상
2016120100100047,2016년 12월 1일 02시,목요일,광주광역시 북구 동림동,경상사고,0,0,2,0,차대차 - 측면직각충돌,교차로운행방법위반,건조,맑음,교차로 - 교차로안,승용,남,62세,상해없음,승용,남,67세,상해없음
2016120100100068,2016년 12월 1일 05시,목요일,광주광역시 서구 금호동,경상사고,0,0,1,0,차대차 - 측면직각충돌,신호위반,건조,맑음,교차로 - 교차로안,승용,남,62세,상해없음,승용,남,45세,경상
2016120100100093,2016년 12월 1일 06시,목요일,광주광역시 서구 광천동,경상사고,0,0,2,0,차대차 - 측면직각충돌,안전운전불이행,습기,흐림,교차로 - 교차로부근,승용,남,29세,상해없음,화물,남,32세,경상
2016120100100118,2016년 12월 1일 07시,목요일,광주광역시 서구 쌍촌동,경상사고,0,0,1,0,차대차 - 추돌,안전거리미확보,습기,맑음,단일로 - 기타,승용,남,28세,상해없음,승용,남,50세,경상
2016120100100160,2016년 12월 1일 08시,목요일,광주광역시 서구 농성동,경상사고,0,0,3,0,차대차 - 기타,중앙선침범,건조,맑음,단일로 - 기타,승용,여,43세,상해없음,승용,남,62세,경상
2016120100100161,2016년 12월 1일 08시,목요일,광주광역시 남구 방림동,경상사고,0,0,1,0,차대차 - 기타,안전운전불이행,건조,맑음,단일로 - 기타,승용,남,56세,상해없음,기타불명,기타불명,기타불명,기타불명
2016120100100162,2016년 12월 1일 08시,목요일,광주광역시 북구 양산동,경상사고,0,0,1,0,차대사람 - 횡단중,안전운전불이행,건조,맑음,단일로 - 기타,승용,남,30세,기타불명,보행자,여,14세,경상
2016120100100202,2016년 12월 1일 09시,목요일,광주광역시 서구 화정동,경상사고,0,0,1,0,차대차 - 기타,안전거리미확보,습기,흐림,교차로 - 교차로부근,승용,남,54세,상해없음,승용,남,22세,경상
2016120100100203,2016년 12월 1일 09시,목요일,광주광역시 서구 금호동,경상사고,0,0,2,0,차대차 - 측면직각충돌,신호위반,건조,맑음,교차로 - 교차로부근,승용,남,66세,상해없음,승용,남,26세,경상
2016120100100229,2016년 12월 1일 10시,목요일,광주광역시 남구 봉선동,경상사고,0,0,1,0,차대차 - 기타,교차로운행방법위반,건조,맑음,교차로 - 교차로안,승용,여,49세,상해없음,원동기,남,56세,경상
2016120100100282,2016년 12월 1일 12시,목요일,광주광역시 남구 임암동,경상사고,0,0,2,0,차대차 - 추돌,안전운전불이행,건조,맑음,교차로 - 교차로부근,화물,남,70세,상해없음,승용,남,37세,경상
2016120100100283,2016년 12월 1일 12시,목요일,광주광역시 북구 양산동,경상사고,0,0,1,0,차대차 - 정면충돌,중앙선침범,건조,맑음,단일로 - 기타,승용,남,33세,상해없음,원동기,남,42세,경상
2016120100100339,2016년 12월 1일 14시,목요일,광주광역시 북구 풍향동,경상사고,0,0,1,0,차대차 - 측면직각충돌,안전운전불이행,건조,맑음,단일로 - 기타,자전거,남,67세,경상,승용,남,25세,상해없음
2016120100100340,2016년 12월 1일 14시,목요일,광주광역시 북구 두암동,경상사고,0,0,1,0,차대차 - 측면충돌,안전운전불이행,건조,맑음,단일로 - 기타,승용,남,45세,상해없음,승용,남,25세,경상
2016120100100341,2016년 12월 1일 14시,목요일,광주광역시 광산구 우산동,사망사고,1,0,0,0,차대사람 - 횡단중,안전운전불이행,건조,맑음,단일로 - 기타,승용,남,38세,상해없음,보행자,남,64세,사망
2016120100100410,2016년 12월 1일 16시,목요일,광주광역시 서구 내방동,경상사고,0,0,3,0,차대차 - 추돌,안전운전불이행,건조,맑음,단일로 - 기타,승용,남,58세,경상,승합,남,43세,기타불명
2016120100100411,2016년 12월 1일 16시,목요일,광주광역시 북구 유동,중상사고,0,1,0,0,차대사람 - 기타,안전운전불이행,건조,맑음,단일로 - 기타,승합,남,56세,상해없음,보행자,여,72세,중상
2016120100100467,2016년 12월 1일 17시,목요일,광주광역시 동구 산수동,경상사고,0,0,3,0,차대차 - 측면직각충돌,교차로운행방법위반,건조,맑음,교차로 - 교차로안,화물,남,61세,상해없음,승용,여,47세,경상
2016120100100468,2016년 12월 1일 17시,목요일,광주광역시 북구 용두동,경상사고,0,0,1,0,차대차 - 정면충돌,중앙선침범,건조,맑음,단일로 - 교량,승용,남,68세,상해없음,승용,여,33세,경상
2016120100100517,2016년 12월 1일 18시,목요일,광주광역시 동구 산수동,경상사고,0,0,1,0,차대차 - 측면충돌,차로위반,건조,맑음,단일로 - 기타,승용,여,56세,상해없음,이륜,남,19세,경상
2016120100100518,2016년 12월 1일 18시,목요일,광주광역시 남구 칠석동,경상사고,0,0,1,0,차대차 - 추돌,안전거리미확보,건조,맑음,단일로 - 기타,화물,남,41세,상해없음,농기계,남,56세,경상
2016120100100519,2016년 12월 1일 18시,목요일,광주광역시 광산구 쌍암동,경상사고,0,0,1,0,차대차 - 추돌,안전운전불이행,건조,맑음,단일로 - 기타,승용,남,42세,경상,승용,남,32세,기타불명
2016120100100551,2016년 12월 1일 19시,목요일,광주광역시 광산구 수완동,경상사고,0,0,2,0,차대차 - 측면충돌,안전거리미확보,건조,맑음,교차로 - 교차로부근,승합,남,67세,상해없음,승용,여,33세,경상
2016120100100582,2016년 12월 1일 20시,목요일,광주광역시 남구 주월동,경상사고,0,0,2,0,차대차 - 측면직각충돌,직진우회전진행방해,건조,맑음,교차로 - 교차로안,승용,남,59세,상해없음,승용,남,61세,상해없음
2016120100100583,2016년 12월 1일 20시,목요일,광주광역시 북구 연제동,경상사고,0,0,1,0,차대차 - 추돌,안전거리미확보,건조,맑음,단일로 - 기타,승용,남,58세,상해없음,승용,여,52세,경상