사고번호,사고일시,요일,시군구,사고내용,사망자수,중상자수,경상자수,부상신고자수,사고유형,법규위반,노면상태,기상상태,도로형태,가해운전자 차종,가해운전자 성별,가해운전자 연령,가해운전자 상해정도,피해운전자 차종,피해운전자 성별,피해운전자 연령,피해운전자 상해정도
2016120100100644,2016년 12월 1일 22시,목요일,광주광역시 북구 운암동,중상사고,0,1,0,0,차대차 - 측면직각충돌,중앙선침범,건조,맑음,단일로 - 기타,이륜,남,18세,상해없음,이륜,남,51세,중상
2016120100100660,2016년 12월 1일 23시,목요일,광주광역시 서구 덕흥동,경상사고,0,0,1,0,차대차 - 기타,안전운전불이행,건조,맑음,단일로 - 기타,승용,남,26세,상해없음,승용,여,38세,경상
2016120200100054,2016년 12월 2일 04시,금요일,광주광역시 서구 매월동,중상사고,0,1,0,0,차량단독 - 공작물충돌,안전운전불이행,건조,맑음,단일로 - 기타,화물,남,36세,중상,,,,
2016120200100089,2016년 12월 2일 06시,금요일,광주광역시 북구 운암동,경상사고,0,0,1,0,차대사람 - 기타,안전운전불이행,건조,맑음,단일로 - 기타,승용,기타불명,기타불명,기타불명,보행자,남,33세,경상
2016120200100114,2016년 12월 2일 07시,금요일,광주광역시 남구 백운동,경상사고,0,0,1,0,차대차 - 기타,안전거리미확보,건조,맑음,단일로 - 기타,승용,여,57세,기타불명,승합,남,59세,상해없음
2016120200100115,2016년 12월 2일 07시,금요일,광주광역시 북구 동림동,경상사고,0,0,2,0,차대차 - 측면충돌,차로위반,건조,맑음,단일로 - 교량,기타불명,기타불명,49세,기타불명,승용,여,52세,경상
2016120200100154,2016년 12월 2일 08시,금요일,광주광역시 서구 양동,중상사고,0,1,0,0,차량단독 - 기타,안전운전불이행,건조,맑음,단일로 - 기타,승합,남,66세,상해없음,,,,
2016120200100210,2016년 12월 2일 10시,금요일,광주광역시 북구 용두동,사망사고,1,3,1,0,차대차 - 측면충돌,안전운전불이행,건조,맑음,단일로 - 기타,승용,남,68세,상해없음,화물,남,59세,상해없음
2016120200100211,2016년 12월 2일 10시,금요일,광주광역시 광산구 월계동,경상사고,0,0,1,0,차대사람 - 횡단중,안전운전불이행,건조,맑음,단일로 - 기타,승용,남,36세,상해없음,보행자,여,29세,경상
2016120200100253,2016년 12월 2일 11시,금요일,광주광역시 서구 화정동,경상사고,0,0,1,0,차대차 - 측면직각충돌,차로위반,건조,맑음,단일로 - 기타,승용,남,61세,상해없음,승용,남,31세,경상
2016120200100254,2016년 12월 2일 11시,금요일,광주광역시 북구 두암동,중상사고,0,1,0,0,차대사람 - 횡단중,안전운전불이행,건조,맑음,단일로 - 기타,승용,여,29세,상해없음,보행자,남,63세,중상
2016120200100404,2016년 12월 2일 15시,금요일,광주광역시 북구 문흥동,경상사고,0,0,1,0,차대차 - 측면직각충돌,안전운전불이행,건조,맑음,교차로 - 교차로부근,승용,남,55세,상해없음,승용,여,54세,경상
2016120200100444,2016년 12월 2일 16시,금요일,광주광역시 동구 동명동,경상사고,0,0,1,0,차대사람 - 횡단중,안전운전불이행,건조,맑음,단일로 - 기타,이륜,남,17세,상해없음,보행자,여,78세,경상
2016120200100445,2016년 12월 2일 16시,금요일,광주광역시 남구 행암동,경상사고,0,0,2,0,차대차 - 추돌,안전운전불이행,건조,맑음,단일로 - 기타,승용,여,36세,상해없음,승용,남,72세,경상
2016120200100490,2016년 12월 2일 17시,금요일,광주광역시 남구 진월동,부상신고사고,0,0,0,1,차대사람 - 보도통행중,안전운전불이행,건조,맑음,기타 - 기타,기타불명,기타불명,기타불명,기타불명,보행자,여,18세,부상신고
2016120200100560,2016년 12월 2일 18시,금요일,광주광역시 광산구 산정동,경상사고,0,0,1,0,차대차 - 측면직각충돌,안전거리미확보,건조,맑음,단일로 - 기타,승용,남,45세,상해없음,승용,남,38세,경상
2016120200100597,2016년 12월 2일 19시,금요일,광주광역시 북구 두암동,중상사고,0,1,0,0,차대사람 - 횡단중,안전운전불이행,건조,맑음,단일로 - 횡단보도상,승용,남,50세,상해없음,보행자,남,65세,중상
2016120200100598,2016년 12월 2일 19시,금요일,광주광역시 광산구 신창동,경상사고,0,0,1,0,차대차 - 측면충돌,중앙선침범,건조,맑음,단일로 - 기타,승용,남,70세,상해없음,이륜,남,26세,경상
2016120200100599,2016년 12월 2일 19시,금요일,광주광역시 광산구 수완동,경상사고,0,0,2,0,차대차 - 측면직각충돌,안전거리미확보,건조,맑음,교차로 - 교차로부근,승용,남,68세,상해없음,승용,남,29세,경상
2016120200100631,2016년 12월 2일 20시,금요일,광주광역시 남구 서동,경상사고,0,0,4,1,차대차 - 측면충돌,교차로운행방법위반,건조,맑음,교차로 - 교차로안,승용,여,35세,경상,승용,남,49세,상해없음
2016120200100664,2016년 12월 2일 21시,금요일,광주광역시 광산구 월계동,경상사고,0,0,1,0,차대차 - 측면충돌,교차로운행방법위반,건조,맑음,교차로 - 교차로안,승용,여,43세,상해없음,이륜,남,18세,경상
2016120200100665,2016년 12월 2일 21시,금요일,광주광역시 광산구 흑석동,중상사고,0,1,2,0,차대차 - 측면직각충돌,신호위반,건조,맑음,교차로 - 교차로안,승용,남,49세,상해없음,승용,남,50세,경상
2016120200100687,2016년 12월 2일 22시,금요일,광주광역시 서구 쌍촌동,경상사고,0,0,2,0,차대차 - 추돌,안전거리미확보,건조,맑음,교차로 - 교차로부근,승용,남,58세,상해없음,승용,남,38세,경상
2016120200100715,2016년 12월 2일 23시,금요일,광주광역시 북구 풍향동,중상사고,0,1,0,0,차대차 - 측면충돌,안전운전불이행,건조,맑음,단일로 - 기타,원동기,남,59세,중상,승용,남,62세,상해없음
2016120300100052,2016년 12월 3일 01시,토요일,광주광역시 북구 두암동,중상사고,0,1,4,0,차대차 - 정면충돌,교차로운행방법위반,건조,맑음,교차로 - 교차로안,승용,남,61세,경상,승용,남,55세,중상
2016120300100084,2016년 12월 3일 03시,토요일,광주광역시 서구 화정동,경상사고,0,0,1,0,차대차 - 추돌,안전운전불이행,건조,맑음,교차로 - 교차로부근,승용,남,28세,상해없음,승용,남,61세,경상
2016120300100105,2016년 12월 3일 05시,토요일,광주광역시 서구 치평동,경상사고,0,0,1,0,차대차 - 추돌,안전운전불이행,건조,기타,교차로 - 교차로부근,승용,여,39세,상해없음,승용,남,57세,경상
2016120300100106,2016년 12월 3일 05시,토요일,광주광역시 서구 농성동,경상사고,0,0,1,0,차대차 - 측면직각충돌,안전운전불이행,건조,맑음,단일로 - 기타,승합,남,67세,상해없음,승용,남,30세,경상
2016120300100288,2016년 12월 3일 12시,토요일,광주광역시 서구 광천동,중상사고,0,1,0,0,차대사람 - 횡단중,중앙선침범,건조,맑음,단일로 - 횡단보도상,승용,남,60세,상해없음,보행자,여,55세,중상
2016120300100289,2016년 12월 3일 12시,토요일,광주광역시 북구 신안동,경상사고,0,0,1,0,차대차 - 추돌,안전운전불이행,건조,맑음,단일로 - 기타,승용,남,77세,상해없음,승용,여,29세,경상
2016120300100354,2016년 12월 3일 14시,토요일,광주광역시 광산구 수완동,경상사고,0,0,2,0,차대차 - 추돌,안전운전불이행,건조,맑음,교차로 - 교차로부근,승용,남,42세,상해없음,승용,남,56세,경상
2016120300100424,2016년 12월 3일 16시,토요일,광주광역시 남구 진월동,중상사고,0,1,0,0,차대차 - 측면충돌,신호위반,건조,맑음,교차로 - 교차로안,승용,남,61세,상해없음,이륜,남,36세,중상
2016120300100454,2016년 12월 3일 17시,토요일,광주광역시 서구 농성동,경상사고,0,0,1,0,차대차 - 측면직각충돌,교차로운행방법위반,건조,맑음,교차로 - 교차로안,승용,남,56세,상해없음,승용,남,32세,상해없음
2016120300100456,2016년 12월 3일 17시,토요일,광주광역시 광산구 옥동,경상사고,0,0,1,0,차대차 - 추돌,안전운전불이행,건조,맑음,단일로 - 기타,원동기,남,70세,상해없음,자전거,남,54세,경상
2016120300100498,2016년 12월 3일 18시,토요일,광주광역시 남구 주월동,경상사고,0,0,1,0,차대차 - 측면직각충돌,안전운전불이행,건조,맑음,교차로 - 교차로부근,화물,기타불명,기타불명,기타불명,승용,남,48세,경상
2016120300100499,2016년 12월 3일 18시,토요일,광주광역시 북구 양산동,경상사고,0,0,2,0,차대차 - 추돌,안전운전불이행,건조,흐림,교차로 - 교차로부근,승용,남,41세,상해없음,승용,여,37세,경상
2016120300100501,2016년 12월 3일 18시,토요일,광주광역시 북구 연제동,경상사고,0,0,1,0,차대차 - 측면직각충돌,안전운전불이행,건조,맑음,교차로 - 교차로안,승용,여,52세,상해없음,승용,여,47세,경상
2016120300100502,2016년 12월 3일 18시,토요일,광주광역시 광산구 월계동,경상사고,0,0,1,0,차대차 - 측면직각충돌,교차로운행방법위반,건조,맑음,교차로 - 교차로안,승용,남,55세,상해없음,원동기,남,23세,경상
2016120300100580,2016년 12월 3일 20시,토요일,광주광역시 북구 양산동,경상사고,0,0,1,0,차대차 - 측면충돌,안전운전불이행,건조,맑음,교차로 - 교차로부근,이륜,남,17세,경상,승용,남,29세,상해없음
2016120300100633,2016년 12월 3일 22시,토요일,광주광역시 북구 양산동,경상사고,0,0,2,0,차대차 - 추돌,안전운전불이행,건조,맑음,교차로 - 교차로부근,승용,남,47세,상해없음,승용,남,20세,경상
2016120300100656,2016년 12월 3일 23시,토요일,광주광역시 광산구 우산동,경상사고,0,0,1,0,차량단독 - 기타,안전운전불이행,건조,맑음,단일로 - 기타,승용,남,60세,상해없음,,,,
2016120400100040,2016년 12월 4일 01시,일요일,광주광역시 서구 치평동,경상사고,0,0,2,0,차대사람 - 횡단중,보행자보호의무위반,건조,맑음,교차로 - 교차로안,승용,남,32세,상해없음,보행자,남,52세,경상
2016120400100049,2016년 12월 4일 02시,일요일,광주광역시 서구 치평동,경상사고,0,0,1,0,차대차 - 추돌,안전운전불이행,건조,맑음,교차로 - 교차로안,승용,남,56세,상해없음,승용,남,41세,경상
2016120400100065,2016년 12월 4일 04시,일요일,광주광역시 동구 용산동,경상사고,0,0,4,0,차대차 - 기타,안전거리미확보,건조,맑음,단일로 - 기타,승용,여,35세,경상,이륜,남,38세,경상
2016120400100082,2016년 12월 4일 06시,일요일,광주광역시 서구 화정동,경상사고,0,0,2,0,차대차 - 정면충돌,신호위반,건조,맑음,교차로 - 교차로안,화물,남,26세,상해없음,승용,남,57세,경상
2016120400100095,2016년 12월 4일 07시,일요일,광주광역시 북구 중흥동,경상사고,0,0,1,0,차대차 - 측면충돌,중앙선침범,건조,맑음,교차로 - 교차로부근,기타불명,기타불명,35세,기타불명,승용,남,51세,경상
2016120400100189,2016년 12월 4일 13시,일요일,광주광역시 북구 두암동,경상사고,0,0,1,0,차대사람 - 횡단중,안전운전불이행,건조,맑음,교차로 - 교차로부근,승용,남,64세,상해없음,보행자,남,62세,경상
2016120400100214,2016년 12월 4일 14시,일요일,광주광역시 서구 금호동,경상사고,0,0,1,0,차대사람 - 횡단중,보행자보호의무위반,건조,맑음,단일로 - 기타,승용,남,52세,상해없음,보행자,여,8세,경상
2016120400100234,2016년 12월 4일 15시,일요일,광주광역시 남구 주월동,경상사고,0,0,2,0,차대차 - 측면직각충돌,안전운전불이행,건조,맑음,교차로 - 교차로안,승합,남,64세,상해없음,승용,남,38세,경상
2016120400100235,2016년 12월 4일 15시,일요일,광주광역시 광산구 월계동,부상신고사고,0,0,0,1,차대차 - 측면직각충돌,안전거리미확보,건조,맑음,교차로 - 교차로부근,이륜,남,21세,부상신고,승용,남,56세,상해없음
2016120400100236,2016년 12월 4일 15시,일요일,광주광역시 광산구 우산동,경상사고,0,0,1,0,차대차 - 측면충돌,신호위반,건조,맑음,교차로 - 교차로안,이륜,남,37세,경상,승용,여,36세,상해없음
2016120400100237,2016년 12월 4일 15시,일요일,광주광역시 광산구 우산동,경상사고,0,0,1,0,차대차 - 정면충돌,안전운전불이행,건조,맑음,교차로 - 교차로부근,승용,남,48세,상해없음,승합,남,46세,경상
2016120400100263,2016년 12월 4일 16시,일요일,광주광역시 북구 신용동,중상사고,0,1,0,0,차대차 - 정면충돌,안전운전불이행,건조,맑음,단일로 - 기타,승용,남,38세,상해없음,이륜,남,44세,중상
2016120400100398,2016년 12월 4일 21시,일요일,광주광역시 광산구 운남동,경상사고,0,0,1,0,차대차 - 추돌,안전거리미확보,습기,흐림,교차로 - 교차로부근,화물,남,67세,상해없음,화물,남,44세,경상
2016120400100410,2016년 12월 4일 22시,일요일,광주광역시 광산구 운남동,경상사고,0,0,1,0,차대사람 - 횡단중,안전운전불이행,건조,맑음,단일로 - 기타,승용,남,41세,상해없음,보행자,남,57세,경상
2016120400100422,2016년 12월 4일 23시,일요일,광주광역시 광산구 송정동,경상사고,0,0,1,0,차대차 - 추돌,안전거리미확보,건조,맑음,단일로 - 기타,승용,남,41세,상해없음,승용,남,27세,경상
2016120500100014,2016년 12월 5일 00시,월요일,광주광역시 서구 화정동,경상사고,0,0,1,0,차대차 - 기타,안전운전불이행,건조,맑음,단일로 - 기타,승용,남,35세,상해없음,이륜,남,37세,경상
2016120500100026,2016년 12월 5일 02시,월요일,광주광역시 남구 백운동,사망사고,1,0,0,0,차대사람 - 횡단중,안전운전불이행,건조,맑음,교차로 - 교차로부근,승용,남,42세,상해없음,보행자,남,45세,사망
2016120500100027,2016년 12월 5일 02시,월요일,광주광역시 북구 신안동,경상사고,0,0,1,0,차대차 - 측면충돌,안전운전불이행,건조,맑음,단일로 - 기타,기타불명,기타불명,기타불명,기타불명,승용,남,50세,경상
2016120500100030,2016년 12월 5일 03시,월요일,광주광역시 서구 치평동,부상신고사고,0,0,0,1,차대차 - 측면직각충돌,신호위반,건조,맑음,교차로 - 교차로안,승용,남,64세,부상신고,특수,남,48세,상해없음
2016120500100071,2016년 12월 5일 06시,월요일,광주광역시 서구 농성동,중상사고,0,1,0,0,차대차 - 측면충돌,안전운전불이행,건조,맑음,단일로 - 기타,화물,남,36세,상해없음,자전거,남,72세,중상
2016120500100095,2016년 12월 5일 07시,월요일,광주광역시 광산구 월계동,경상사고,0,0,1,0,차대차 - 정면충돌,신호위반,건조,맑음,교차로 - 교차로안,승용,남,25세,상해없음,승용,남,36세,경상
2016120500100140,2016년 12월 5일 08시,월요일,광주광역시 남구 월산동,경상사고,0,0,1,0,차대사람 - 횡단중,안전운전불이행,건조,맑음,단일로 - 기타,승용,여,64세,상해없음,보행자,남,19세,경상
2016120500100189,2016년 12월 5일 10시,월요일,광주광역시 남구 봉선동,중상사고,0,1,0,0,차대사람 - 길가장자리구역통행중,안전운전불이행,건조,맑음,교차로 - 교차로안,승용,여,45세,상해없음,보행자,여,86세,중상
2016120500100222,2016년 12월 5일 11시,월요일,광주광역시 광산구 옥동,경상사고,0,0,1,0,차대차 - 측면직각충돌,안전운전불이행,건조,맑음,단일로 - 기타,승용,남,51세,상해없음,원동기,남,35세,경상
2016120500100276,2016년 12월 5일 13시,월요일,광주광역시 동구 수기동,경상사고,0,0,2,0,차대차 - 측면직각충돌,신호위반,건조,맑음,교차로 - 교차로안,승용,남,27세,경상,승용,남,40세,경상
2016120500100335,2016년 12월 5일 16시,월요일,광주광역시 북구 지야동,경상사고,0,0,2,0,차대차 - 측면직각충돌,교차로운행방법위반,건조,맑음,교차로 - 교차로안,승용,남,33세,경상,승합,남,56세,경상
2016120500100373,2016년 12월 5일 17시,월요일,광주광역시 남구 봉선동,중상사고,0,1,0,0,차대사람 - 기타,안전운전불이행,건조,맑음,단일로 - 기타,승용,여,56세,상해없음,보행자,여,78세,중상
2016120500100439,2016년 12월 5일 18시,월요일,광주광역시 서구 매월동,경상사고,0,0,1,0,차대차 - 측면직각충돌,안전거리미확보,건조,맑음,단일로 - 기타,승용,남,52세,상해없음,승용,남,55세,경상
2016120500100440,2016년 12월 5일 18시,월요일,광주광역시 동구 계림동,경상사고,0,0,2,0,차대차 - 추돌,안전운전불이행,건조,맑음,교차로 - 교차로부근,승용,남,22세,상해없음,승용,여,57세,경상
2016120500100487,2016년 12월 5일 19시,월요일,광주광역시 서구 농성동,경상사고,0,0,2,0,차대차 - 기타,차로위반,건조,맑음,단일로 - 기타,승용,남,43세,상해없음,승용,남,33세,경상
2016120500100523,2016년 12월 5일 20시,월요일,광주광역시 북구 문흥동,경상사고,0,0,1,0,차대차 - 측면충돌,안전운전불이행,건조,맑음,교차로 - 교차로안,승용,남,59세,상해없음,승용,여,24세,경상
2016120500100551,2016년 12월 5일 21시,월요일,광주광역시 서구 광천동,경상사고,0,0,1,0,차대차 - 추돌,안전거리미확보,건조,맑음,교차로 - 교차로부근,승용,남,57세,상해없음,승용,남,28세,경상
2016120500100552,2016년 12월 5일 21시,월요일,광주광역시 남구 방림동,경상사고,0,0,1,0,차대사람 - 기타,안전운전불이행,건조,맑음,교차로 - 교차로안,승용,남,43세,상해없음,보행자,남,87세,경상
2016120500100553,2016년 12월 5일 21시,월요일,광주광역시 광산구 신촌동,중상사고,0,1,0,0,차대사람 - 횡단중,안전운전불이행,건조,맑음,단일로 - 기타,승용,여,67세,상해없음,보행자,남,36세,중상
2016120500100578,2016년 12월 5일 22시,월요일,광주광역시 북구 동림동,경상사고,0,0,11,0,차대차 - 정면충돌,안전거리미확보,건조,흐림,교차로 - 교차로부근,승용,여,38세,경상,승용,남,47세,경상
2016120500100601,2016년 12월 5일 23시,월요일,광주광역시 광산구 송촌동,경상사고,0,0,1,0,차대차 - 측면직각충돌,차로위반,건조,맑음,단일로 - 기타,승용,여,36세,상해없음,승용,남,66세,경상
2016120600100023,2016년 12월 6일 01시,화요일,광주광역시 서구 화정동,경상사고,0,0,1,0,차대차 - 측면직각충돌,안전운전불이행,건조,맑음,단일로 - 기타,승용,남,25세,기타불명,이륜,남,27세,경상
2016120600100084,2016년 12월 6일 07시,화요일,광주광역시 서구 서창동,경상사고,0,0,1,0,차대차 - 측면직각충돌,안전운전불이행,건조,맑음,교차로 - 교차로안,승용,남,48세,상해없음,승용,남,26세,경상
2016120600100085,2016년 12월 6일 07시,화요일,광주광역시 광산구 하남동,경상사고,0,0,2,0,차대차 - 정면충돌,신호위반,건조,맑음,교차로 - 교차로안,승용,남,43세,경상,승용,남,28세,경상
2016120600100119,2016년 12월 6일 08시,화요일,광주광역시 북구 오치동,경상사고,0,0,1,0,차대사람 - 횡단중,보행자보호의무위반,건조,맑음,단일로 - 횡단보도상,승용,여,33세,상해없음,보행자,여,6세,경상
2016120600100120,2016년 12월 6일 08시,화요일,광주광역시 북구 연제동,경상사고,0,0,3,0,차대차 - 측면직각충돌,안전운전불이행,건조,맑음,단일로 - 기타,승용,여,36세,상해없음,승용,남,37세,경상
2016120600100144,2016년 12월 6일 09시,화요일,광주광역시 서구 매월동,중상사고,0,1,0,0,차대차 - 정면충돌,기타,건조,맑음,교차로 - 교차로부근,승용,남,56세,상해없음,이륜,남,35세,중상
2016120600100198,2016년 12월 6일 11시,화요일,광주광역시 남구 월산동,경상사고,0,0,1,0,차대차 - 측면충돌,차로위반,건조,맑음,단일로 - 기타,이륜,남,25세,경상,승용,남,61세,상해없음
2016120600100225,2016년 12월 6일 12시,화요일,광주광역시 서구 금호동,중상사고,0,1,4,0,차대차 - 정면충돌,신호위반,건조,맑음,교차로 - 교차로안,승용,남,50세,경상,승용,여,55세,경상
2016120600100226,2016년 12월 6일 12시,화요일,광주광역시 남구 백운동,경상사고,0,0,1,0,차량단독 - 기타,안전운전불이행,건조,맑음,교차로 - 교차로안,승합,남,51세,상해없음,,,,
2016120600100313,2016년 12월 6일 15시,화요일,광주광역시 남구 사동,중상사고,0,1,0,0,차대차 - 측면직각충돌,교차로운행방법위반,건조,맑음,교차로 - 교차로안,승용,남,47세,상해없음,자전거,남,83세,중상
2016120600100345,2016년 12월 6일 16시,화요일,광주광역시 서구 농성동,경상사고,0,0,1,0,차량단독 - 기타,안전운전불이행,건조,맑음,교차로 - 교차로부근,승용,남,45세,상해없음,,,,
2016120600100346,2016년 12월 6일 16시,화요일,광주광역시 광산구 월계동,중상사고,0,1,0,0,차대사람 - 횡단중,보행자보호의무위반,건조,맑음,단일로 - 기타,승용,여,37세,상해없음,보행자,남,1세,중상
2016120600100395,2016년 12월 6일 17시,화요일,광주광역시 남구 승촌동,경상사고,0,0,2,0,차대차 - 기타,교차로운행방법위반,건조,맑음,교차로 - 교차로안,승용,여,63세,경상,승용,남,67세,경상
2016120600100438,2016년 12월 6일 18시,화요일,광주광역시 서구 풍암동,경상사고,0,0,1,0,차대차 - 측면직각충돌,안전운전불이행,건조,맑음,교차로 - 교차로부근,승용,여,67세,상해없음,승용,여,47세,경상
2016120600100440,2016년 12월 6일 18시,화요일,광주광역시 광산구 신가동,경상사고,0,0,4,0,차대차 - 측면충돌,안전운전불이행,건조,맑음,단일로 - 기타,승용,남,28세,경상,승용,남,26세,경상
2016120600100441,2016년 12월 6일 18시,화요일,광주광역시 광산구 흑석동,중상사고,0,1,0,0,차대차 - 측면충돌,안전운전불이행,건조,맑음,단일로 - 기타,승용,남,40세,상해없음,원동기,남,39세,중상
2016120600100558,2016년 12월 6일 22시,화요일,광주광역시 남구 주월동,중상사고,0,1,0,0,차대차 - 기타,안전거리미확보,건조,흐림,단일로 - 기타,자전거,여,54세,중상,승용,남,27세,상해없음
2016120600100559,2016년 12월 6일 22시,화요일,광주광역시 광산구 안청동,중상사고,0,1,0,0,차대차 - 측면직각충돌,안전운전불이행,건조,맑음,단일로 - 기타,승합,남,64세,상해없음,화물,남,53세,중상
2016120600100575,2016년 12월 6일 23시,화요일,광주광역시 서구 화정동,경상사고,0,0,1,0,차대차 - 추돌,안전운전불이행,건조,맑음,단일로 - 기타,승용,남,42세,상해없음,승용,남,62세,경상
2016120700100059,2016년 12월 7일 05시,수요일,광주광역시 동구 불로동,경상사고,0,0,1,0,차대차 - 기타,신호위반,건조,맑음,교차로 - 교차로안,승용,남,60세,상해없음,승용,남,50세,경상
2016120700100060,2016년 12월 7일 05시,수요일,광주광역시 북구 각화동,경상사고,0,0,1,0,차대사람 - 차도통행중,안전운전불이행,건조,맑음,교차로 - 교차로부근,승용,여,44세,상해없음,보행자,남,33세,경상
2016120700100075,2016년 12월 7일 06시,수요일,광주광역시 북구 신안동,중상사고,0,1,0,0,차대사람 - 횡단중,안전운전불이행,건조,맑음,단일로 - 기타,승용,남,57세,상해없음,보행자,여,69세,중상
2016120700100105,2016년 12월 7일 07시,수요일,광주광역시 광산구 하남동,경상사고,0,0,1,0,차대차 - 측면직각충돌,신호위반,건조,맑음,교차로 - 교차로안,승용,남,39세,상해없음,승용,남,53세,경상
2016120700100142,2016년 12월 7일 08시,수요일,광주광역시 북구 연제동,경상사고,0,0,1,0,차대차 - 측면직각충돌,기타,건조,맑음,단일로 - 기타,승용,남,32세,상해없음,승용,여,25세,경상
2016120700100180,2016년 12월 7일 09시,수요일,광주광역시 북구 임동,경상사고,0,0,1,0,차대차 - 추돌,안전운전불이행,건조,맑음,단일로 - 기타,기타불명,기타불명,기타불명,기타불명,승용,여,48세,경상
2016120700100204,2016년 12월 7일 10시,수요일,광주광역시 북구 삼각동,경상사고,0,0,1,0,차대차 - 추돌,안전거리미확보,건조,맑음,단일로 - 기타,승용,여,44세,상해없음,화물,남,56세,경상
2016120700100205,2016년 12월 7일 10시,수요일,광주광역시 광산구 하남동,경상사고,0,0,1,0,차대차 - 측면직각충돌,신호위반,건조,맑음,교차로 - 교차로안,승용,여,67세,상해없음,화물,남,33세,경상
2016120700100406,2016년 12월 7일 17시,수요일,광주광역시 남구 주월동,경상사고,0,0,1,0,차대차 - 기타,안전운전불이행,건조,맑음,단일로 - 기타,승용,남,44세,상해없음,승용,남,35세,경상
2016120700100407,2016년 12월 7일 17시,수요일,광주광역시 광산구 서봉동,중상사고,0,1,3,0,차대차 - 추돌,안전운전불이행,건조,맑음,교차로 - 교차로부근,화물,남,36세,상해없음,화물,남,41세,상해없음
2016120700100464,2016년 12월 7일 18시,수요일,광주광역시 서구 쌍촌동,경상사고,0,0,1,0,차대차 - 추돌,안전운전불이행,건조,맑음,단일로 - 기타,승용,남,43세,상해없음,승용,여,47세,경상
2016120700100465,2016년 12월 7일 18시,수요일,광주광역시 북구 운암동,경상사고,0,0,1,0,차대사람 - 횡단중,안전운전불이행,건조,맑음,단일로 - 기타,이륜,남,17세,기타불명,보행자,여,58세,경상
2016120700100466,2016년 12월 7일 18시,수요일,광주광역시 북구 풍향동,경상사고,0,0,1,0,차대차 - 기타,안전운전불이행,건조,맑음,단일로 - 기타,승용,여,35세,상해없음,승용,여,45세,경상
2016120700100467,2016년 12월 7일 18시,수요일,광주광역시 북구 문흥동,중상사고,0,1,0,0,차대차 - 추돌,안전거리미확보,건조,맑음,단일로 - 기타,승용,남,66세,상해없음,승용,여,53세,중상
2016120700100506,2016년 12월 7일 19시,수요일,광주광역시 북구 연제동,경상사고,0,0,2,0,차대차 - 측면직각충돌,교차로운행방법위반,건조,맑음,교차로 - 교차로안,승용,여,25세,경상,승용,남,27세,경상
2016120700100507,2016년 12월 7일 19시,수요일,광주광역시 광산구 옥동,경상사고,0,0,1,0,차대차 - 측면충돌,안전운전불이행,건조,맑음,교차로 - 교차로부근,승용,여,40세,상해없음,이륜,남,35세,경상
2016120700100617,2016년 12월 7일 23시,수요일,광주광역시 광산구 도산동,경상사고,0,0,1,0,차대차 - 측면충돌,직진우회전진행방해,건조,맑음,교차로 - 교차로안,승용,남,64세,상해없음,원동기,남,19세,경상
2016120800100019,2016년 12월 8일 00시,목요일,광주광역시 광산구 용동,경상사고,0,0,1,0,차대차 - 추돌,안전운전불이행,건조,맑음,교차로 - 교차로부근,이륜,남,38세,경상,승용,남,30세,상해없음
2016120800100057,2016년 12월 8일 03시,목요일,광주광역시 서구 양동,경상사고,0,0,1,0,차대차 - 추돌,안전거리미확보,건조,맑음,교차로 - 교차로부근,승용,남,23세,상해없음,승용,남,21세,경상
2016120800100103,2016년 12월 8일 06시,목요일,광주광역시 서구 쌍촌동,중상사고,0,1,0,0,차대사람 - 횡단중,신호위반,건조,맑음,교차로 - 교차로부근,이륜,여,69세,상해없음,보행자,여,71세,중상
2016120800100138,2016년 12월 8일 07시,목요일,광주광역시 광산구 선동,사망사고,1,0,0,0,차대차 - 추돌,안전운전불이행,결빙,안개,단일로 - 기타,특수,남,41세,상해없음,화물,남,52세,상해없음
2016120800100139,2016년 12월 8일 07시,목요일,광주광역시 광산구 지평동,중상사고,0,1,0,0,차량단독 - 공작물충돌,안전운전불이행,결빙,안개,단일로 - 기타,화물,남,35세,중상,,,,
2016120800100140,2016년 12월 8일 07시,목요일,광주광역시 광산구 지평동,중상사고,0,1,0,0,차량단독 - 공작물충돌,안전운전불이행,결빙,안개,단일로 - 기타,승용,여,37세,중상,,,,
2016120800100141,2016년 12월 8일 07시,목요일,광주광역시 광산구 지평동,경상사고,0,0,1,0,차대차 - 추돌,안전운전불이행,결빙,안개,단일로 - 기타,승용,남,52세,경상,승용,남,51세,상해없음
2016120800100142,2016년 12월 8일 07시,목요일,광주광역시 광산구 지평동,경상사고,0,0,2,0,차대차 - 추돌,안전운전불이행,결빙,안개,단일로 - 기타,승용,남,28세,상해없음,승용,남,51세,경상
2016120800100143,2016년 12월 8일 07시,목요일,광주광역시 광산구 선동,중상사고,0,1,1,0,차대차 - 추돌,안전거리미확보,결빙,안개,단일로 - 기타,화물,남,35세,중상,특수,남,66세,경상