사고번호,사고일시,요일,시군구,사고내용,사망자수,중상자수,경상자수,부상신고자수,사고유형,법규위반,노면상태,기상상태,도로형태,가해운전자 차종,가해운전자 성별,가해운전자 연령,가해운전자 상해정도,피해운전자 차종,피해운전자 성별,피해운전자 연령,피해운전자 상해정도
2016120800100144,2016년 12월 8일 07시,목요일,광주광역시 광산구 선동,중상사고,0,2,3,5,차대차 - 추돌,안전거리미확보,결빙,안개,단일로 - 기타,승용,남,46세,중상,승용,남,38세,경상
2016120800100145,2016년 12월 8일 07시,목요일,광주광역시 광산구 선동,경상사고,0,0,3,1,차량단독 - 공작물충돌,안전운전불이행,결빙,안개,단일로 - 기타,화물,남,52세,경상,,,,
2016120800100196,2016년 12월 8일 08시,목요일,광주광역시 서구 광천동,경상사고,0,0,2,0,차대차 - 추돌,안전거리미확보,건조,맑음,단일로 - 기타,승용,여,36세,상해없음,승용,남,59세,경상
2016120800100223,2016년 12월 8일 09시,목요일,광주광역시 남구 봉선동,중상사고,0,1,0,0,차대사람 - 기타,안전운전불이행,건조,맑음,단일로 - 기타,승합,남,50세,기타불명,보행자,여,82세,중상
2016120800100252,2016년 12월 8일 10시,목요일,광주광역시 서구 양동,경상사고,0,0,2,0,차대차 - 기타,중앙선침범,건조,맑음,단일로 - 횡단보도상,승용,남,62세,상해없음,승용,남,50세,경상
2016120800100284,2016년 12월 8일 11시,목요일,광주광역시 광산구 비아동,경상사고,0,0,4,0,차대차 - 측면직각충돌,안전운전불이행,건조,맑음,교차로 - 교차로안,화물,남,42세,경상,승용,남,56세,경상
2016120800100374,2016년 12월 8일 14시,목요일,광주광역시 서구 화정동,중상사고,0,1,0,0,차대사람 - 횡단중,보행자보호의무위반,건조,맑음,교차로 - 교차로안,승용,남,26세,상해없음,보행자,남,7세,중상
2016120800100375,2016년 12월 8일 14시,목요일,광주광역시 북구 신안동,중상사고,0,1,0,0,차대차 - 측면직각충돌,안전운전불이행,건조,맑음,단일로 - 기타,승용,여,48세,상해없음,자전거,여,58세,중상
2016120800100407,2016년 12월 8일 15시,목요일,광주광역시 광산구 우산동,경상사고,0,0,3,0,차대차 - 정면충돌,안전거리미확보,건조,맑음,단일로 - 기타,승용,여,51세,경상,승용,남,49세,경상
2016120800100436,2016년 12월 8일 16시,목요일,광주광역시 북구 용봉동,경상사고,0,0,1,0,차대차 - 기타,안전운전불이행,건조,맑음,단일로 - 기타,승합,여,52세,상해없음,자전거,여,68세,경상
2016120800100437,2016년 12월 8일 16시,목요일,광주광역시 북구 임동,경상사고,0,0,1,0,차대사람 - 기타,안전운전불이행,건조,맑음,단일로 - 기타,승용,남,42세,기타불명,보행자,여,35세,경상
2016120800100438,2016년 12월 8일 16시,목요일,광주광역시 광산구 신가동,중상사고,0,1,0,0,차대사람 - 길가장자리구역통행중,안전운전불이행,건조,맑음,단일로 - 기타,승용,남,52세,상해없음,보행자,여,51세,중상
2016120800100439,2016년 12월 8일 16시,목요일,광주광역시 광산구 도산동,부상신고사고,0,0,0,1,차대차 - 추돌,안전운전불이행,건조,맑음,단일로 - 기타,승용,여,45세,상해없음,이륜,남,18세,부상신고
2016120800100480,2016년 12월 8일 17시,목요일,광주광역시 북구 오룡동,경상사고,0,0,1,0,차대차 - 추돌,교차로운행방법위반,건조,맑음,교차로 - 교차로안,승용,남,38세,상해없음,승용,여,28세,경상
2016120800100528,2016년 12월 8일 18시,목요일,광주광역시 남구 월산동,경상사고,0,0,1,0,차대차 - 측면직각충돌,기타,건조,맑음,단일로 - 기타,승용,남,47세,상해없음,원동기,남,17세,경상
2016120800100621,2016년 12월 8일 20시,목요일,광주광역시 서구 풍암동,중상사고,0,2,2,0,차대차 - 추돌,안전거리미확보,건조,맑음,교차로 - 교차로안,승용,남,29세,기타불명,승용,여,49세,중상
2016120800100671,2016년 12월 8일 21시,목요일,광주광역시 북구 각화동,경상사고,0,0,2,0,차대차 - 측면직각충돌,교차로운행방법위반,건조,맑음,교차로 - 교차로안,승용,여,26세,경상,승용,여,58세,경상
2016120800100715,2016년 12월 8일 22시,목요일,광주광역시 서구 농성동,경상사고,0,0,1,0,차대사람 - 차도통행중,안전운전불이행,건조,흐림,단일로 - 기타,승용,남,48세,상해없음,보행자,남,32세,경상
2016120800100716,2016년 12월 8일 22시,목요일,광주광역시 북구 일곡동,경상사고,0,0,1,0,차대차 - 추돌,안전운전불이행,건조,맑음,교차로 - 교차로부근,화물,남,50세,상해없음,승용,여,44세,경상
2016120800100745,2016년 12월 8일 23시,목요일,광주광역시 남구 월산동,경상사고,0,0,1,0,차대차 - 측면직각충돌,안전운전불이행,건조,맑음,단일로 - 기타,승용,여,62세,상해없음,승용,남,52세,상해없음
2016120900100017,2016년 12월 9일 00시,금요일,광주광역시 남구 양림동,중상사고,0,1,2,0,차대차 - 측면직각충돌,교차로운행방법위반,건조,맑음,교차로 - 교차로안,승용,남,64세,경상,승용,남,28세,중상
2016120900100041,2016년 12월 9일 01시,금요일,광주광역시 북구 양산동,경상사고,0,0,1,0,차대차 - 추돌,안전운전불이행,건조,맑음,단일로 - 기타,승용,여,47세,기타불명,승용,여,48세,경상
2016120900100087,2016년 12월 9일 05시,금요일,광주광역시 북구 두암동,경상사고,0,0,2,0,차대차 - 측면직각충돌,안전운전불이행,건조,맑음,단일로 - 기타,승용,남,57세,상해없음,승용,남,33세,경상
2016120900100115,2016년 12월 9일 06시,금요일,광주광역시 광산구 신가동,경상사고,0,0,2,0,차대차 - 추돌,안전운전불이행,건조,맑음,단일로 - 기타,승용,남,37세,기타불명,승용,남,36세,경상
2016120900100194,2016년 12월 9일 09시,금요일,광주광역시 북구 운암동,경상사고,0,0,3,0,차대차 - 측면직각충돌,교차로운행방법위반,건조,맑음,교차로 - 교차로안,승용,여,46세,경상,화물,남,42세,경상
2016120900100250,2016년 12월 9일 11시,금요일,광주광역시 북구 오치동,중상사고,0,1,0,0,차대사람 - 보도통행중,기타,건조,맑음,단일로 - 기타,승용,남,43세,상해없음,보행자,여,59세,중상
2016120900100277,2016년 12월 9일 12시,금요일,광주광역시 서구 서창동,경상사고,0,0,1,0,차대차 - 측면직각충돌,교차로운행방법위반,건조,맑음,교차로 - 교차로부근,승합,남,57세,상해없음,승용,남,47세,경상
2016120900100308,2016년 12월 9일 13시,금요일,광주광역시 광산구 신가동,중상사고,0,1,0,0,차대차 - 측면직각충돌,안전운전불이행,건조,맑음,단일로 - 기타,승합,남,47세,상해없음,이륜,남,35세,중상
2016120900100309,2016년 12월 9일 13시,금요일,광주광역시 광산구 수완동,경상사고,0,0,1,1,차대차 - 측면직각충돌,신호위반,건조,맑음,교차로 - 교차로안,원동기,남,40세,부상신고,승용,남,71세,경상
2016120900100342,2016년 12월 9일 14시,금요일,광주광역시 동구 학동,중상사고,0,1,1,0,차대차 - 측면직각충돌,안전거리미확보,건조,맑음,단일로 - 기타,승용,여,56세,경상,건설기계,남,35세,상해없음
2016120900100343,2016년 12월 9일 14시,금요일,광주광역시 서구 치평동,경상사고,0,0,1,0,차대차 - 측면직각충돌,안전거리미확보,건조,맑음,단일로 - 기타,승용,여,47세,상해없음,승용,여,55세,경상
2016120900100376,2016년 12월 9일 15시,금요일,광주광역시 북구 대촌동,경상사고,0,0,1,0,차대차 - 측면충돌,신호위반,건조,맑음,교차로 - 교차로안,화물,남,28세,상해없음,승용,남,58세,경상
2016120900100439,2016년 12월 9일 17시,금요일,광주광역시 광산구 산정동,경상사고,0,0,3,0,차대차 - 측면직각충돌,교차로운행방법위반,건조,맑음,교차로 - 교차로안,승합,남,74세,상해없음,화물,남,38세,경상
2016120900100479,2016년 12월 9일 18시,금요일,광주광역시 북구 용봉동,중상사고,0,2,0,0,차대차 - 추돌,안전운전불이행,건조,맑음,단일로 - 기타,화물,남,31세,중상,화물,남,55세,중상
2016120900100495,2016년 12월 9일 18시,금요일,광주광역시 서구 동천동,경상사고,0,0,1,0,차대차 - 기타,직진우회전진행방해,건조,맑음,교차로 - 교차로안,승용,남,47세,상해없음,이륜,남,22세,경상
2016120900100496,2016년 12월 9일 18시,금요일,광주광역시 남구 행암동,경상사고,0,0,1,0,차대차 - 추돌,안전거리미확보,건조,맑음,기타 - 기타,승합,남,51세,상해없음,승용,남,30세,경상
2016120900100497,2016년 12월 9일 18시,금요일,광주광역시 남구 진월동,경상사고,0,0,1,0,차대차 - 기타,신호위반,건조,맑음,교차로 - 교차로안,승용,기타불명,기타불명,기타불명,이륜,남,31세,경상
2016120900100544,2016년 12월 9일 19시,금요일,광주광역시 서구 치평동,중상사고,0,1,0,0,차대차 - 추돌,안전운전불이행,건조,맑음,교차로 - 교차로부근,승용,남,56세,상해없음,승용,남,76세,상해없음
2016120900100545,2016년 12월 9일 19시,금요일,광주광역시 서구 풍암동,경상사고,0,0,1,0,차대차 - 기타,안전운전불이행,건조,맑음,단일로 - 기타,승용,남,64세,상해없음,승용,남,47세,경상
2016120900100546,2016년 12월 9일 19시,금요일,광주광역시 서구 화정동,경상사고,0,0,1,0,차대차 - 추돌,안전운전불이행,건조,맑음,교차로 - 교차로부근,승용,남,49세,상해없음,승용,남,20세,경상
2016120900100577,2016년 12월 9일 20시,금요일,광주광역시 남구 주월동,경상사고,0,0,2,0,차대차 - 정면충돌,신호위반,건조,맑음,교차로 - 교차로안,승용,여,49세,상해없음,특수,남,25세,경상
2016120900100578,2016년 12월 9일 20시,금요일,광주광역시 북구 누문동,경상사고,0,0,2,0,차대차 - 추돌,안전거리미확보,건조,맑음,단일로 - 기타,승용,남,33세,상해없음,승용,남,45세,경상
2016120900100579,2016년 12월 9일 20시,금요일,광주광역시 서구 광천동,경상사고,0,0,1,0,차대차 - 측면직각충돌,안전거리미확보,건조,맑음,교차로 - 교차로부근,승용,남,27세,상해없음,이륜,남,27세,경상
2016120900100619,2016년 12월 9일 21시,금요일,광주광역시 서구 치평동,경상사고,0,0,2,0,차대차 - 정면충돌,안전운전불이행,건조,흐림,단일로 - 기타,승용,남,62세,상해없음,승용,남,30세,경상
2016120900100620,2016년 12월 9일 21시,금요일,광주광역시 광산구 월곡동,경상사고,0,0,1,0,차대차 - 기타,신호위반,건조,맑음,교차로 - 교차로안,기타불명,기타불명,기타불명,기타불명,이륜,남,27세,경상
2016120900100680,2016년 12월 9일 23시,금요일,광주광역시 동구 학동,경상사고,0,0,1,0,차대차 - 추돌,안전운전불이행,건조,맑음,단일로 - 기타,승용,남,24세,상해없음,승용,여,45세,경상
2016120900100681,2016년 12월 9일 23시,금요일,광주광역시 동구 호남동,경상사고,0,0,3,0,차대차 - 측면직각충돌,안전거리미확보,건조,맑음,교차로 - 교차로부근,승용,남,20세,상해없음,승용,남,30세,경상
2016121000100038,2016년 12월 10일 01시,토요일,광주광역시 서구 내방동,경상사고,0,0,1,0,차대차 - 추돌,안전운전불이행,건조,맑음,단일로 - 기타,승용,남,49세,상해없음,승용,남,16세,경상
2016121000100039,2016년 12월 10일 01시,토요일,광주광역시 서구 유촌동,부상신고사고,0,0,0,1,차대사람 - 길가장자리구역통행중,안전운전불이행,건조,맑음,단일로 - 횡단보도상,승용,기타불명,기타불명,기타불명,보행자,남,25세,부상신고
2016121000100068,2016년 12월 10일 04시,토요일,광주광역시 서구 화정동,경상사고,0,0,1,0,차대차 - 기타,신호위반,건조,맑음,교차로 - 교차로안,승용,남,27세,경상,승용,남,34세,상해없음
2016121000100069,2016년 12월 10일 04시,토요일,광주광역시 북구 두암동,경상사고,0,0,1,0,차대차 - 측면직각충돌,안전운전불이행,건조,맑음,단일로 - 기타,승용,남,61세,상해없음,화물,남,74세,경상
2016121000100070,2016년 12월 10일 04시,토요일,광주광역시 광산구 우산동,경상사고,0,0,1,0,차량단독 - 공작물충돌,안전운전불이행,건조,맑음,단일로 - 기타,승용,남,27세,경상,,,,
2016121000100083,2016년 12월 10일 05시,토요일,광주광역시 북구 용두동,경상사고,0,0,2,0,차대차 - 측면직각충돌,안전거리미확보,건조,맑음,단일로 - 기타,건설기계,남,57세,상해없음,승용,남,62세,경상
2016121000100203,2016년 12월 10일 10시,토요일,광주광역시 서구 치평동,경상사고,0,0,1,0,차대사람 - 기타,안전운전불이행,건조,맑음,단일로 - 기타,기타불명,기타불명,기타불명,기타불명,보행자,남,25세,경상
2016121000100204,2016년 12월 10일 10시,토요일,광주광역시 북구 신안동,중상사고,0,1,0,0,차대차 - 측면충돌,중앙선침범,건조,맑음,단일로 - 기타,승용,남,41세,상해없음,이륜,남,57세,중상
2016121000100231,2016년 12월 10일 11시,토요일,광주광역시 서구 쌍촌동,부상신고사고,0,0,0,1,차대차 - 기타,안전운전불이행,건조,맑음,단일로 - 기타,승용,남,55세,부상신고,기타불명,기타불명,기타불명,기타불명
2016121000100260,2016년 12월 10일 12시,토요일,광주광역시 동구 대인동,경상사고,0,0,2,0,차대차 - 측면직각충돌,차로위반,건조,맑음,교차로 - 교차로부근,승용,남,83세,경상,승용,여,52세,경상
2016121000100295,2016년 12월 10일 13시,토요일,광주광역시 동구 산수동,중상사고,0,1,0,0,차대차 - 측면직각충돌,신호위반,건조,맑음,단일로 - 횡단보도상,승합,남,56세,상해없음,자전거,남,77세,중상
2016121000100296,2016년 12월 10일 13시,토요일,광주광역시 서구 쌍촌동,중상사고,0,1,0,0,차량단독 - 기타,기타,건조,맑음,교차로 - 교차로부근,승합,남,53세,상해없음,,,,
2016121000100330,2016년 12월 10일 14시,토요일,광주광역시 서구 매월동,경상사고,0,0,1,0,차대사람 - 길가장자리구역통행중,안전운전불이행,건조,맑음,단일로 - 기타,승용,여,53세,상해없음,보행자,여,75세,경상
2016121000100331,2016년 12월 10일 14시,토요일,광주광역시 북구 용전동,중상사고,0,3,3,0,차대차 - 측면충돌,안전운전불이행,건조,맑음,교차로 - 교차로안,승용,남,67세,경상,승용,여,57세,중상
2016121000100367,2016년 12월 10일 15시,토요일,광주광역시 북구 문흥동,중상사고,0,1,0,0,차대사람 - 횡단중,안전운전불이행,건조,맑음,단일로 - 기타,승용,여,40세,상해없음,보행자,남,80세,중상
2016121000100402,2016년 12월 10일 16시,토요일,광주광역시 서구 마륵동,경상사고,0,0,1,0,차대차 - 추돌,안전운전불이행,건조,맑음,교차로 - 교차로부근,승용,여,45세,상해없음,승용,남,45세,경상
2016121000100403,2016년 12월 10일 16시,토요일,광주광역시 광산구 송정동,경상사고,0,0,1,0,차대사람 - 횡단중,보행자보호의무위반,건조,맑음,교차로 - 교차로부근,승용,남,39세,상해없음,보행자,여,65세,경상
2016121000100434,2016년 12월 10일 17시,토요일,광주광역시 북구 용봉동,경상사고,0,0,1,0,차대차 - 기타,중앙선침범,건조,맑음,단일로 - 기타,승용,남,35세,상해없음,이륜,남,40세,경상
2016121000100435,2016년 12월 10일 17시,토요일,광주광역시 광산구 송정동,경상사고,0,0,1,0,차대사람 - 횡단중,보행자보호의무위반,건조,맑음,단일로 - 횡단보도상,승용,남,33세,상해없음,보행자,여,72세,경상
2016121000100487,2016년 12월 10일 18시,토요일,광주광역시 광산구 수완동,경상사고,0,0,2,0,차대차 - 추돌,안전운전불이행,건조,맑음,단일로 - 기타,승용,남,26세,상해없음,승용,남,57세,경상
2016121000100488,2016년 12월 10일 18시,토요일,광주광역시 광산구 산정동,경상사고,0,0,1,0,차대차 - 측면충돌,신호위반,건조,맑음,교차로 - 교차로안,승용,남,56세,상해없음,승용,남,28세,경상
2016121000100585,2016년 12월 10일 21시,토요일,광주광역시 북구 중흥동,경상사고,0,0,1,0,차대차 - 정면충돌,안전운전불이행,건조,맑음,단일로 - 기타,승용,남,32세,상해없음,승용,남,44세,경상
2016121000100616,2016년 12월 10일 22시,토요일,광주광역시 서구 금호동,경상사고,0,0,3,0,차대차 - 추돌,안전운전불이행,건조,맑음,단일로 - 기타,승용,남,59세,상해없음,승용,남,31세,경상
2016121000100617,2016년 12월 10일 22시,토요일,광주광역시 광산구 수완동,경상사고,0,0,2,0,차대차 - 추돌,안전운전불이행,건조,맑음,단일로 - 기타,승용,남,33세,경상,승용,남,41세,상해없음
2016121100100085,2016년 12월 11일 05시,일요일,광주광역시 북구 운암동,경상사고,0,0,4,0,차대차 - 측면직각충돌,차로위반,건조,맑음,단일로 - 기타,승용,남,57세,상해없음,승용,남,25세,경상
2016121100100100,2016년 12월 11일 06시,일요일,광주광역시 서구 풍암동,경상사고,0,0,7,0,차대차 - 측면직각충돌,교차로운행방법위반,건조,맑음,교차로 - 교차로안,승용,남,20세,경상,승용,여,37세,경상
2016121100100220,2016년 12월 11일 12시,일요일,광주광역시 동구 학동,경상사고,0,0,2,0,차대차 - 측면직각충돌,신호위반,건조,맑음,교차로 - 교차로안,승용,남,26세,상해없음,승용,남,56세,경상
2016121100100238,2016년 12월 11일 13시,일요일,광주광역시 동구 학동,경상사고,0,0,1,0,차대사람 - 길가장자리구역통행중,안전운전불이행,건조,맑음,단일로 - 기타,승용,남,64세,상해없음,보행자,남,50세,경상
2016121100100269,2016년 12월 11일 14시,일요일,광주광역시 광산구 운수동,경상사고,0,0,1,0,차대차 - 정면충돌,차로위반,건조,맑음,교차로 - 교차로안,승용,남,29세,상해없음,승용,남,54세,경상
2016121100100318,2016년 12월 11일 16시,일요일,광주광역시 광산구 수완동,부상신고사고,0,0,0,1,차대차 - 기타,안전운전불이행,건조,맑음,교차로 - 교차로부근,승용,남,39세,상해없음,승용,남,39세,상해없음
2016121100100350,2016년 12월 11일 17시,일요일,광주광역시 북구 연제동,경상사고,0,0,1,0,차대사람 - 횡단중,안전운전불이행,건조,맑음,단일로 - 기타,화물,남,49세,상해없음,보행자,남,48세,경상
2016121100100351,2016년 12월 11일 17시,일요일,광주광역시 광산구 비아동,경상사고,0,0,2,0,차대차 - 추돌,안전거리미확보,건조,맑음,교차로 - 교차로부근,승용,여,54세,상해없음,승용,남,44세,경상
2016121100100388,2016년 12월 11일 18시,일요일,광주광역시 북구 신용동,중상사고,0,1,0,0,차대차 - 측면충돌,차로위반,건조,맑음,교차로 - 교차로부근,승용,남,49세,상해없음,이륜,남,22세,중상
2016121100100389,2016년 12월 11일 18시,일요일,광주광역시 광산구 월곡동,경상사고,0,0,1,0,차대차 - 측면직각충돌,신호위반,건조,흐림,교차로 - 교차로안,승용,남,57세,상해없음,원동기,남,26세,경상
2016121100100422,2016년 12월 11일 19시,일요일,광주광역시 광산구 우산동,경상사고,0,0,2,0,차대차 - 추돌,안전운전불이행,건조,맑음,교차로 - 교차로부근,승용,남,67세,상해없음,승용,남,46세,상해없음
2016121200100015,2016년 12월 12일 01시,월요일,광주광역시 북구 용봉동,경상사고,0,0,2,0,차대사람 - 횡단중,안전운전불이행,건조,맑음,교차로 - 교차로안,승용,남,25세,상해없음,보행자,남,28세,경상
2016121200100034,2016년 12월 12일 05시,월요일,광주광역시 서구 농성동,부상신고사고,0,0,0,1,차대사람 - 횡단중,안전운전불이행,건조,맑음,교차로 - 교차로안,기타불명,기타불명,기타불명,기타불명,보행자,여,77세,부상신고
2016121200100035,2016년 12월 12일 05시,월요일,광주광역시 북구 양산동,중상사고,0,1,0,0,차량단독 - 공작물충돌,안전운전불이행,건조,맑음,단일로 - 기타,화물,남,67세,상해없음,,,,
2016121200100084,2016년 12월 12일 07시,월요일,광주광역시 북구 운암동,중상사고,0,1,0,0,차대사람 - 횡단중,신호위반,건조,맑음,교차로 - 교차로안,승용,남,68세,상해없음,보행자,여,61세,중상
2016121200100085,2016년 12월 12일 07시,월요일,광주광역시 광산구 산월동,경상사고,0,0,1,0,차대사람 - 횡단중,보행자보호의무위반,건조,맑음,단일로 - 횡단보도상,승용,여,35세,상해없음,보행자,남,15세,경상
2016121200100117,2016년 12월 12일 08시,월요일,광주광역시 서구 풍암동,중상사고,0,1,0,0,차대사람 - 횡단중,안전운전불이행,건조,맑음,교차로 - 교차로안,승용,여,40세,상해없음,보행자,남,48세,중상
2016121200100118,2016년 12월 12일 08시,월요일,광주광역시 남구 주월동,중상사고,0,1,0,0,차대사람 - 횡단중,안전운전불이행,건조,맑음,교차로 - 교차로부근,승용,여,35세,상해없음,보행자,남,76세,중상
2016121200100119,2016년 12월 12일 08시,월요일,광주광역시 남구 주월동,경상사고,0,0,1,0,차대차 - 측면직각충돌,교차로운행방법위반,건조,맑음,교차로 - 교차로안,기타불명,기타불명,기타불명,기타불명,승용,여,55세,경상
2016121200100120,2016년 12월 12일 08시,월요일,광주광역시 북구 동림동,경상사고,0,0,1,0,차대차 - 측면직각충돌,안전운전불이행,건조,맑음,단일로 - 기타,승용,여,20세,상해없음,승합,남,62세,경상
2016121200100143,2016년 12월 12일 09시,월요일,광주광역시 서구 광천동,경상사고,0,0,1,0,차대차 - 기타,안전운전불이행,건조,맑음,교차로 - 교차로부근,승용,여,44세,상해없음,승용,여,37세,경상
2016121200100167,2016년 12월 12일 10시,월요일,광주광역시 서구 서창동,중상사고,0,1,0,0,차대사람 - 차도통행중,안전운전불이행,건조,맑음,교차로 - 교차로안,승용,여,33세,상해없음,보행자,남,77세,중상
2016121200100168,2016년 12월 12일 10시,월요일,광주광역시 광산구 월곡동,경상사고,0,0,1,0,차대차 - 기타,안전운전불이행,건조,맑음,교차로 - 교차로안,승용,남,61세,상해없음,승용,남,54세,상해없음
2016121200100197,2016년 12월 12일 11시,월요일,광주광역시 남구 양림동,경상사고,0,0,1,0,차대사람 - 차도통행중,안전운전불이행,건조,맑음,단일로 - 기타,승합,남,54세,상해없음,보행자,남,58세,경상
2016121200100198,2016년 12월 12일 11시,월요일,광주광역시 북구 용봉동,경상사고,0,0,2,0,차대차 - 추돌,안전운전불이행,건조,맑음,교차로 - 교차로부근,승용,남,53세,상해없음,승용,남,61세,경상
2016121200100253,2016년 12월 12일 13시,월요일,광주광역시 동구 학동,경상사고,0,0,1,0,차대차 - 측면충돌,안전거리미확보,건조,맑음,단일로 - 기타,승용,남,35세,상해없음,이륜,남,38세,경상
2016121200100338,2016년 12월 12일 16시,월요일,광주광역시 서구 치평동,경상사고,0,0,3,0,차대차 - 측면직각충돌,신호위반,습기,비,교차로 - 교차로안,승합,남,57세,상해없음,승용,남,35세,경상
2016121200100376,2016년 12월 12일 17시,월요일,광주광역시 동구 학동,경상사고,0,0,1,0,차대차 - 기타,안전운전불이행,습기,비,단일로 - 기타,화물,남,81세,상해없음,이륜,남,26세,경상
2016121200100377,2016년 12월 12일 17시,월요일,광주광역시 동구 대인동,중상사고,0,1,0,0,차대차 - 측면충돌,신호위반,건조,맑음,교차로 - 교차로안,자전거,남,84세,중상,승용,남,59세,상해없음
2016121200100378,2016년 12월 12일 17시,월요일,광주광역시 광산구 우산동,경상사고,0,0,1,0,차대차 - 기타,안전운전불이행,건조,맑음,교차로 - 교차로부근,승합,남,46세,상해없음,이륜,남,47세,경상
2016121200100551,2016년 12월 12일 23시,월요일,광주광역시 광산구 소촌동,경상사고,0,0,1,0,차대차 - 추돌,안전운전불이행,습기,흐림,단일로 - 기타,승용,남,48세,상해없음,이륜,남,17세,경상
2016121300100011,2016년 12월 13일 00시,화요일,광주광역시 광산구 산정동,경상사고,0,0,2,0,차대차 - 측면충돌,직진우회전진행방해,건조,맑음,교차로 - 교차로안,승용,여,31세,경상,승용,남,36세,경상
2016121300100037,2016년 12월 13일 04시,화요일,광주광역시 서구 매월동,중상사고,0,1,0,0,차대사람 - 길가장자리구역통행중,안전운전불이행,건조,맑음,단일로 - 기타,기타불명,기타불명,기타불명,기타불명,보행자,여,72세,중상
2016121300100038,2016년 12월 13일 04시,화요일,광주광역시 남구 양림동,경상사고,0,0,1,0,차대사람 - 횡단중,안전운전불이행,건조,맑음,교차로 - 교차로안,화물,남,47세,상해없음,보행자,여,77세,경상
2016121300100039,2016년 12월 13일 04시,화요일,광주광역시 광산구 월곡동,경상사고,0,0,2,0,차대차 - 추돌,안전거리미확보,건조,맑음,단일로 - 기타,승용,남,48세,상해없음,승용,남,61세,경상
2016121300100064,2016년 12월 13일 06시,화요일,광주광역시 동구 소태동,중상사고,0,1,0,0,차대차 - 기타,안전거리미확보,건조,맑음,단일로 - 기타,화물,남,51세,상해없음,승용,여,44세,중상
2016121300100065,2016년 12월 13일 06시,화요일,광주광역시 북구 운암동,경상사고,0,0,2,0,차대차 - 추돌,안전운전불이행,건조,맑음,교차로 - 교차로안,승용,남,29세,상해없음,승용,남,66세,경상
2016121300100097,2016년 12월 13일 07시,화요일,광주광역시 남구 방림동,경상사고,0,0,1,0,차대차 - 기타,안전거리미확보,건조,맑음,단일로 - 기타,승용,여,28세,상해없음,승용,남,37세,경상
2016121300100098,2016년 12월 13일 07시,화요일,광주광역시 남구 월산동,중상사고,0,1,0,0,차대사람 - 횡단중,안전운전불이행,건조,맑음,교차로 - 교차로안,승용,여,53세,상해없음,보행자,남,80세,중상
2016121300100267,2016년 12월 13일 13시,화요일,광주광역시 북구 용봉동,경상사고,0,0,1,0,차대차 - 측면직각충돌,안전운전불이행,건조,맑음,기타 - 기타,화물,남,56세,상해없음,승용,남,59세,경상
2016121300100455,2016년 12월 13일 18시,화요일,광주광역시 북구 용봉동,경상사고,0,0,1,0,차대차 - 측면충돌,안전운전불이행,건조,흐림,교차로 - 교차로안,승용,남,32세,상해없음,이륜,남,37세,경상
2016121300100456,2016년 12월 13일 18시,화요일,광주광역시 광산구 복룡동,경상사고,0,0,1,0,차대차 - 추돌,안전운전불이행,건조,맑음,교차로 - 교차로부근,승용,남,24세,상해없음,승용,남,46세,경상
2016121300100495,2016년 12월 13일 19시,화요일,광주광역시 동구 대인동,중상사고,0,2,1,0,차대차 - 정면충돌,신호위반,건조,맑음,교차로 - 교차로안,승용,남,62세,경상,승용,여,30세,중상
2016121300100549,2016년 12월 13일 21시,화요일,광주광역시 광산구 송정동,경상사고,0,0,1,0,차대차 - 추돌,교차로운행방법위반,건조,맑음,교차로 - 교차로안,승용,남,35세,상해없음,승용,여,46세,경상
2016121300100570,2016년 12월 13일 22시,화요일,광주광역시 북구 장등동,경상사고,0,0,1,0,차대차 - 추돌,안전거리미확보,건조,맑음,단일로 - 기타,승용,남,46세,상해없음,승용,남,33세,경상
2016121300100576,2016년 12월 13일 22시,화요일,광주광역시 동구 월남동,경상사고,0,0,2,0,차대차 - 추돌,안전운전불이행,건조,맑음,교차로 - 교차로부근,승용,여,34세,상해없음,승용,남,56세,경상
2016121400100023,2016년 12월 14일 01시,수요일,광주광역시 서구 풍암동,경상사고,0,0,1,0,차대차 - 측면직각충돌,신호위반,건조,흐림,교차로 - 교차로안,승용,남,27세,상해없음,승용,여,40세,경상
2016121400100045,2016년 12월 14일 04시,수요일,광주광역시 북구 동림동,경상사고,0,0,1,0,차대차 - 기타,안전운전불이행,건조,흐림,교차로 - 교차로부근,승용,남,57세,경상,승합,남,46세,상해없음
2016121400100072,2016년 12월 14일 06시,수요일,광주광역시 서구 쌍촌동,부상신고사고,0,0,0,1,차대차 - 측면직각충돌,안전운전불이행,건조,맑음,단일로 - 기타,기타불명,기타불명,기타불명,기타불명,승용,남,50세,부상신고
2016121400100073,2016년 12월 14일 06시,수요일,광주광역시 광산구 비아동,사망사고,1,0,0,0,차대차 - 측면직각충돌,중앙선침범,건조,맑음,단일로 - 기타,화물,남,51세,상해없음,승용,남,45세,사망
2016121400100091,2016년 12월 14일 07시,수요일,광주광역시 남구 월산동,경상사고,0,0,2,0,차대차 - 기타,불법유턴,건조,맑음,교차로 - 교차로부근,승용,남,38세,기타불명,승용,여,39세,경상