사고번호,사고일시,요일,시군구,사고내용,사망자수,중상자수,경상자수,부상신고자수,사고유형,법규위반,노면상태,기상상태,도로형태,가해운전자 차종,가해운전자 성별,가해운전자 연령,가해운전자 상해정도,피해운전자 차종,피해운전자 성별,피해운전자 연령,피해운전자 상해정도
2016121400100092,2016년 12월 14일 07시,수요일,광주광역시 북구 양산동,경상사고,0,0,1,0,차대차 - 측면충돌,신호위반,건조,맑음,교차로 - 교차로안,승용,여,24세,상해없음,승용,남,61세,경상
2016121400100121,2016년 12월 14일 08시,수요일,광주광역시 광산구 송정동,중상사고,0,1,0,0,차대사람 - 보도통행중,기타,건조,맑음,교차로 - 교차로부근,승용,남,29세,상해없음,보행자,남,20세,중상
2016121400100144,2016년 12월 14일 09시,수요일,광주광역시 남구 봉선동,중상사고,0,1,0,0,차대사람 - 길가장자리구역통행중,안전운전불이행,건조,맑음,단일로 - 기타,승용,여,27세,상해없음,보행자,여,73세,중상
2016121400100169,2016년 12월 14일 10시,수요일,광주광역시 광산구 월계동,경상사고,0,0,1,0,차대차 - 측면직각충돌,안전운전불이행,건조,맑음,교차로 - 교차로부근,화물,남,28세,상해없음,승용,남,23세,경상
2016121400100231,2016년 12월 14일 12시,수요일,광주광역시 광산구 신창동,경상사고,0,0,1,0,차대차 - 추돌,안전거리미확보,건조,맑음,교차로 - 교차로부근,승용,남,39세,상해없음,승용,여,48세,경상
2016121400100248,2016년 12월 14일 13시,수요일,광주광역시 동구 산수동,경상사고,0,0,2,0,차대차 - 정면충돌,안전운전불이행,건조,맑음,단일로 - 기타,승용,남,57세,상해없음,승합,남,46세,경상
2016121400100368,2016년 12월 14일 17시,수요일,광주광역시 남구 봉선동,중상사고,0,1,0,0,차대사람 - 횡단중,안전운전불이행,건조,맑음,단일로 - 기타,승용,여,47세,상해없음,보행자,여,90세 이상,중상
2016121400100369,2016년 12월 14일 17시,수요일,광주광역시 북구 본촌동,경상사고,0,0,3,0,차대차 - 측면직각충돌,안전운전불이행,건조,맑음,교차로 - 교차로안,승용,여,68세,경상,승용,여,63세,경상
2016121400100462,2016년 12월 14일 20시,수요일,광주광역시 서구 치평동,경상사고,0,0,2,0,차대차 - 추돌,안전거리미확보,건조,맑음,단일로 - 기타,승합,남,37세,경상,승용,남,29세,경상
2016121400100463,2016년 12월 14일 20시,수요일,광주광역시 광산구 신촌동,중상사고,0,3,3,0,차대차 - 추돌,안전운전불이행,건조,맑음,단일로 - 기타,승용,남,46세,상해없음,승용,남,36세,경상
2016121400100512,2016년 12월 14일 22시,수요일,광주광역시 북구 용봉동,경상사고,0,0,1,0,차대사람 - 횡단중,안전운전불이행,건조,맑음,단일로 - 기타,승용,남,34세,상해없음,보행자,남,17세,경상
2016121400100513,2016년 12월 14일 22시,수요일,광주광역시 광산구 신창동,중상사고,0,1,1,0,차대차 - 정면충돌,중앙선침범,건조,맑음,단일로 - 기타,승용,남,24세,상해없음,승용,여,21세,중상
2016121400100537,2016년 12월 14일 23시,수요일,광주광역시 서구 농성동,경상사고,0,0,3,0,차대차 - 정면충돌,신호위반,건조,흐림,단일로 - 기타,승용,남,31세,경상,승용,남,54세,경상
2016121400100538,2016년 12월 14일 23시,수요일,광주광역시 북구 운암동,경상사고,0,0,2,0,차대차 - 추돌,안전운전불이행,건조,맑음,교차로 - 교차로부근,승용,남,22세,상해없음,화물,남,48세,경상
2016121500100011,2016년 12월 15일 00시,목요일,광주광역시 남구 양림동,경상사고,0,0,2,0,차대차 - 측면충돌,교차로운행방법위반,건조,맑음,교차로 - 교차로안,승용,남,30세,상해없음,승용,남,41세,경상
2016121500100036,2016년 12월 15일 02시,목요일,광주광역시 북구 문흥동,경상사고,0,0,1,0,차대차 - 정면충돌,안전운전불이행,건조,맑음,단일로 - 기타,승용,남,24세,상해없음,이륜,남,33세,경상
2016121500100046,2016년 12월 15일 03시,목요일,광주광역시 북구 운암동,경상사고,0,0,2,0,차대차 - 측면충돌,신호위반,건조,맑음,교차로 - 교차로안,승용,남,18세,상해없음,승용,남,63세,경상
2016121500100047,2016년 12월 15일 03시,목요일,광주광역시 북구 신안동,경상사고,0,0,1,0,차량단독 - 기타,안전운전불이행,건조,맑음,단일로 - 기타,원동기,남,17세,상해없음,,,,
2016121500100077,2016년 12월 15일 06시,목요일,광주광역시 남구 월산동,사망사고,1,0,0,0,차대사람 - 횡단중,안전운전불이행,건조,흐림,교차로 - 교차로부근,화물,남,36세,상해없음,보행자,남,80세,사망
2016121500100078,2016년 12월 15일 06시,목요일,광주광역시 북구 운암동,사망사고,1,0,3,0,차대차 - 추돌,안전운전불이행,건조,흐림,단일로 - 기타,승용,남,21세,상해없음,화물,남,58세,경상
2016121500100102,2016년 12월 15일 07시,목요일,광주광역시 광산구 쌍암동,경상사고,0,0,1,0,차대차 - 측면충돌,안전거리미확보,건조,맑음,단일로 - 기타,승합,남,60세,상해없음,승용,남,47세,경상
2016121500100135,2016년 12월 15일 08시,목요일,광주광역시 남구 송하동,경상사고,0,0,1,0,차대차 - 측면직각충돌,중앙선침범,건조,맑음,단일로 - 기타,화물,남,43세,상해없음,승용,여,27세,경상
2016121500100136,2016년 12월 15일 08시,목요일,광주광역시 북구 오치동,경상사고,0,0,1,0,차대사람 - 횡단중,안전운전불이행,건조,맑음,단일로 - 기타,승용,남,30세,상해없음,보행자,남,9세,경상
2016121500100214,2016년 12월 15일 10시,목요일,광주광역시 북구 두암동,경상사고,0,0,2,0,차대차 - 측면충돌,안전운전불이행,건조,맑음,교차로 - 교차로안,승용,남,25세,상해없음,승용,남,50세,경상
2016121500100249,2016년 12월 15일 11시,목요일,광주광역시 북구 양산동,경상사고,0,0,2,0,차대차 - 추돌,안전운전불이행,습기,흐림,단일로 - 기타,승용,남,53세,상해없음,승용,여,55세,경상
2016121500100304,2016년 12월 15일 13시,목요일,광주광역시 동구 학동,경상사고,0,0,2,0,차대차 - 추돌,안전거리미확보,건조,맑음,단일로 - 기타,승용,여,39세,상해없음,승용,여,41세,경상
2016121500100330,2016년 12월 15일 14시,목요일,광주광역시 서구 풍암동,경상사고,0,0,2,0,차대차 - 측면직각충돌,안전거리미확보,건조,맑음,단일로 - 기타,승용,남,28세,상해없음,승용,여,56세,경상
2016121500100331,2016년 12월 15일 14시,목요일,광주광역시 남구 행암동,경상사고,0,0,3,0,차대차 - 측면직각충돌,교차로운행방법위반,건조,맑음,교차로 - 교차로안,승용,여,54세,경상,승용,남,41세,경상
2016121500100364,2016년 12월 15일 15시,목요일,광주광역시 광산구 신가동,경상사고,0,0,1,0,차대차 - 기타,불법유턴,건조,맑음,교차로 - 교차로안,승용,여,60세,기타불명,승용,여,33세,경상
2016121500100430,2016년 12월 15일 17시,목요일,광주광역시 북구 매곡동,경상사고,0,0,1,0,차대차 - 추돌,안전운전불이행,습기,눈,단일로 - 기타,승용,남,32세,기타불명,승용,여,43세,경상
2016121500100431,2016년 12월 15일 17시,목요일,광주광역시 광산구 우산동,경상사고,0,0,1,0,차대차 - 측면충돌,신호위반,습기,눈,교차로 - 교차로안,승용,여,27세,상해없음,이륜,남,34세,경상
2016121500100484,2016년 12월 15일 18시,목요일,광주광역시 광산구 월전동,경상사고,0,0,1,0,차대차 - 추돌,안전운전불이행,습기,눈,교차로 - 교차로부근,승용,남,34세,상해없음,승용,남,50세,경상
2016121500100522,2016년 12월 15일 19시,목요일,광주광역시 남구 주월동,부상신고사고,0,0,0,1,차대사람 - 횡단중,보행자보호의무위반,습기,눈,교차로 - 교차로부근,기타불명,기타불명,기타불명,기타불명,보행자,여,18세,부상신고
2016121500100523,2016년 12월 15일 19시,목요일,광주광역시 광산구 수완동,경상사고,0,0,2,0,차대차 - 정면충돌,안전운전불이행,습기,눈,기타 - 기타,승용,남,17세,상해없음,승용,여,46세,경상
2016121500100546,2016년 12월 15일 20시,목요일,광주광역시 광산구 지죽동,중상사고,0,1,0,0,차량단독 - 전도전복,안전운전불이행,결빙,눈,단일로 - 기타,화물,남,34세,중상,,,,
2016121500100606,2016년 12월 15일 22시,목요일,광주광역시 서구 매월동,경상사고,0,0,1,0,차대차 - 추돌,안전거리미확보,습기,흐림,단일로 - 기타,승용,남,43세,상해없음,승용,여,48세,경상
2016121500100636,2016년 12월 15일 23시,목요일,광주광역시 북구 용봉동,경상사고,0,0,3,0,차대차 - 측면충돌,교차로운행방법위반,건조,맑음,교차로 - 교차로안,승용,남,25세,경상,승용,남,54세,경상
2016121600100015,2016년 12월 16일 00시,금요일,광주광역시 서구 쌍촌동,경상사고,0,0,2,0,차대차 - 측면직각충돌,안전운전불이행,습기,흐림,단일로 - 기타,승용,여,24세,상해없음,승용,남,59세,경상
2016121600100030,2016년 12월 16일 01시,금요일,광주광역시 서구 치평동,중상사고,0,1,3,0,차대차 - 측면직각충돌,신호위반,건조,맑음,교차로 - 교차로안,승용,남,51세,상해없음,승용,남,29세,경상
2016121600100045,2016년 12월 16일 02시,금요일,광주광역시 서구 풍암동,중상사고,0,1,1,0,차대차 - 측면직각충돌,신호위반,건조,맑음,교차로 - 교차로안,승용,남,38세,상해없음,승용,남,49세,중상
2016121600100046,2016년 12월 16일 02시,금요일,광주광역시 북구 중흥동,경상사고,0,0,1,0,차대차 - 측면충돌,안전운전불이행,건조,맑음,교차로 - 교차로안,승용,남,45세,상해없음,승용,남,26세,경상
2016121600100090,2016년 12월 16일 06시,금요일,광주광역시 동구 수기동,경상사고,0,0,1,0,차대차 - 측면직각충돌,신호위반,건조,흐림,교차로 - 교차로안,승용,남,26세,상해없음,화물,남,67세,경상
2016121600100091,2016년 12월 16일 06시,금요일,광주광역시 북구 두암동,경상사고,0,0,1,0,차대차 - 측면충돌,안전운전불이행,건조,맑음,단일로 - 기타,화물,남,50세,상해없음,이륜,남,68세,경상
2016121600100160,2016년 12월 16일 08시,금요일,광주광역시 광산구 산정동,경상사고,0,0,1,0,차대차 - 측면충돌,안전운전불이행,건조,맑음,단일로 - 기타,화물,남,34세,상해없음,승용,여,37세,경상
2016121600100188,2016년 12월 16일 09시,금요일,광주광역시 동구 선교동,경상사고,0,0,2,0,차대차 - 기타,안전거리미확보,건조,맑음,단일로 - 기타,건설기계,남,56세,상해없음,승용,남,56세,경상
2016121600100219,2016년 12월 16일 10시,금요일,광주광역시 서구 치평동,경상사고,0,0,1,0,차대차 - 기타,안전운전불이행,건조,맑음,교차로 - 교차로안,승용,여,33세,상해없음,이륜,남,64세,경상
2016121600100314,2016년 12월 16일 13시,금요일,광주광역시 동구 지산동,중상사고,0,1,0,0,차대사람 - 횡단중,안전운전불이행,건조,맑음,단일로 - 기타,화물,남,52세,상해없음,보행자,여,70세,중상
2016121600100315,2016년 12월 16일 13시,금요일,광주광역시 남구 지석동,경상사고,0,0,1,0,차대차 - 측면직각충돌,안전운전불이행,건조,맑음,단일로 - 기타,승용,남,61세,상해없음,승용,여,46세,경상
2016121600100358,2016년 12월 16일 14시,금요일,광주광역시 광산구 신가동,중상사고,0,1,0,0,차대사람 - 횡단중,보행자보호의무위반,건조,흐림,교차로 - 교차로부근,승합,남,62세,상해없음,보행자,여,79세,중상
2016121600100437,2016년 12월 16일 16시,금요일,광주광역시 서구 치평동,경상사고,0,0,1,0,차대차 - 측면직각충돌,교차로운행방법위반,건조,맑음,교차로 - 교차로부근,승용,남,40세,상해없음,승용,여,32세,경상
2016121600100483,2016년 12월 16일 17시,금요일,광주광역시 광산구 신가동,경상사고,0,0,1,0,차대차 - 추돌,안전운전불이행,건조,맑음,단일로 - 기타,원동기,남,16세,경상,승용,남,35세,상해없음
2016121600100527,2016년 12월 16일 18시,금요일,광주광역시 서구 치평동,중상사고,0,1,0,0,차대차 - 측면직각충돌,안전거리미확보,건조,맑음,단일로 - 기타,승용,남,35세,상해없음,이륜,남,50세,중상
2016121600100528,2016년 12월 16일 18시,금요일,광주광역시 북구 운암동,중상사고,0,1,0,0,차량단독 - 기타,안전운전불이행,건조,맑음,단일로 - 기타,승합,남,54세,상해없음,,,,
2016121600100570,2016년 12월 16일 19시,금요일,광주광역시 서구 금호동,경상사고,0,0,1,0,차대차 - 기타,안전운전불이행,건조,맑음,교차로 - 교차로안,승용,여,52세,상해없음,자전거,남,43세,경상
2016121600100607,2016년 12월 16일 20시,금요일,광주광역시 광산구 월계동,사망사고,1,0,0,0,차대차 - 기타,안전운전불이행,건조,맑음,단일로 - 기타,승합,남,55세,상해없음,승용,남,51세,상해없음
2016121600100666,2016년 12월 16일 22시,금요일,광주광역시 광산구 월곡동,경상사고,0,0,2,0,차대차 - 측면충돌,중앙선침범,건조,맑음,교차로 - 교차로부근,승용,여,24세,상해없음,승용,남,21세,경상
2016121700100063,2016년 12월 17일 02시,토요일,광주광역시 서구 화정동,경상사고,0,0,1,0,차대차 - 정면충돌,안전운전불이행,건조,맑음,단일로 - 기타,승용,남,44세,상해없음,승용,남,36세,상해없음
2016121700100113,2016년 12월 17일 06시,토요일,광주광역시 남구 노대동,경상사고,0,0,3,0,차대차 - 측면직각충돌,안전거리미확보,건조,맑음,단일로 - 기타,승용,남,64세,경상,승용,남,38세,경상
2016121700100227,2016년 12월 17일 11시,토요일,광주광역시 서구 화정동,중상사고,0,1,0,0,차대차 - 측면직각충돌,교차로운행방법위반,건조,맑음,교차로 - 교차로부근,승용,남,61세,상해없음,이륜,남,61세,중상
2016121700100289,2016년 12월 17일 13시,토요일,광주광역시 광산구 월계동,경상사고,0,0,3,0,차대차 - 측면직각충돌,신호위반,건조,맑음,교차로 - 교차로안,승용,남,19세,경상,원동기,남,16세,경상
2016121700100321,2016년 12월 17일 14시,토요일,광주광역시 서구 덕흥동,경상사고,0,0,1,0,차대차 - 기타,안전운전불이행,건조,맑음,단일로 - 기타,승용,남,50세,기타불명,승용,남,29세,경상
2016121700100350,2016년 12월 17일 15시,토요일,광주광역시 북구 운암동,경상사고,0,0,2,0,차대차 - 추돌,안전거리미확보,건조,맑음,단일로 - 기타,승용,남,63세,상해없음,승용,남,31세,경상
2016121700100361,2016년 12월 17일 15시,토요일,광주광역시 남구 월산동,경상사고,0,0,1,0,차대사람 - 길가장자리구역통행중,안전운전불이행,건조,맑음,기타 - 기타,승용,남,64세,상해없음,보행자,여,60세,경상
2016121700100383,2016년 12월 17일 16시,토요일,광주광역시 서구 농성동,경상사고,0,0,1,0,차대차 - 추돌,안전운전불이행,건조,맑음,단일로 - 기타,승용,남,47세,상해없음,승용,여,58세,경상
2016121700100417,2016년 12월 17일 17시,토요일,광주광역시 광산구 수완동,경상사고,0,0,2,0,차대차 - 측면충돌,안전운전불이행,건조,맑음,교차로 - 교차로안,이륜,남,17세,경상,승용,남,39세,경상
2016121700100472,2016년 12월 17일 18시,토요일,광주광역시 남구 양림동,경상사고,0,0,1,0,차대사람 - 횡단중,보행자보호의무위반,건조,맑음,단일로 - 횡단보도상,승용,남,75세,상해없음,보행자,여,59세,경상
2016121700100473,2016년 12월 17일 18시,토요일,광주광역시 북구 오룡동,경상사고,0,0,2,0,차대차 - 측면직각충돌,교차로운행방법위반,건조,맑음,교차로 - 교차로안,승용,여,29세,경상,승용,남,25세,경상
2016121700100474,2016년 12월 17일 18시,토요일,광주광역시 북구 중흥동,경상사고,0,0,1,0,차대차 - 정면충돌,안전운전불이행,건조,맑음,교차로 - 교차로부근,승용,남,34세,상해없음,승용,여,51세,경상
2016121700100475,2016년 12월 17일 18시,토요일,광주광역시 북구 장등동,경상사고,0,0,3,0,차대차 - 추돌,안전운전불이행,건조,맑음,단일로 - 기타,승용,남,65세,상해없음,승용,남,48세,경상
2016121700100571,2016년 12월 17일 20시,토요일,광주광역시 서구 양동,중상사고,0,1,0,0,차대사람 - 횡단중,안전운전불이행,건조,맑음,단일로 - 기타,승용,남,43세,상해없음,보행자,여,67세,중상
2016121700100604,2016년 12월 17일 21시,토요일,광주광역시 북구 두암동,중상사고,0,1,0,0,차대사람 - 횡단중,안전운전불이행,건조,맑음,단일로 - 기타,승용,남,59세,상해없음,보행자,여,15세,중상
2016121700100634,2016년 12월 17일 22시,토요일,광주광역시 서구 치평동,경상사고,0,0,1,0,차대차 - 추돌,안전거리미확보,건조,맑음,교차로 - 교차로부근,승용,남,51세,상해없음,승용,여,28세,경상
2016121700100635,2016년 12월 17일 22시,토요일,광주광역시 광산구 월곡동,경상사고,0,0,1,0,차대사람 - 횡단중,안전운전불이행,건조,맑음,교차로 - 교차로안,승용,남,34세,기타불명,보행자,남,45세,경상
2016121800100023,2016년 12월 18일 00시,일요일,광주광역시 서구 쌍촌동,중상사고,0,1,1,0,차대차 - 정면충돌,안전운전불이행,건조,기타,단일로 - 기타,승용,남,58세,상해없음,이륜,남,17세,경상
2016121800100024,2016년 12월 18일 00시,일요일,광주광역시 서구 치평동,경상사고,0,0,1,0,차대차 - 정면충돌,안전운전불이행,건조,맑음,단일로 - 기타,승용,여,44세,상해없음,승용,남,33세,경상
2016121800100025,2016년 12월 18일 00시,일요일,광주광역시 광산구 장덕동,경상사고,0,0,1,0,차대차 - 측면충돌,안전거리미확보,건조,맑음,단일로 - 기타,승용,남,60세,상해없음,원동기,남,38세,경상
2016121800100105,2016년 12월 18일 06시,일요일,광주광역시 서구 화정동,중상사고,0,1,0,0,차대차 - 정면충돌,신호위반,건조,맑음,교차로 - 교차로안,승용,남,54세,상해없음,승용,남,70세,상해없음
2016121800100133,2016년 12월 18일 08시,일요일,광주광역시 북구 일곡동,경상사고,0,0,1,0,차대차 - 측면충돌,안전운전불이행,건조,맑음,교차로 - 교차로안,승용,여,44세,상해없음,자전거,남,50세,경상
2016121800100147,2016년 12월 18일 09시,일요일,광주광역시 서구 치평동,경상사고,0,0,1,0,차대차 - 추돌,안전운전불이행,건조,맑음,교차로 - 교차로부근,승용,남,22세,상해없음,승용,여,26세,경상
2016121800100149,2016년 12월 18일 09시,일요일,광주광역시 북구 동림동,경상사고,0,0,2,1,차대차 - 기타,안전운전불이행,건조,맑음,단일로 - 기타,승용,남,70세,상해없음,승용,남,30세,경상
2016121800100164,2016년 12월 18일 10시,일요일,광주광역시 서구 금호동,중상사고,0,1,0,0,차대차 - 측면직각충돌,교차로운행방법위반,건조,맑음,교차로 - 교차로안,승용,여,47세,상해없음,승합,남,67세,상해없음
2016121800100165,2016년 12월 18일 10시,일요일,광주광역시 광산구 월계동,경상사고,0,0,1,1,차대차 - 기타,안전운전불이행,건조,맑음,단일로 - 기타,승용,남,42세,상해없음,승용,여,48세,경상
2016121800100214,2016년 12월 18일 13시,일요일,광주광역시 서구 치평동,경상사고,0,0,2,0,차대차 - 측면직각충돌,안전운전불이행,건조,맑음,단일로 - 기타,승용,남,30세,상해없음,승용,여,44세,경상
2016121800100234,2016년 12월 18일 14시,일요일,광주광역시 서구 유촌동,경상사고,0,0,2,0,차대차 - 추돌,안전운전불이행,건조,맑음,단일로 - 기타,승용,여,45세,상해없음,승용,남,22세,경상
2016121800100258,2016년 12월 18일 15시,일요일,광주광역시 서구 광천동,경상사고,0,0,2,0,차대사람 - 보도통행중,보행자보호의무위반,건조,맑음,교차로 - 교차로부근,승용,여,31세,상해없음,보행자,여,9세,경상
2016121800100259,2016년 12월 18일 15시,일요일,광주광역시 북구 삼각동,경상사고,0,0,1,0,차대차 - 측면충돌,안전운전불이행,건조,맑음,교차로 - 교차로안,승용,여,38세,상해없음,승용,남,64세,경상
2016121800100314,2016년 12월 18일 17시,일요일,광주광역시 동구 용산동,경상사고,0,0,1,0,차대차 - 측면충돌,신호위반,건조,맑음,기타 - 기타,이륜,남,59세,상해없음,승용,남,66세,경상
2016121800100315,2016년 12월 18일 17시,일요일,광주광역시 광산구 신가동,경상사고,0,0,2,1,차대차 - 측면직각충돌,교차로운행방법위반,건조,맑음,교차로 - 교차로안,승용,남,65세,부상신고,승용,남,58세,경상
2016121800100349,2016년 12월 18일 18시,일요일,광주광역시 서구 화정동,중상사고,0,1,0,0,차대차 - 측면직각충돌,안전운전불이행,건조,맑음,단일로 - 기타,승용,남,56세,상해없음,이륜,남,48세,중상
2016121800100435,2016년 12월 18일 21시,일요일,광주광역시 동구 금남로3가,경상사고,0,0,4,0,차대차 - 측면충돌,안전운전불이행,건조,맑음,교차로 - 교차로안,승용,남,47세,상해없음,승용,남,36세,상해없음
2016121900100018,2016년 12월 19일 01시,월요일,광주광역시 서구 쌍촌동,경상사고,0,0,1,0,차대차 - 측면직각충돌,안전운전불이행,습기,비,교차로 - 교차로안,승용,남,67세,상해없음,승용,남,47세,경상
2016121900100019,2016년 12월 19일 01시,월요일,광주광역시 서구 치평동,경상사고,0,0,1,0,차대차 - 측면직각충돌,안전운전불이행,습기,비,단일로 - 기타,승용,남,38세,상해없음,이륜,남,35세,경상
2016121900100020,2016년 12월 19일 01시,월요일,광주광역시 동구 계림동,경상사고,0,0,1,0,차대차 - 측면충돌,신호위반,습기,맑음,교차로 - 교차로안,승용,남,39세,상해없음,승용,남,26세,경상
2016121900100021,2016년 12월 19일 01시,월요일,광주광역시 광산구 장덕동,경상사고,0,0,2,0,차대차 - 추돌,안전운전불이행,건조,맑음,교차로 - 교차로부근,승용,남,76세,상해없음,승용,여,36세,경상
2016121900100033,2016년 12월 19일 03시,월요일,광주광역시 서구 치평동,경상사고,0,0,1,0,차대차 - 정면충돌,안전운전불이행,습기,비,단일로 - 기타,승용,남,24세,상해없음,승용,남,41세,경상
2016121900100061,2016년 12월 19일 05시,월요일,광주광역시 북구 양산동,사망사고,1,0,1,0,차량단독 - 전도전복,안전운전불이행,습기,비,단일로 - 기타,승용,남,63세,사망,,,,
2016121900100091,2016년 12월 19일 06시,월요일,광주광역시 북구 동림동,경상사고,0,0,2,0,차대차 - 추돌,안전운전불이행,습기,비,교차로 - 교차로부근,승용,남,30세,상해없음,승용,남,56세,경상
2016121900100121,2016년 12월 19일 07시,월요일,광주광역시 광산구 복룡동,경상사고,0,0,1,0,차대차 - 정면충돌,중앙선침범,습기,비,교차로 - 교차로부근,승용,남,51세,상해없음,승용,남,30세,경상
2016121900100153,2016년 12월 19일 08시,월요일,광주광역시 북구 운암동,경상사고,0,0,1,0,차대차 - 추돌,안전운전불이행,건조,맑음,단일로 - 기타,승합,남,43세,상해없음,승용,남,38세,경상
2016121900100185,2016년 12월 19일 09시,월요일,광주광역시 서구 화정동,중상사고,0,1,1,0,차대차 - 추돌,안전운전불이행,건조,맑음,교차로 - 교차로부근,승용,남,35세,상해없음,승용,여,48세,경상
2016121900100259,2016년 12월 19일 12시,월요일,광주광역시 서구 풍암동,경상사고,0,0,3,0,차대차 - 추돌,안전운전불이행,습기,맑음,단일로 - 기타,승용,남,22세,상해없음,승용,남,54세,경상
2016121900100260,2016년 12월 19일 12시,월요일,광주광역시 북구 유동,경상사고,0,0,1,0,차대사람 - 횡단중,안전운전불이행,건조,맑음,단일로 - 기타,승용,남,62세,상해없음,보행자,여,47세,경상
2016121900100284,2016년 12월 19일 13시,월요일,광주광역시 동구 충장로3가,중상사고,0,1,0,0,차대차 - 기타,안전운전불이행,습기,비,단일로 - 기타,이륜,남,27세,중상,승용,남,41세,상해없음
2016121900100285,2016년 12월 19일 13시,월요일,광주광역시 서구 농성동,경상사고,0,0,2,0,차대차 - 추돌,안전거리미확보,습기,흐림,교차로 - 교차로부근,원동기,남,69세,경상,승용,남,28세,상해없음
2016121900100386,2016년 12월 19일 16시,월요일,광주광역시 서구 풍암동,중상사고,0,1,0,0,차대사람 - 횡단중,안전운전불이행,습기,흐림,교차로 - 교차로안,승용,여,58세,상해없음,보행자,여,11세,중상
2016121900100519,2016년 12월 19일 19시,월요일,광주광역시 동구 금동,경상사고,0,0,1,0,차대사람 - 횡단중,신호위반,습기,비,교차로 - 교차로안,승용,남,46세,상해없음,보행자,여,23세,경상
2016121900100520,2016년 12월 19일 19시,월요일,광주광역시 서구 치평동,경상사고,0,0,1,0,차대차 - 기타,안전운전불이행,습기,비,교차로 - 교차로안,승용,남,33세,상해없음,원동기,남,23세,경상
2016121900100521,2016년 12월 19일 19시,월요일,광주광역시 서구 치평동,경상사고,0,0,1,0,차대차 - 기타,교차로운행방법위반,건조,맑음,교차로 - 교차로부근,승용,남,55세,상해없음,승용,남,28세,경상
2016121900100543,2016년 12월 19일 20시,월요일,광주광역시 북구 용봉동,경상사고,0,0,1,0,차대사람 - 횡단중,안전거리미확보,습기,흐림,단일로 - 기타,승용,남,60세,상해없음,보행자,여,57세,경상
2016122000100024,2016년 12월 20일 01시,화요일,광주광역시 서구 치평동,경상사고,0,0,2,0,차대차 - 측면충돌,교차로운행방법위반,건조,맑음,단일로 - 기타,승용,남,45세,상해없음,승용,남,33세,경상
2016122000100036,2016년 12월 20일 02시,화요일,광주광역시 동구 호남동,경상사고,0,0,6,0,차대차 - 측면직각충돌,안전거리미확보,습기,흐림,교차로 - 교차로부근,승용,남,24세,상해없음,승용,남,47세,경상
2016122000100037,2016년 12월 20일 02시,화요일,광주광역시 남구 송하동,경상사고,0,0,3,0,차대차 - 측면충돌,중앙선침범,습기,흐림,단일로 - 기타,승용,여,43세,상해없음,승용,남,63세,경상
2016122000100038,2016년 12월 20일 02시,화요일,광주광역시 광산구 운남동,경상사고,0,0,1,0,차대사람 - 횡단중,안전운전불이행,건조,맑음,교차로 - 교차로부근,화물,남,47세,상해없음,보행자,남,58세,경상
2016122000100045,2016년 12월 20일 03시,화요일,광주광역시 동구 산수동,경상사고,0,0,1,0,차대차 - 추돌,안전운전불이행,습기,비,교차로 - 교차로부근,승용,남,37세,상해없음,승용,남,50세,경상
2016122000100046,2016년 12월 20일 03시,화요일,광주광역시 남구 주월동,경상사고,0,0,2,0,차대차 - 측면충돌,신호위반,습기,비,교차로 - 교차로안,승용,남,46세,상해없음,화물,남,29세,경상
2016122000100111,2016년 12월 20일 07시,화요일,광주광역시 광산구 산정동,경상사고,0,0,2,0,차대차 - 측면직각충돌,신호위반,건조,맑음,교차로 - 교차로안,승용,남,38세,상해없음,승용,남,50세,경상
2016122000100409,2016년 12월 20일 16시,화요일,광주광역시 동구 금남로5가,경상사고,0,0,1,0,차대사람 - 기타,기타,기타,맑음,단일로 - 횡단보도상,승합,남,56세,상해없음,보행자,여,71세,경상
2016122000100410,2016년 12월 20일 16시,화요일,광주광역시 서구 화정동,경상사고,0,0,1,0,차대차 - 추돌,안전거리미확보,건조,맑음,교차로 - 교차로부근,승용,남,61세,상해없음,승용,남,64세,경상
2016122000100411,2016년 12월 20일 16시,화요일,광주광역시 북구 문흥동,경상사고,0,0,1,0,차대사람 - 횡단중,안전운전불이행,건조,맑음,교차로 - 교차로안,승용,남,59세,상해없음,보행자,남,13세,경상
2016122000100412,2016년 12월 20일 16시,화요일,광주광역시 북구 동림동,중상사고,0,1,2,0,차대차 - 측면충돌,안전운전불이행,건조,맑음,단일로 - 기타,화물,남,55세,경상,화물,남,60세,중상
2016122000100579,2016년 12월 20일 20시,화요일,광주광역시 서구 쌍촌동,경상사고,0,0,1,0,차대차 - 기타,안전거리미확보,건조,맑음,단일로 - 기타,화물,남,74세,상해없음,원동기,남,41세,경상
2016122000100619,2016년 12월 20일 21시,화요일,광주광역시 광산구 신창동,중상사고,0,1,0,0,차대차 - 측면직각충돌,안전거리미확보,건조,맑음,단일로 - 기타,승용,남,35세,상해없음,이륜,남,18세,중상